entity_type	entity_id	study_id	bioproject	reason	metric	threshold	decision	source
run	SRR33614750	colombia_routes_wgs_2025	PRJNA1264670	WGS is outside Phase I bacterial 16S amplicon scope	whole_metagenome_shotgun	Phase I bacterial 16S fermentation time-series	exclude	https://www.ebi.ac.uk/ena/browser/view/PRJNA1264670
run	SRR33614751	colombia_routes_wgs_2025	PRJNA1264670	WGS is outside Phase I bacterial 16S amplicon scope	whole_metagenome_shotgun	Phase I bacterial 16S fermentation time-series	exclude	https://www.ebi.ac.uk/ena/browser/view/PRJNA1264670
run	SRR33614752	colombia_routes_wgs_2025	PRJNA1264670	WGS is outside Phase I bacterial 16S amplicon scope	whole_metagenome_shotgun	Phase I bacterial 16S fermentation time-series	exclude	https://www.ebi.ac.uk/ena/browser/view/PRJNA1264670
run	SRR33614753	colombia_routes_wgs_2025	PRJNA1264670	WGS is outside Phase I bacterial 16S amplicon scope	whole_metagenome_shotgun	Phase I bacterial 16S fermentation time-series	exclude	https://www.ebi.ac.uk/ena/browser/view/PRJNA1264670
run	SRR33614754	colombia_routes_wgs_2025	PRJNA1264670	WGS is outside Phase I bacterial 16S amplicon scope	whole_metagenome_shotgun	Phase I bacterial 16S fermentation time-series	exclude	https://www.ebi.ac.uk/ena/browser/view/PRJNA1264670
run	SRR33614755	colombia_routes_wgs_2025	PRJNA1264670	WGS is outside Phase I bacterial 16S amplicon scope	whole_metagenome_shotgun	Phase I bacterial 16S fermentation time-series	exclude	https://www.ebi.ac.uk/ena/browser/view/PRJNA1264670
run	SRR33614756	colombia_routes_wgs_2025	PRJNA1264670	WGS is outside Phase I bacterial 16S amplicon scope	whole_metagenome_shotgun	Phase I bacterial 16S fermentation time-series	exclude	https://www.ebi.ac.uk/ena/browser/view/PRJNA1264670
run	SRR33614757	colombia_routes_wgs_2025	PRJNA1264670	WGS is outside Phase I bacterial 16S amplicon scope	whole_metagenome_shotgun	Phase I bacterial 16S fermentation time-series	exclude	https://www.ebi.ac.uk/ena/browser/view/PRJNA1264670
run	SRR33614758	colombia_routes_wgs_2025	PRJNA1264670	WGS is outside Phase I bacterial 16S amplicon scope	whole_metagenome_shotgun	Phase I bacterial 16S fermentation time-series	exclude	https://www.ebi.ac.uk/ena/browser/view/PRJNA1264670
run	SRR33402021	ecuador_cacao_wgs_2025	PRJNA1257864	WGS is outside Phase I bacterial 16S amplicon scope	whole_metagenome_shotgun	Phase I bacterial 16S fermentation time-series	exclude	https://www.ebi.ac.uk/ena/browser/view/PRJNA1257864
run	SRR33402022	ecuador_cacao_wgs_2025	PRJNA1257864	WGS is outside Phase I bacterial 16S amplicon scope	whole_metagenome_shotgun	Phase I bacterial 16S fermentation time-series	exclude	https://www.ebi.ac.uk/ena/browser/view/PRJNA1257864
run	SRR33402023	ecuador_cacao_wgs_2025	PRJNA1257864	WGS is outside Phase I bacterial 16S amplicon scope	whole_metagenome_shotgun	Phase I bacterial 16S fermentation time-series	exclude	https://www.ebi.ac.uk/ena/browser/view/PRJNA1257864
run	SRR33402024	ecuador_cacao_wgs_2025	PRJNA1257864	WGS is outside Phase I bacterial 16S amplicon scope	whole_metagenome_shotgun	Phase I bacterial 16S fermentation time-series	exclude	https://www.ebi.ac.uk/ena/browser/view/PRJNA1257864
run	SRR33402025	ecuador_cacao_wgs_2025	PRJNA1257864	WGS is outside Phase I bacterial 16S amplicon scope	whole_metagenome_shotgun	Phase I bacterial 16S fermentation time-series	exclude	https://www.ebi.ac.uk/ena/browser/view/PRJNA1257864
run	SRR33404307	ecuador_cacao_wgs_2025	PRJNA1257864	WGS is outside Phase I bacterial 16S amplicon scope	whole_metagenome_shotgun	Phase I bacterial 16S fermentation time-series	exclude	https://www.ebi.ac.uk/ena/browser/view/PRJNA1257864
run	SRR33404308	ecuador_cacao_wgs_2025	PRJNA1257864	WGS is outside Phase I bacterial 16S amplicon scope	whole_metagenome_shotgun	Phase I bacterial 16S fermentation time-series	exclude	https://www.ebi.ac.uk/ena/browser/view/PRJNA1257864
run	SRR33404309	ecuador_cacao_wgs_2025	PRJNA1257864	WGS is outside Phase I bacterial 16S amplicon scope	whole_metagenome_shotgun	Phase I bacterial 16S fermentation time-series	exclude	https://www.ebi.ac.uk/ena/browser/view/PRJNA1257864
run	SRR33404310	ecuador_cacao_wgs_2025	PRJNA1257864	WGS is outside Phase I bacterial 16S amplicon scope	whole_metagenome_shotgun	Phase I bacterial 16S fermentation time-series	exclude	https://www.ebi.ac.uk/ena/browser/view/PRJNA1257864
run	SRR33404311	ecuador_cacao_wgs_2025	PRJNA1257864	WGS is outside Phase I bacterial 16S amplicon scope	whole_metagenome_shotgun	Phase I bacterial 16S fermentation time-series	exclude	https://www.ebi.ac.uk/ena/browser/view/PRJNA1257864
run	SRR28794164	gopaulchan_2025_defined_community	PRJNA1104253	Run does not match the configured, verified bacterial 16S subset	not_verified_16s_subset	Phase I bacterial 16S fermentation time-series	exclude	https://www.ebi.ac.uk/ena/browser/view/PRJNA1104253
run	SRR28794172	gopaulchan_2025_defined_community	PRJNA1104253	Run does not match the configured, verified bacterial 16S subset	not_verified_16s_subset	Phase I bacterial 16S fermentation time-series	exclude	https://www.ebi.ac.uk/ena/browser/view/PRJNA1104253
run	SRR28794182	gopaulchan_2025_defined_community	PRJNA1104253	Run does not match the configured, verified bacterial 16S subset	not_verified_16s_subset	Phase I bacterial 16S fermentation time-series	exclude	https://www.ebi.ac.uk/ena/browser/view/PRJNA1104253
run	SRR28794183	gopaulchan_2025_defined_community	PRJNA1104253	Run does not match the configured, verified bacterial 16S subset	not_verified_16s_subset	Phase I bacterial 16S fermentation time-series	exclude	https://www.ebi.ac.uk/ena/browser/view/PRJNA1104253
run	SRR28794184	gopaulchan_2025_defined_community	PRJNA1104253	Run does not match the configured, verified bacterial 16S subset	not_verified_16s_subset	Phase I bacterial 16S fermentation time-series	exclude	https://www.ebi.ac.uk/ena/browser/view/PRJNA1104253
run	SRR28794185	gopaulchan_2025_defined_community	PRJNA1104253	Run does not match the configured, verified bacterial 16S subset	not_verified_16s_subset	Phase I bacterial 16S fermentation time-series	exclude	https://www.ebi.ac.uk/ena/browser/view/PRJNA1104253
run	SRR28794186	gopaulchan_2025_defined_community	PRJNA1104253	Run does not match the configured, verified bacterial 16S subset	not_verified_16s_subset	Phase I bacterial 16S fermentation time-series	exclude	https://www.ebi.ac.uk/ena/browser/view/PRJNA1104253
run	SRR28794187	gopaulchan_2025_defined_community	PRJNA1104253	Run does not match the configured, verified bacterial 16S subset	not_verified_16s_subset	Phase I bacterial 16S fermentation time-series	exclude	https://www.ebi.ac.uk/ena/browser/view/PRJNA1104253
run	SRR28794188	gopaulchan_2025_defined_community	PRJNA1104253	Run does not match the configured, verified bacterial 16S subset	not_verified_16s_subset	Phase I bacterial 16S fermentation time-series	exclude	https://www.ebi.ac.uk/ena/browser/view/PRJNA1104253
run	SRR28794189	gopaulchan_2025_defined_community	PRJNA1104253	Run does not match the configured, verified bacterial 16S subset	not_verified_16s_subset	Phase I bacterial 16S fermentation time-series	exclude	https://www.ebi.ac.uk/ena/browser/view/PRJNA1104253
run	SRR28794190	gopaulchan_2025_defined_community	PRJNA1104253	Run does not match the configured, verified bacterial 16S subset	not_verified_16s_subset	Phase I bacterial 16S fermentation time-series	exclude	https://www.ebi.ac.uk/ena/browser/view/PRJNA1104253
run	SRR28794191	gopaulchan_2025_defined_community	PRJNA1104253	Run does not match the configured, verified bacterial 16S subset	not_verified_16s_subset	Phase I bacterial 16S fermentation time-series	exclude	https://www.ebi.ac.uk/ena/browser/view/PRJNA1104253
run	SRR28794192	gopaulchan_2025_defined_community	PRJNA1104253	Run does not match the configured, verified bacterial 16S subset	not_verified_16s_subset	Phase I bacterial 16S fermentation time-series	exclude	https://www.ebi.ac.uk/ena/browser/view/PRJNA1104253
run	SRR28794193	gopaulchan_2025_defined_community	PRJNA1104253	Run does not match the configured, verified bacterial 16S subset	not_verified_16s_subset	Phase I bacterial 16S fermentation time-series	exclude	https://www.ebi.ac.uk/ena/browser/view/PRJNA1104253
run	SRR28794194	gopaulchan_2025_defined_community	PRJNA1104253	Run does not match the configured, verified bacterial 16S subset	not_verified_16s_subset	Phase I bacterial 16S fermentation time-series	exclude	https://www.ebi.ac.uk/ena/browser/view/PRJNA1104253
run	SRR28794195	gopaulchan_2025_defined_community	PRJNA1104253	Run does not match the configured, verified bacterial 16S subset	not_verified_16s_subset	Phase I bacterial 16S fermentation time-series	exclude	https://www.ebi.ac.uk/ena/browser/view/PRJNA1104253
run	SRR28815566	gopaulchan_2025_defined_community	PRJNA1104253	ITS/fungal run is outside bacterial 16S scope	non_bacterial_marker	Phase I bacterial 16S fermentation time-series	exclude	https://www.ebi.ac.uk/ena/browser/view/PRJNA1104253
run	SRR28815567	gopaulchan_2025_defined_community	PRJNA1104253	ITS/fungal run is outside bacterial 16S scope	non_bacterial_marker	Phase I bacterial 16S fermentation time-series	exclude	https://www.ebi.ac.uk/ena/browser/view/PRJNA1104253
run	SRR28815568	gopaulchan_2025_defined_community	PRJNA1104253	ITS/fungal run is outside bacterial 16S scope	non_bacterial_marker	Phase I bacterial 16S fermentation time-series	exclude	https://www.ebi.ac.uk/ena/browser/view/PRJNA1104253
run	SRR28815569	gopaulchan_2025_defined_community	PRJNA1104253	ITS/fungal run is outside bacterial 16S scope	non_bacterial_marker	Phase I bacterial 16S fermentation time-series	exclude	https://www.ebi.ac.uk/ena/browser/view/PRJNA1104253
run	SRR28815570	gopaulchan_2025_defined_community	PRJNA1104253	ITS/fungal run is outside bacterial 16S scope	non_bacterial_marker	Phase I bacterial 16S fermentation time-series	exclude	https://www.ebi.ac.uk/ena/browser/view/PRJNA1104253
run	SRR28815571	gopaulchan_2025_defined_community	PRJNA1104253	ITS/fungal run is outside bacterial 16S scope	non_bacterial_marker	Phase I bacterial 16S fermentation time-series	exclude	https://www.ebi.ac.uk/ena/browser/view/PRJNA1104253
run	SRR28815572	gopaulchan_2025_defined_community	PRJNA1104253	ITS/fungal run is outside bacterial 16S scope	non_bacterial_marker	Phase I bacterial 16S fermentation time-series	exclude	https://www.ebi.ac.uk/ena/browser/view/PRJNA1104253
run	SRR28815573	gopaulchan_2025_defined_community	PRJNA1104253	ITS/fungal run is outside bacterial 16S scope	non_bacterial_marker	Phase I bacterial 16S fermentation time-series	exclude	https://www.ebi.ac.uk/ena/browser/view/PRJNA1104253
run	SRR28815574	gopaulchan_2025_defined_community	PRJNA1104253	ITS/fungal run is outside bacterial 16S scope	non_bacterial_marker	Phase I bacterial 16S fermentation time-series	exclude	https://www.ebi.ac.uk/ena/browser/view/PRJNA1104253
run	SRR28815575	gopaulchan_2025_defined_community	PRJNA1104253	ITS/fungal run is outside bacterial 16S scope	non_bacterial_marker	Phase I bacterial 16S fermentation time-series	exclude	https://www.ebi.ac.uk/ena/browser/view/PRJNA1104253
run	SRR28815576	gopaulchan_2025_defined_community	PRJNA1104253	ITS/fungal run is outside bacterial 16S scope	non_bacterial_marker	Phase I bacterial 16S fermentation time-series	exclude	https://www.ebi.ac.uk/ena/browser/view/PRJNA1104253
run	SRR28815577	gopaulchan_2025_defined_community	PRJNA1104253	ITS/fungal run is outside bacterial 16S scope	non_bacterial_marker	Phase I bacterial 16S fermentation time-series	exclude	https://www.ebi.ac.uk/ena/browser/view/PRJNA1104253
run	SRR28815578	gopaulchan_2025_defined_community	PRJNA1104253	ITS/fungal run is outside bacterial 16S scope	non_bacterial_marker	Phase I bacterial 16S fermentation time-series	exclude	https://www.ebi.ac.uk/ena/browser/view/PRJNA1104253
run	SRR28815579	gopaulchan_2025_defined_community	PRJNA1104253	ITS/fungal run is outside bacterial 16S scope	non_bacterial_marker	Phase I bacterial 16S fermentation time-series	exclude	https://www.ebi.ac.uk/ena/browser/view/PRJNA1104253
run	SRR28815580	gopaulchan_2025_defined_community	PRJNA1104253	ITS/fungal run is outside bacterial 16S scope	non_bacterial_marker	Phase I bacterial 16S fermentation time-series	exclude	https://www.ebi.ac.uk/ena/browser/view/PRJNA1104253
run	SRR28815581	gopaulchan_2025_defined_community	PRJNA1104253	ITS/fungal run is outside bacterial 16S scope	non_bacterial_marker	Phase I bacterial 16S fermentation time-series	exclude	https://www.ebi.ac.uk/ena/browser/view/PRJNA1104253
run	SRR28815582	gopaulchan_2025_defined_community	PRJNA1104253	ITS/fungal run is outside bacterial 16S scope	non_bacterial_marker	Phase I bacterial 16S fermentation time-series	exclude	https://www.ebi.ac.uk/ena/browser/view/PRJNA1104253
run	SRR28815583	gopaulchan_2025_defined_community	PRJNA1104253	ITS/fungal run is outside bacterial 16S scope	non_bacterial_marker	Phase I bacterial 16S fermentation time-series	exclude	https://www.ebi.ac.uk/ena/browser/view/PRJNA1104253
run	SRR28815584	gopaulchan_2025_defined_community	PRJNA1104253	ITS/fungal run is outside bacterial 16S scope	non_bacterial_marker	Phase I bacterial 16S fermentation time-series	exclude	https://www.ebi.ac.uk/ena/browser/view/PRJNA1104253
run	SRR28815585	gopaulchan_2025_defined_community	PRJNA1104253	ITS/fungal run is outside bacterial 16S scope	non_bacterial_marker	Phase I bacterial 16S fermentation time-series	exclude	https://www.ebi.ac.uk/ena/browser/view/PRJNA1104253
run	SRR28815586	gopaulchan_2025_defined_community	PRJNA1104253	ITS/fungal run is outside bacterial 16S scope	non_bacterial_marker	Phase I bacterial 16S fermentation time-series	exclude	https://www.ebi.ac.uk/ena/browser/view/PRJNA1104253
run	SRR28815587	gopaulchan_2025_defined_community	PRJNA1104253	ITS/fungal run is outside bacterial 16S scope	non_bacterial_marker	Phase I bacterial 16S fermentation time-series	exclude	https://www.ebi.ac.uk/ena/browser/view/PRJNA1104253
run	SRR28819962	gopaulchan_2025_defined_community	PRJNA1104253	WGS is outside Phase I bacterial 16S amplicon scope	whole_metagenome_shotgun	Phase I bacterial 16S fermentation time-series	exclude	https://www.ebi.ac.uk/ena/browser/view/PRJNA1104253
run	SRR28819963	gopaulchan_2025_defined_community	PRJNA1104253	WGS is outside Phase I bacterial 16S amplicon scope	whole_metagenome_shotgun	Phase I bacterial 16S fermentation time-series	exclude	https://www.ebi.ac.uk/ena/browser/view/PRJNA1104253
run	SRR28819964	gopaulchan_2025_defined_community	PRJNA1104253	WGS is outside Phase I bacterial 16S amplicon scope	whole_metagenome_shotgun	Phase I bacterial 16S fermentation time-series	exclude	https://www.ebi.ac.uk/ena/browser/view/PRJNA1104253
run	SRR28819965	gopaulchan_2025_defined_community	PRJNA1104253	WGS is outside Phase I bacterial 16S amplicon scope	whole_metagenome_shotgun	Phase I bacterial 16S fermentation time-series	exclude	https://www.ebi.ac.uk/ena/browser/view/PRJNA1104253
run	SRR28819966	gopaulchan_2025_defined_community	PRJNA1104253	WGS is outside Phase I bacterial 16S amplicon scope	whole_metagenome_shotgun	Phase I bacterial 16S fermentation time-series	exclude	https://www.ebi.ac.uk/ena/browser/view/PRJNA1104253
run	SRR28819967	gopaulchan_2025_defined_community	PRJNA1104253	WGS is outside Phase I bacterial 16S amplicon scope	whole_metagenome_shotgun	Phase I bacterial 16S fermentation time-series	exclude	https://www.ebi.ac.uk/ena/browser/view/PRJNA1104253
run	SRR28819968	gopaulchan_2025_defined_community	PRJNA1104253	WGS is outside Phase I bacterial 16S amplicon scope	whole_metagenome_shotgun	Phase I bacterial 16S fermentation time-series	exclude	https://www.ebi.ac.uk/ena/browser/view/PRJNA1104253
run	SRR28819969	gopaulchan_2025_defined_community	PRJNA1104253	WGS is outside Phase I bacterial 16S amplicon scope	whole_metagenome_shotgun	Phase I bacterial 16S fermentation time-series	exclude	https://www.ebi.ac.uk/ena/browser/view/PRJNA1104253
run	SRR28819970	gopaulchan_2025_defined_community	PRJNA1104253	WGS is outside Phase I bacterial 16S amplicon scope	whole_metagenome_shotgun	Phase I bacterial 16S fermentation time-series	exclude	https://www.ebi.ac.uk/ena/browser/view/PRJNA1104253
run	SRR28819971	gopaulchan_2025_defined_community	PRJNA1104253	WGS is outside Phase I bacterial 16S amplicon scope	whole_metagenome_shotgun	Phase I bacterial 16S fermentation time-series	exclude	https://www.ebi.ac.uk/ena/browser/view/PRJNA1104253
run	SRR28819972	gopaulchan_2025_defined_community	PRJNA1104253	WGS is outside Phase I bacterial 16S amplicon scope	whole_metagenome_shotgun	Phase I bacterial 16S fermentation time-series	exclude	https://www.ebi.ac.uk/ena/browser/view/PRJNA1104253
run	SRR28819973	gopaulchan_2025_defined_community	PRJNA1104253	WGS is outside Phase I bacterial 16S amplicon scope	whole_metagenome_shotgun	Phase I bacterial 16S fermentation time-series	exclude	https://www.ebi.ac.uk/ena/browser/view/PRJNA1104253
run	SRR28819974	gopaulchan_2025_defined_community	PRJNA1104253	WGS is outside Phase I bacterial 16S amplicon scope	whole_metagenome_shotgun	Phase I bacterial 16S fermentation time-series	exclude	https://www.ebi.ac.uk/ena/browser/view/PRJNA1104253
run	SRR28819975	gopaulchan_2025_defined_community	PRJNA1104253	WGS is outside Phase I bacterial 16S amplicon scope	whole_metagenome_shotgun	Phase I bacterial 16S fermentation time-series	exclude	https://www.ebi.ac.uk/ena/browser/view/PRJNA1104253
run	SRR28819976	gopaulchan_2025_defined_community	PRJNA1104253	WGS is outside Phase I bacterial 16S amplicon scope	whole_metagenome_shotgun	Phase I bacterial 16S fermentation time-series	exclude	https://www.ebi.ac.uk/ena/browser/view/PRJNA1104253
run	SRR28819977	gopaulchan_2025_defined_community	PRJNA1104253	WGS is outside Phase I bacterial 16S amplicon scope	whole_metagenome_shotgun	Phase I bacterial 16S fermentation time-series	exclude	https://www.ebi.ac.uk/ena/browser/view/PRJNA1104253
run	SRR28819978	gopaulchan_2025_defined_community	PRJNA1104253	WGS is outside Phase I bacterial 16S amplicon scope	whole_metagenome_shotgun	Phase I bacterial 16S fermentation time-series	exclude	https://www.ebi.ac.uk/ena/browser/view/PRJNA1104253
run	SRR28819979	gopaulchan_2025_defined_community	PRJNA1104253	WGS is outside Phase I bacterial 16S amplicon scope	whole_metagenome_shotgun	Phase I bacterial 16S fermentation time-series	exclude	https://www.ebi.ac.uk/ena/browser/view/PRJNA1104253
run	SRR28819980	gopaulchan_2025_defined_community	PRJNA1104253	WGS is outside Phase I bacterial 16S amplicon scope	whole_metagenome_shotgun	Phase I bacterial 16S fermentation time-series	exclude	https://www.ebi.ac.uk/ena/browser/view/PRJNA1104253
run	SRR28819981	gopaulchan_2025_defined_community	PRJNA1104253	WGS is outside Phase I bacterial 16S amplicon scope	whole_metagenome_shotgun	Phase I bacterial 16S fermentation time-series	exclude	https://www.ebi.ac.uk/ena/browser/view/PRJNA1104253
run	SRR28819982	gopaulchan_2025_defined_community	PRJNA1104253	WGS is outside Phase I bacterial 16S amplicon scope	whole_metagenome_shotgun	Phase I bacterial 16S fermentation time-series	exclude	https://www.ebi.ac.uk/ena/browser/view/PRJNA1104253
run	SRR28819983	gopaulchan_2025_defined_community	PRJNA1104253	WGS is outside Phase I bacterial 16S amplicon scope	whole_metagenome_shotgun	Phase I bacterial 16S fermentation time-series	exclude	https://www.ebi.ac.uk/ena/browser/view/PRJNA1104253
run	SRR28819984	gopaulchan_2025_defined_community	PRJNA1104253	WGS is outside Phase I bacterial 16S amplicon scope	whole_metagenome_shotgun	Phase I bacterial 16S fermentation time-series	exclude	https://www.ebi.ac.uk/ena/browser/view/PRJNA1104253
run	SRR28819985	gopaulchan_2025_defined_community	PRJNA1104253	WGS is outside Phase I bacterial 16S amplicon scope	whole_metagenome_shotgun	Phase I bacterial 16S fermentation time-series	exclude	https://www.ebi.ac.uk/ena/browser/view/PRJNA1104253
run	SRR28819986	gopaulchan_2025_defined_community	PRJNA1104253	WGS is outside Phase I bacterial 16S amplicon scope	whole_metagenome_shotgun	Phase I bacterial 16S fermentation time-series	exclude	https://www.ebi.ac.uk/ena/browser/view/PRJNA1104253
run	SRR28819987	gopaulchan_2025_defined_community	PRJNA1104253	WGS is outside Phase I bacterial 16S amplicon scope	whole_metagenome_shotgun	Phase I bacterial 16S fermentation time-series	exclude	https://www.ebi.ac.uk/ena/browser/view/PRJNA1104253
run	SRR28819988	gopaulchan_2025_defined_community	PRJNA1104253	WGS is outside Phase I bacterial 16S amplicon scope	whole_metagenome_shotgun	Phase I bacterial 16S fermentation time-series	exclude	https://www.ebi.ac.uk/ena/browser/view/PRJNA1104253
run	SRR28819989	gopaulchan_2025_defined_community	PRJNA1104253	WGS is outside Phase I bacterial 16S amplicon scope	whole_metagenome_shotgun	Phase I bacterial 16S fermentation time-series	exclude	https://www.ebi.ac.uk/ena/browser/view/PRJNA1104253
run	SRR28819990	gopaulchan_2025_defined_community	PRJNA1104253	WGS is outside Phase I bacterial 16S amplicon scope	whole_metagenome_shotgun	Phase I bacterial 16S fermentation time-series	exclude	https://www.ebi.ac.uk/ena/browser/view/PRJNA1104253
run	SRR28819991	gopaulchan_2025_defined_community	PRJNA1104253	WGS is outside Phase I bacterial 16S amplicon scope	whole_metagenome_shotgun	Phase I bacterial 16S fermentation time-series	exclude	https://www.ebi.ac.uk/ena/browser/view/PRJNA1104253
run	SRR28819992	gopaulchan_2025_defined_community	PRJNA1104253	WGS is outside Phase I bacterial 16S amplicon scope	whole_metagenome_shotgun	Phase I bacterial 16S fermentation time-series	exclude	https://www.ebi.ac.uk/ena/browser/view/PRJNA1104253
run	SRR28819993	gopaulchan_2025_defined_community	PRJNA1104253	WGS is outside Phase I bacterial 16S amplicon scope	whole_metagenome_shotgun	Phase I bacterial 16S fermentation time-series	exclude	https://www.ebi.ac.uk/ena/browser/view/PRJNA1104253
run	SRR28819994	gopaulchan_2025_defined_community	PRJNA1104253	WGS is outside Phase I bacterial 16S amplicon scope	whole_metagenome_shotgun	Phase I bacterial 16S fermentation time-series	exclude	https://www.ebi.ac.uk/ena/browser/view/PRJNA1104253
run	SRR28819995	gopaulchan_2025_defined_community	PRJNA1104253	WGS is outside Phase I bacterial 16S amplicon scope	whole_metagenome_shotgun	Phase I bacterial 16S fermentation time-series	exclude	https://www.ebi.ac.uk/ena/browser/view/PRJNA1104253
run	SRR28819996	gopaulchan_2025_defined_community	PRJNA1104253	WGS is outside Phase I bacterial 16S amplicon scope	whole_metagenome_shotgun	Phase I bacterial 16S fermentation time-series	exclude	https://www.ebi.ac.uk/ena/browser/view/PRJNA1104253
run	SRR28819997	gopaulchan_2025_defined_community	PRJNA1104253	WGS is outside Phase I bacterial 16S amplicon scope	whole_metagenome_shotgun	Phase I bacterial 16S fermentation time-series	exclude	https://www.ebi.ac.uk/ena/browser/view/PRJNA1104253
run	SRR28819998	gopaulchan_2025_defined_community	PRJNA1104253	WGS is outside Phase I bacterial 16S amplicon scope	whole_metagenome_shotgun	Phase I bacterial 16S fermentation time-series	exclude	https://www.ebi.ac.uk/ena/browser/view/PRJNA1104253
run	SRR28819999	gopaulchan_2025_defined_community	PRJNA1104253	WGS is outside Phase I bacterial 16S amplicon scope	whole_metagenome_shotgun	Phase I bacterial 16S fermentation time-series	exclude	https://www.ebi.ac.uk/ena/browser/view/PRJNA1104253
run	SRR28820000	gopaulchan_2025_defined_community	PRJNA1104253	WGS is outside Phase I bacterial 16S amplicon scope	whole_metagenome_shotgun	Phase I bacterial 16S fermentation time-series	exclude	https://www.ebi.ac.uk/ena/browser/view/PRJNA1104253
run	SRR28820001	gopaulchan_2025_defined_community	PRJNA1104253	WGS is outside Phase I bacterial 16S amplicon scope	whole_metagenome_shotgun	Phase I bacterial 16S fermentation time-series	exclude	https://www.ebi.ac.uk/ena/browser/view/PRJNA1104253
run	SRR28820002	gopaulchan_2025_defined_community	PRJNA1104253	WGS is outside Phase I bacterial 16S amplicon scope	whole_metagenome_shotgun	Phase I bacterial 16S fermentation time-series	exclude	https://www.ebi.ac.uk/ena/browser/view/PRJNA1104253
run	SRR28820003	gopaulchan_2025_defined_community	PRJNA1104253	WGS is outside Phase I bacterial 16S amplicon scope	whole_metagenome_shotgun	Phase I bacterial 16S fermentation time-series	exclude	https://www.ebi.ac.uk/ena/browser/view/PRJNA1104253
run	SRR28820004	gopaulchan_2025_defined_community	PRJNA1104253	WGS is outside Phase I bacterial 16S amplicon scope	whole_metagenome_shotgun	Phase I bacterial 16S fermentation time-series	exclude	https://www.ebi.ac.uk/ena/browser/view/PRJNA1104253
run	SRR28820005	gopaulchan_2025_defined_community	PRJNA1104253	WGS is outside Phase I bacterial 16S amplicon scope	whole_metagenome_shotgun	Phase I bacterial 16S fermentation time-series	exclude	https://www.ebi.ac.uk/ena/browser/view/PRJNA1104253
run	SRR28820006	gopaulchan_2025_defined_community	PRJNA1104253	WGS is outside Phase I bacterial 16S amplicon scope	whole_metagenome_shotgun	Phase I bacterial 16S fermentation time-series	exclude	https://www.ebi.ac.uk/ena/browser/view/PRJNA1104253
run	SRR28820007	gopaulchan_2025_defined_community	PRJNA1104253	WGS is outside Phase I bacterial 16S amplicon scope	whole_metagenome_shotgun	Phase I bacterial 16S fermentation time-series	exclude	https://www.ebi.ac.uk/ena/browser/view/PRJNA1104253
run	SRR28820008	gopaulchan_2025_defined_community	PRJNA1104253	WGS is outside Phase I bacterial 16S amplicon scope	whole_metagenome_shotgun	Phase I bacterial 16S fermentation time-series	exclude	https://www.ebi.ac.uk/ena/browser/view/PRJNA1104253
run	SRR28820009	gopaulchan_2025_defined_community	PRJNA1104253	WGS is outside Phase I bacterial 16S amplicon scope	whole_metagenome_shotgun	Phase I bacterial 16S fermentation time-series	exclude	https://www.ebi.ac.uk/ena/browser/view/PRJNA1104253
run	SRR28820010	gopaulchan_2025_defined_community	PRJNA1104253	WGS is outside Phase I bacterial 16S amplicon scope	whole_metagenome_shotgun	Phase I bacterial 16S fermentation time-series	exclude	https://www.ebi.ac.uk/ena/browser/view/PRJNA1104253
run	SRR28820011	gopaulchan_2025_defined_community	PRJNA1104253	WGS is outside Phase I bacterial 16S amplicon scope	whole_metagenome_shotgun	Phase I bacterial 16S fermentation time-series	exclude	https://www.ebi.ac.uk/ena/browser/view/PRJNA1104253
run	SRR28820012	gopaulchan_2025_defined_community	PRJNA1104253	WGS is outside Phase I bacterial 16S amplicon scope	whole_metagenome_shotgun	Phase I bacterial 16S fermentation time-series	exclude	https://www.ebi.ac.uk/ena/browser/view/PRJNA1104253
run	SRR28820013	gopaulchan_2025_defined_community	PRJNA1104253	WGS is outside Phase I bacterial 16S amplicon scope	whole_metagenome_shotgun	Phase I bacterial 16S fermentation time-series	exclude	https://www.ebi.ac.uk/ena/browser/view/PRJNA1104253
run	SRR28820014	gopaulchan_2025_defined_community	PRJNA1104253	WGS is outside Phase I bacterial 16S amplicon scope	whole_metagenome_shotgun	Phase I bacterial 16S fermentation time-series	exclude	https://www.ebi.ac.uk/ena/browser/view/PRJNA1104253
run	SRR28820015	gopaulchan_2025_defined_community	PRJNA1104253	WGS is outside Phase I bacterial 16S amplicon scope	whole_metagenome_shotgun	Phase I bacterial 16S fermentation time-series	exclude	https://www.ebi.ac.uk/ena/browser/view/PRJNA1104253
run	SRR28820016	gopaulchan_2025_defined_community	PRJNA1104253	WGS is outside Phase I bacterial 16S amplicon scope	whole_metagenome_shotgun	Phase I bacterial 16S fermentation time-series	exclude	https://www.ebi.ac.uk/ena/browser/view/PRJNA1104253
run	SRR28820017	gopaulchan_2025_defined_community	PRJNA1104253	WGS is outside Phase I bacterial 16S amplicon scope	whole_metagenome_shotgun	Phase I bacterial 16S fermentation time-series	exclude	https://www.ebi.ac.uk/ena/browser/view/PRJNA1104253
run	SRR28820018	gopaulchan_2025_defined_community	PRJNA1104253	WGS is outside Phase I bacterial 16S amplicon scope	whole_metagenome_shotgun	Phase I bacterial 16S fermentation time-series	exclude	https://www.ebi.ac.uk/ena/browser/view/PRJNA1104253
run	SRR28820019	gopaulchan_2025_defined_community	PRJNA1104253	WGS is outside Phase I bacterial 16S amplicon scope	whole_metagenome_shotgun	Phase I bacterial 16S fermentation time-series	exclude	https://www.ebi.ac.uk/ena/browser/view/PRJNA1104253
run	SRR28820020	gopaulchan_2025_defined_community	PRJNA1104253	WGS is outside Phase I bacterial 16S amplicon scope	whole_metagenome_shotgun	Phase I bacterial 16S fermentation time-series	exclude	https://www.ebi.ac.uk/ena/browser/view/PRJNA1104253
run	SRR28820021	gopaulchan_2025_defined_community	PRJNA1104253	WGS is outside Phase I bacterial 16S amplicon scope	whole_metagenome_shotgun	Phase I bacterial 16S fermentation time-series	exclude	https://www.ebi.ac.uk/ena/browser/view/PRJNA1104253
run	SRR28820022	gopaulchan_2025_defined_community	PRJNA1104253	WGS is outside Phase I bacterial 16S amplicon scope	whole_metagenome_shotgun	Phase I bacterial 16S fermentation time-series	exclude	https://www.ebi.ac.uk/ena/browser/view/PRJNA1104253
run	SRR28820023	gopaulchan_2025_defined_community	PRJNA1104253	WGS is outside Phase I bacterial 16S amplicon scope	whole_metagenome_shotgun	Phase I bacterial 16S fermentation time-series	exclude	https://www.ebi.ac.uk/ena/browser/view/PRJNA1104253
run	SRR28820024	gopaulchan_2025_defined_community	PRJNA1104253	WGS is outside Phase I bacterial 16S amplicon scope	whole_metagenome_shotgun	Phase I bacterial 16S fermentation time-series	exclude	https://www.ebi.ac.uk/ena/browser/view/PRJNA1104253
run	SRR28820025	gopaulchan_2025_defined_community	PRJNA1104253	WGS is outside Phase I bacterial 16S amplicon scope	whole_metagenome_shotgun	Phase I bacterial 16S fermentation time-series	exclude	https://www.ebi.ac.uk/ena/browser/view/PRJNA1104253
run	SRR28820026	gopaulchan_2025_defined_community	PRJNA1104253	WGS is outside Phase I bacterial 16S amplicon scope	whole_metagenome_shotgun	Phase I bacterial 16S fermentation time-series	exclude	https://www.ebi.ac.uk/ena/browser/view/PRJNA1104253
run	SRR28820027	gopaulchan_2025_defined_community	PRJNA1104253	WGS is outside Phase I bacterial 16S amplicon scope	whole_metagenome_shotgun	Phase I bacterial 16S fermentation time-series	exclude	https://www.ebi.ac.uk/ena/browser/view/PRJNA1104253
run	SRR28820028	gopaulchan_2025_defined_community	PRJNA1104253	WGS is outside Phase I bacterial 16S amplicon scope	whole_metagenome_shotgun	Phase I bacterial 16S fermentation time-series	exclude	https://www.ebi.ac.uk/ena/browser/view/PRJNA1104253
run	SRR28820029	gopaulchan_2025_defined_community	PRJNA1104253	WGS is outside Phase I bacterial 16S amplicon scope	whole_metagenome_shotgun	Phase I bacterial 16S fermentation time-series	exclude	https://www.ebi.ac.uk/ena/browser/view/PRJNA1104253
run	SRR28820030	gopaulchan_2025_defined_community	PRJNA1104253	WGS is outside Phase I bacterial 16S amplicon scope	whole_metagenome_shotgun	Phase I bacterial 16S fermentation time-series	exclude	https://www.ebi.ac.uk/ena/browser/view/PRJNA1104253
run	SRR28820031	gopaulchan_2025_defined_community	PRJNA1104253	WGS is outside Phase I bacterial 16S amplicon scope	whole_metagenome_shotgun	Phase I bacterial 16S fermentation time-series	exclude	https://www.ebi.ac.uk/ena/browser/view/PRJNA1104253
run	SRR28820032	gopaulchan_2025_defined_community	PRJNA1104253	WGS is outside Phase I bacterial 16S amplicon scope	whole_metagenome_shotgun	Phase I bacterial 16S fermentation time-series	exclude	https://www.ebi.ac.uk/ena/browser/view/PRJNA1104253
run	SRR28820033	gopaulchan_2025_defined_community	PRJNA1104253	WGS is outside Phase I bacterial 16S amplicon scope	whole_metagenome_shotgun	Phase I bacterial 16S fermentation time-series	exclude	https://www.ebi.ac.uk/ena/browser/view/PRJNA1104253
run	SRR28820034	gopaulchan_2025_defined_community	PRJNA1104253	WGS is outside Phase I bacterial 16S amplicon scope	whole_metagenome_shotgun	Phase I bacterial 16S fermentation time-series	exclude	https://www.ebi.ac.uk/ena/browser/view/PRJNA1104253
run	SRR28820035	gopaulchan_2025_defined_community	PRJNA1104253	WGS is outside Phase I bacterial 16S amplicon scope	whole_metagenome_shotgun	Phase I bacterial 16S fermentation time-series	exclude	https://www.ebi.ac.uk/ena/browser/view/PRJNA1104253
run	SRR28820036	gopaulchan_2025_defined_community	PRJNA1104253	WGS is outside Phase I bacterial 16S amplicon scope	whole_metagenome_shotgun	Phase I bacterial 16S fermentation time-series	exclude	https://www.ebi.ac.uk/ena/browser/view/PRJNA1104253
run	SRR28820037	gopaulchan_2025_defined_community	PRJNA1104253	WGS is outside Phase I bacterial 16S amplicon scope	whole_metagenome_shotgun	Phase I bacterial 16S fermentation time-series	exclude	https://www.ebi.ac.uk/ena/browser/view/PRJNA1104253
run	SRR28820038	gopaulchan_2025_defined_community	PRJNA1104253	WGS is outside Phase I bacterial 16S amplicon scope	whole_metagenome_shotgun	Phase I bacterial 16S fermentation time-series	exclude	https://www.ebi.ac.uk/ena/browser/view/PRJNA1104253
run	SRR28820039	gopaulchan_2025_defined_community	PRJNA1104253	WGS is outside Phase I bacterial 16S amplicon scope	whole_metagenome_shotgun	Phase I bacterial 16S fermentation time-series	exclude	https://www.ebi.ac.uk/ena/browser/view/PRJNA1104253
run	SRR28820040	gopaulchan_2025_defined_community	PRJNA1104253	WGS is outside Phase I bacterial 16S amplicon scope	whole_metagenome_shotgun	Phase I bacterial 16S fermentation time-series	exclude	https://www.ebi.ac.uk/ena/browser/view/PRJNA1104253
run	SRR28820041	gopaulchan_2025_defined_community	PRJNA1104253	WGS is outside Phase I bacterial 16S amplicon scope	whole_metagenome_shotgun	Phase I bacterial 16S fermentation time-series	exclude	https://www.ebi.ac.uk/ena/browser/view/PRJNA1104253
run	SRR28820042	gopaulchan_2025_defined_community	PRJNA1104253	WGS is outside Phase I bacterial 16S amplicon scope	whole_metagenome_shotgun	Phase I bacterial 16S fermentation time-series	exclude	https://www.ebi.ac.uk/ena/browser/view/PRJNA1104253
run	SRR28820043	gopaulchan_2025_defined_community	PRJNA1104253	WGS is outside Phase I bacterial 16S amplicon scope	whole_metagenome_shotgun	Phase I bacterial 16S fermentation time-series	exclude	https://www.ebi.ac.uk/ena/browser/view/PRJNA1104253
run	SRR28820044	gopaulchan_2025_defined_community	PRJNA1104253	WGS is outside Phase I bacterial 16S amplicon scope	whole_metagenome_shotgun	Phase I bacterial 16S fermentation time-series	exclude	https://www.ebi.ac.uk/ena/browser/view/PRJNA1104253
run	SRR28820045	gopaulchan_2025_defined_community	PRJNA1104253	WGS is outside Phase I bacterial 16S amplicon scope	whole_metagenome_shotgun	Phase I bacterial 16S fermentation time-series	exclude	https://www.ebi.ac.uk/ena/browser/view/PRJNA1104253
run	SRR28820046	gopaulchan_2025_defined_community	PRJNA1104253	WGS is outside Phase I bacterial 16S amplicon scope	whole_metagenome_shotgun	Phase I bacterial 16S fermentation time-series	exclude	https://www.ebi.ac.uk/ena/browser/view/PRJNA1104253
run	SRR28820047	gopaulchan_2025_defined_community	PRJNA1104253	WGS is outside Phase I bacterial 16S amplicon scope	whole_metagenome_shotgun	Phase I bacterial 16S fermentation time-series	exclude	https://www.ebi.ac.uk/ena/browser/view/PRJNA1104253
run	SRR28820048	gopaulchan_2025_defined_community	PRJNA1104253	WGS is outside Phase I bacterial 16S amplicon scope	whole_metagenome_shotgun	Phase I bacterial 16S fermentation time-series	exclude	https://www.ebi.ac.uk/ena/browser/view/PRJNA1104253
run	SRR28820049	gopaulchan_2025_defined_community	PRJNA1104253	WGS is outside Phase I bacterial 16S amplicon scope	whole_metagenome_shotgun	Phase I bacterial 16S fermentation time-series	exclude	https://www.ebi.ac.uk/ena/browser/view/PRJNA1104253
run	SRR28820050	gopaulchan_2025_defined_community	PRJNA1104253	WGS is outside Phase I bacterial 16S amplicon scope	whole_metagenome_shotgun	Phase I bacterial 16S fermentation time-series	exclude	https://www.ebi.ac.uk/ena/browser/view/PRJNA1104253
run	SRR28820051	gopaulchan_2025_defined_community	PRJNA1104253	WGS is outside Phase I bacterial 16S amplicon scope	whole_metagenome_shotgun	Phase I bacterial 16S fermentation time-series	exclude	https://www.ebi.ac.uk/ena/browser/view/PRJNA1104253
run	SRR28820052	gopaulchan_2025_defined_community	PRJNA1104253	WGS is outside Phase I bacterial 16S amplicon scope	whole_metagenome_shotgun	Phase I bacterial 16S fermentation time-series	exclude	https://www.ebi.ac.uk/ena/browser/view/PRJNA1104253
run	SRR28820053	gopaulchan_2025_defined_community	PRJNA1104253	WGS is outside Phase I bacterial 16S amplicon scope	whole_metagenome_shotgun	Phase I bacterial 16S fermentation time-series	exclude	https://www.ebi.ac.uk/ena/browser/view/PRJNA1104253
run	SRR28820054	gopaulchan_2025_defined_community	PRJNA1104253	WGS is outside Phase I bacterial 16S amplicon scope	whole_metagenome_shotgun	Phase I bacterial 16S fermentation time-series	exclude	https://www.ebi.ac.uk/ena/browser/view/PRJNA1104253
run	SRR28820055	gopaulchan_2025_defined_community	PRJNA1104253	WGS is outside Phase I bacterial 16S amplicon scope	whole_metagenome_shotgun	Phase I bacterial 16S fermentation time-series	exclude	https://www.ebi.ac.uk/ena/browser/view/PRJNA1104253
run	SRR28820056	gopaulchan_2025_defined_community	PRJNA1104253	WGS is outside Phase I bacterial 16S amplicon scope	whole_metagenome_shotgun	Phase I bacterial 16S fermentation time-series	exclude	https://www.ebi.ac.uk/ena/browser/view/PRJNA1104253
run	SRR28820057	gopaulchan_2025_defined_community	PRJNA1104253	WGS is outside Phase I bacterial 16S amplicon scope	whole_metagenome_shotgun	Phase I bacterial 16S fermentation time-series	exclude	https://www.ebi.ac.uk/ena/browser/view/PRJNA1104253
run	SRR28820058	gopaulchan_2025_defined_community	PRJNA1104253	WGS is outside Phase I bacterial 16S amplicon scope	whole_metagenome_shotgun	Phase I bacterial 16S fermentation time-series	exclude	https://www.ebi.ac.uk/ena/browser/view/PRJNA1104253
run	SRR28820059	gopaulchan_2025_defined_community	PRJNA1104253	WGS is outside Phase I bacterial 16S amplicon scope	whole_metagenome_shotgun	Phase I bacterial 16S fermentation time-series	exclude	https://www.ebi.ac.uk/ena/browser/view/PRJNA1104253
run	SRR28820060	gopaulchan_2025_defined_community	PRJNA1104253	WGS is outside Phase I bacterial 16S amplicon scope	whole_metagenome_shotgun	Phase I bacterial 16S fermentation time-series	exclude	https://www.ebi.ac.uk/ena/browser/view/PRJNA1104253
run	SRR28820061	gopaulchan_2025_defined_community	PRJNA1104253	WGS is outside Phase I bacterial 16S amplicon scope	whole_metagenome_shotgun	Phase I bacterial 16S fermentation time-series	exclude	https://www.ebi.ac.uk/ena/browser/view/PRJNA1104253
run	SRR28820062	gopaulchan_2025_defined_community	PRJNA1104253	WGS is outside Phase I bacterial 16S amplicon scope	whole_metagenome_shotgun	Phase I bacterial 16S fermentation time-series	exclude	https://www.ebi.ac.uk/ena/browser/view/PRJNA1104253
run	SRR28820063	gopaulchan_2025_defined_community	PRJNA1104253	WGS is outside Phase I bacterial 16S amplicon scope	whole_metagenome_shotgun	Phase I bacterial 16S fermentation time-series	exclude	https://www.ebi.ac.uk/ena/browser/view/PRJNA1104253
run	SRR28820064	gopaulchan_2025_defined_community	PRJNA1104253	WGS is outside Phase I bacterial 16S amplicon scope	whole_metagenome_shotgun	Phase I bacterial 16S fermentation time-series	exclude	https://www.ebi.ac.uk/ena/browser/view/PRJNA1104253
run	SRR28820065	gopaulchan_2025_defined_community	PRJNA1104253	WGS is outside Phase I bacterial 16S amplicon scope	whole_metagenome_shotgun	Phase I bacterial 16S fermentation time-series	exclude	https://www.ebi.ac.uk/ena/browser/view/PRJNA1104253
run	SRR28820066	gopaulchan_2025_defined_community	PRJNA1104253	WGS is outside Phase I bacterial 16S amplicon scope	whole_metagenome_shotgun	Phase I bacterial 16S fermentation time-series	exclude	https://www.ebi.ac.uk/ena/browser/view/PRJNA1104253
run	SRR28820067	gopaulchan_2025_defined_community	PRJNA1104253	WGS is outside Phase I bacterial 16S amplicon scope	whole_metagenome_shotgun	Phase I bacterial 16S fermentation time-series	exclude	https://www.ebi.ac.uk/ena/browser/view/PRJNA1104253
run	SRR28820068	gopaulchan_2025_defined_community	PRJNA1104253	WGS is outside Phase I bacterial 16S amplicon scope	whole_metagenome_shotgun	Phase I bacterial 16S fermentation time-series	exclude	https://www.ebi.ac.uk/ena/browser/view/PRJNA1104253
run	SRR33746416	gopaulchan_2025_defined_community	PRJNA1104253	ITS/fungal run is outside bacterial 16S scope	non_bacterial_marker	Phase I bacterial 16S fermentation time-series	exclude	https://www.ebi.ac.uk/ena/browser/view/PRJNA1104253
run	SRR33746417	gopaulchan_2025_defined_community	PRJNA1104253	ITS/fungal run is outside bacterial 16S scope	non_bacterial_marker	Phase I bacterial 16S fermentation time-series	exclude	https://www.ebi.ac.uk/ena/browser/view/PRJNA1104253
run	SRR33746418	gopaulchan_2025_defined_community	PRJNA1104253	ITS/fungal run is outside bacterial 16S scope	non_bacterial_marker	Phase I bacterial 16S fermentation time-series	exclude	https://www.ebi.ac.uk/ena/browser/view/PRJNA1104253
run	SRR33746419	gopaulchan_2025_defined_community	PRJNA1104253	ITS/fungal run is outside bacterial 16S scope	non_bacterial_marker	Phase I bacterial 16S fermentation time-series	exclude	https://www.ebi.ac.uk/ena/browser/view/PRJNA1104253
run	SRR33746420	gopaulchan_2025_defined_community	PRJNA1104253	ITS/fungal run is outside bacterial 16S scope	non_bacterial_marker	Phase I bacterial 16S fermentation time-series	exclude	https://www.ebi.ac.uk/ena/browser/view/PRJNA1104253
run	SRR33746421	gopaulchan_2025_defined_community	PRJNA1104253	ITS/fungal run is outside bacterial 16S scope	non_bacterial_marker	Phase I bacterial 16S fermentation time-series	exclude	https://www.ebi.ac.uk/ena/browser/view/PRJNA1104253
run	SRR33746422	gopaulchan_2025_defined_community	PRJNA1104253	ITS/fungal run is outside bacterial 16S scope	non_bacterial_marker	Phase I bacterial 16S fermentation time-series	exclude	https://www.ebi.ac.uk/ena/browser/view/PRJNA1104253
run	SRR33746423	gopaulchan_2025_defined_community	PRJNA1104253	ITS/fungal run is outside bacterial 16S scope	non_bacterial_marker	Phase I bacterial 16S fermentation time-series	exclude	https://www.ebi.ac.uk/ena/browser/view/PRJNA1104253
run	SRR33746424	gopaulchan_2025_defined_community	PRJNA1104253	ITS/fungal run is outside bacterial 16S scope	non_bacterial_marker	Phase I bacterial 16S fermentation time-series	exclude	https://www.ebi.ac.uk/ena/browser/view/PRJNA1104253
run	SRR33746425	gopaulchan_2025_defined_community	PRJNA1104253	ITS/fungal run is outside bacterial 16S scope	non_bacterial_marker	Phase I bacterial 16S fermentation time-series	exclude	https://www.ebi.ac.uk/ena/browser/view/PRJNA1104253
run	SRR33746426	gopaulchan_2025_defined_community	PRJNA1104253	ITS/fungal run is outside bacterial 16S scope	non_bacterial_marker	Phase I bacterial 16S fermentation time-series	exclude	https://www.ebi.ac.uk/ena/browser/view/PRJNA1104253
run	SRR33746427	gopaulchan_2025_defined_community	PRJNA1104253	ITS/fungal run is outside bacterial 16S scope	non_bacterial_marker	Phase I bacterial 16S fermentation time-series	exclude	https://www.ebi.ac.uk/ena/browser/view/PRJNA1104253
run	SRR33746428	gopaulchan_2025_defined_community	PRJNA1104253	ITS/fungal run is outside bacterial 16S scope	non_bacterial_marker	Phase I bacterial 16S fermentation time-series	exclude	https://www.ebi.ac.uk/ena/browser/view/PRJNA1104253
run	SRR33746429	gopaulchan_2025_defined_community	PRJNA1104253	ITS/fungal run is outside bacterial 16S scope	non_bacterial_marker	Phase I bacterial 16S fermentation time-series	exclude	https://www.ebi.ac.uk/ena/browser/view/PRJNA1104253
run	SRR33746430	gopaulchan_2025_defined_community	PRJNA1104253	ITS/fungal run is outside bacterial 16S scope	non_bacterial_marker	Phase I bacterial 16S fermentation time-series	exclude	https://www.ebi.ac.uk/ena/browser/view/PRJNA1104253
run	SRR33746431	gopaulchan_2025_defined_community	PRJNA1104253	ITS/fungal run is outside bacterial 16S scope	non_bacterial_marker	Phase I bacterial 16S fermentation time-series	exclude	https://www.ebi.ac.uk/ena/browser/view/PRJNA1104253
run	SRR33746432	gopaulchan_2025_defined_community	PRJNA1104253	ITS/fungal run is outside bacterial 16S scope	non_bacterial_marker	Phase I bacterial 16S fermentation time-series	exclude	https://www.ebi.ac.uk/ena/browser/view/PRJNA1104253
run	SRR33746433	gopaulchan_2025_defined_community	PRJNA1104253	ITS/fungal run is outside bacterial 16S scope	non_bacterial_marker	Phase I bacterial 16S fermentation time-series	exclude	https://www.ebi.ac.uk/ena/browser/view/PRJNA1104253
run	SRR33746434	gopaulchan_2025_defined_community	PRJNA1104253	ITS/fungal run is outside bacterial 16S scope	non_bacterial_marker	Phase I bacterial 16S fermentation time-series	exclude	https://www.ebi.ac.uk/ena/browser/view/PRJNA1104253
run	SRR33746435	gopaulchan_2025_defined_community	PRJNA1104253	ITS/fungal run is outside bacterial 16S scope	non_bacterial_marker	Phase I bacterial 16S fermentation time-series	exclude	https://www.ebi.ac.uk/ena/browser/view/PRJNA1104253
run	SRR33746436	gopaulchan_2025_defined_community	PRJNA1104253	ITS/fungal run is outside bacterial 16S scope	non_bacterial_marker	Phase I bacterial 16S fermentation time-series	exclude	https://www.ebi.ac.uk/ena/browser/view/PRJNA1104253
run	SRR33746437	gopaulchan_2025_defined_community	PRJNA1104253	ITS/fungal run is outside bacterial 16S scope	non_bacterial_marker	Phase I bacterial 16S fermentation time-series	exclude	https://www.ebi.ac.uk/ena/browser/view/PRJNA1104253
run	SRR33746438	gopaulchan_2025_defined_community	PRJNA1104253	ITS/fungal run is outside bacterial 16S scope	non_bacterial_marker	Phase I bacterial 16S fermentation time-series	exclude	https://www.ebi.ac.uk/ena/browser/view/PRJNA1104253
run	SRR33746439	gopaulchan_2025_defined_community	PRJNA1104253	ITS/fungal run is outside bacterial 16S scope	non_bacterial_marker	Phase I bacterial 16S fermentation time-series	exclude	https://www.ebi.ac.uk/ena/browser/view/PRJNA1104253
run	SRR33746440	gopaulchan_2025_defined_community	PRJNA1104253	ITS/fungal run is outside bacterial 16S scope	non_bacterial_marker	Phase I bacterial 16S fermentation time-series	exclude	https://www.ebi.ac.uk/ena/browser/view/PRJNA1104253
run	SRR33746441	gopaulchan_2025_defined_community	PRJNA1104253	ITS/fungal run is outside bacterial 16S scope	non_bacterial_marker	Phase I bacterial 16S fermentation time-series	exclude	https://www.ebi.ac.uk/ena/browser/view/PRJNA1104253
run	SRR33746442	gopaulchan_2025_defined_community	PRJNA1104253	ITS/fungal run is outside bacterial 16S scope	non_bacterial_marker	Phase I bacterial 16S fermentation time-series	exclude	https://www.ebi.ac.uk/ena/browser/view/PRJNA1104253
run	SRR33746443	gopaulchan_2025_defined_community	PRJNA1104253	ITS/fungal run is outside bacterial 16S scope	non_bacterial_marker	Phase I bacterial 16S fermentation time-series	exclude	https://www.ebi.ac.uk/ena/browser/view/PRJNA1104253
run	SRR33746444	gopaulchan_2025_defined_community	PRJNA1104253	ITS/fungal run is outside bacterial 16S scope	non_bacterial_marker	Phase I bacterial 16S fermentation time-series	exclude	https://www.ebi.ac.uk/ena/browser/view/PRJNA1104253
run	SRR33746445	gopaulchan_2025_defined_community	PRJNA1104253	ITS/fungal run is outside bacterial 16S scope	non_bacterial_marker	Phase I bacterial 16S fermentation time-series	exclude	https://www.ebi.ac.uk/ena/browser/view/PRJNA1104253
run	SRR33746446	gopaulchan_2025_defined_community	PRJNA1104253	ITS/fungal run is outside bacterial 16S scope	non_bacterial_marker	Phase I bacterial 16S fermentation time-series	exclude	https://www.ebi.ac.uk/ena/browser/view/PRJNA1104253
run	SRR33746447	gopaulchan_2025_defined_community	PRJNA1104253	ITS/fungal run is outside bacterial 16S scope	non_bacterial_marker	Phase I bacterial 16S fermentation time-series	exclude	https://www.ebi.ac.uk/ena/browser/view/PRJNA1104253
run	SRR33746448	gopaulchan_2025_defined_community	PRJNA1104253	ITS/fungal run is outside bacterial 16S scope	non_bacterial_marker	Phase I bacterial 16S fermentation time-series	exclude	https://www.ebi.ac.uk/ena/browser/view/PRJNA1104253
run	SRR33746449	gopaulchan_2025_defined_community	PRJNA1104253	ITS/fungal run is outside bacterial 16S scope	non_bacterial_marker	Phase I bacterial 16S fermentation time-series	exclude	https://www.ebi.ac.uk/ena/browser/view/PRJNA1104253
run	SRR33746450	gopaulchan_2025_defined_community	PRJNA1104253	ITS/fungal run is outside bacterial 16S scope	non_bacterial_marker	Phase I bacterial 16S fermentation time-series	exclude	https://www.ebi.ac.uk/ena/browser/view/PRJNA1104253
run	SRR33746451	gopaulchan_2025_defined_community	PRJNA1104253	ITS/fungal run is outside bacterial 16S scope	non_bacterial_marker	Phase I bacterial 16S fermentation time-series	exclude	https://www.ebi.ac.uk/ena/browser/view/PRJNA1104253
run	SRR33746452	gopaulchan_2025_defined_community	PRJNA1104253	ITS/fungal run is outside bacterial 16S scope	non_bacterial_marker	Phase I bacterial 16S fermentation time-series	exclude	https://www.ebi.ac.uk/ena/browser/view/PRJNA1104253
run	SRR33746453	gopaulchan_2025_defined_community	PRJNA1104253	ITS/fungal run is outside bacterial 16S scope	non_bacterial_marker	Phase I bacterial 16S fermentation time-series	exclude	https://www.ebi.ac.uk/ena/browser/view/PRJNA1104253
run	SRR33746454	gopaulchan_2025_defined_community	PRJNA1104253	ITS/fungal run is outside bacterial 16S scope	non_bacterial_marker	Phase I bacterial 16S fermentation time-series	exclude	https://www.ebi.ac.uk/ena/browser/view/PRJNA1104253
run	SRR33746455	gopaulchan_2025_defined_community	PRJNA1104253	ITS/fungal run is outside bacterial 16S scope	non_bacterial_marker	Phase I bacterial 16S fermentation time-series	exclude	https://www.ebi.ac.uk/ena/browser/view/PRJNA1104253
run	SRR33746456	gopaulchan_2025_defined_community	PRJNA1104253	ITS/fungal run is outside bacterial 16S scope	non_bacterial_marker	Phase I bacterial 16S fermentation time-series	exclude	https://www.ebi.ac.uk/ena/browser/view/PRJNA1104253
run	SRR33746457	gopaulchan_2025_defined_community	PRJNA1104253	ITS/fungal run is outside bacterial 16S scope	non_bacterial_marker	Phase I bacterial 16S fermentation time-series	exclude	https://www.ebi.ac.uk/ena/browser/view/PRJNA1104253
run	SRR33746458	gopaulchan_2025_defined_community	PRJNA1104253	ITS/fungal run is outside bacterial 16S scope	non_bacterial_marker	Phase I bacterial 16S fermentation time-series	exclude	https://www.ebi.ac.uk/ena/browser/view/PRJNA1104253
run	SRR33746459	gopaulchan_2025_defined_community	PRJNA1104253	ITS/fungal run is outside bacterial 16S scope	non_bacterial_marker	Phase I bacterial 16S fermentation time-series	exclude	https://www.ebi.ac.uk/ena/browser/view/PRJNA1104253
run	SRR33746460	gopaulchan_2025_defined_community	PRJNA1104253	ITS/fungal run is outside bacterial 16S scope	non_bacterial_marker	Phase I bacterial 16S fermentation time-series	exclude	https://www.ebi.ac.uk/ena/browser/view/PRJNA1104253
run	SRR33746461	gopaulchan_2025_defined_community	PRJNA1104253	ITS/fungal run is outside bacterial 16S scope	non_bacterial_marker	Phase I bacterial 16S fermentation time-series	exclude	https://www.ebi.ac.uk/ena/browser/view/PRJNA1104253
run	SRR33746462	gopaulchan_2025_defined_community	PRJNA1104253	ITS/fungal run is outside bacterial 16S scope	non_bacterial_marker	Phase I bacterial 16S fermentation time-series	exclude	https://www.ebi.ac.uk/ena/browser/view/PRJNA1104253
run	SRR33746463	gopaulchan_2025_defined_community	PRJNA1104253	ITS/fungal run is outside bacterial 16S scope	non_bacterial_marker	Phase I bacterial 16S fermentation time-series	exclude	https://www.ebi.ac.uk/ena/browser/view/PRJNA1104253
run	SRR33746464	gopaulchan_2025_defined_community	PRJNA1104253	ITS/fungal run is outside bacterial 16S scope	non_bacterial_marker	Phase I bacterial 16S fermentation time-series	exclude	https://www.ebi.ac.uk/ena/browser/view/PRJNA1104253
run	SRR33746465	gopaulchan_2025_defined_community	PRJNA1104253	ITS/fungal run is outside bacterial 16S scope	non_bacterial_marker	Phase I bacterial 16S fermentation time-series	exclude	https://www.ebi.ac.uk/ena/browser/view/PRJNA1104253
run	SRR33746466	gopaulchan_2025_defined_community	PRJNA1104253	ITS/fungal run is outside bacterial 16S scope	non_bacterial_marker	Phase I bacterial 16S fermentation time-series	exclude	https://www.ebi.ac.uk/ena/browser/view/PRJNA1104253
run	SRR33746467	gopaulchan_2025_defined_community	PRJNA1104253	ITS/fungal run is outside bacterial 16S scope	non_bacterial_marker	Phase I bacterial 16S fermentation time-series	exclude	https://www.ebi.ac.uk/ena/browser/view/PRJNA1104253
run	SRR33746468	gopaulchan_2025_defined_community	PRJNA1104253	ITS/fungal run is outside bacterial 16S scope	non_bacterial_marker	Phase I bacterial 16S fermentation time-series	exclude	https://www.ebi.ac.uk/ena/browser/view/PRJNA1104253
run	SRR33746469	gopaulchan_2025_defined_community	PRJNA1104253	ITS/fungal run is outside bacterial 16S scope	non_bacterial_marker	Phase I bacterial 16S fermentation time-series	exclude	https://www.ebi.ac.uk/ena/browser/view/PRJNA1104253
run	SRR33746470	gopaulchan_2025_defined_community	PRJNA1104253	ITS/fungal run is outside bacterial 16S scope	non_bacterial_marker	Phase I bacterial 16S fermentation time-series	exclude	https://www.ebi.ac.uk/ena/browser/view/PRJNA1104253
run	SRR33746471	gopaulchan_2025_defined_community	PRJNA1104253	ITS/fungal run is outside bacterial 16S scope	non_bacterial_marker	Phase I bacterial 16S fermentation time-series	exclude	https://www.ebi.ac.uk/ena/browser/view/PRJNA1104253
run	SRR33746472	gopaulchan_2025_defined_community	PRJNA1104253	ITS/fungal run is outside bacterial 16S scope	non_bacterial_marker	Phase I bacterial 16S fermentation time-series	exclude	https://www.ebi.ac.uk/ena/browser/view/PRJNA1104253
run	SRR33746473	gopaulchan_2025_defined_community	PRJNA1104253	ITS/fungal run is outside bacterial 16S scope	non_bacterial_marker	Phase I bacterial 16S fermentation time-series	exclude	https://www.ebi.ac.uk/ena/browser/view/PRJNA1104253
run	SRR33746474	gopaulchan_2025_defined_community	PRJNA1104253	ITS/fungal run is outside bacterial 16S scope	non_bacterial_marker	Phase I bacterial 16S fermentation time-series	exclude	https://www.ebi.ac.uk/ena/browser/view/PRJNA1104253
run	SRR33746475	gopaulchan_2025_defined_community	PRJNA1104253	ITS/fungal run is outside bacterial 16S scope	non_bacterial_marker	Phase I bacterial 16S fermentation time-series	exclude	https://www.ebi.ac.uk/ena/browser/view/PRJNA1104253
run	SRR33746476	gopaulchan_2025_defined_community	PRJNA1104253	ITS/fungal run is outside bacterial 16S scope	non_bacterial_marker	Phase I bacterial 16S fermentation time-series	exclude	https://www.ebi.ac.uk/ena/browser/view/PRJNA1104253
run	SRR33746477	gopaulchan_2025_defined_community	PRJNA1104253	ITS/fungal run is outside bacterial 16S scope	non_bacterial_marker	Phase I bacterial 16S fermentation time-series	exclude	https://www.ebi.ac.uk/ena/browser/view/PRJNA1104253
run	SRR33746478	gopaulchan_2025_defined_community	PRJNA1104253	ITS/fungal run is outside bacterial 16S scope	non_bacterial_marker	Phase I bacterial 16S fermentation time-series	exclude	https://www.ebi.ac.uk/ena/browser/view/PRJNA1104253
run	SRR33746479	gopaulchan_2025_defined_community	PRJNA1104253	ITS/fungal run is outside bacterial 16S scope	non_bacterial_marker	Phase I bacterial 16S fermentation time-series	exclude	https://www.ebi.ac.uk/ena/browser/view/PRJNA1104253
run	SRR33746480	gopaulchan_2025_defined_community	PRJNA1104253	ITS/fungal run is outside bacterial 16S scope	non_bacterial_marker	Phase I bacterial 16S fermentation time-series	exclude	https://www.ebi.ac.uk/ena/browser/view/PRJNA1104253
run	SRR33746481	gopaulchan_2025_defined_community	PRJNA1104253	ITS/fungal run is outside bacterial 16S scope	non_bacterial_marker	Phase I bacterial 16S fermentation time-series	exclude	https://www.ebi.ac.uk/ena/browser/view/PRJNA1104253
run	SRR33746482	gopaulchan_2025_defined_community	PRJNA1104253	ITS/fungal run is outside bacterial 16S scope	non_bacterial_marker	Phase I bacterial 16S fermentation time-series	exclude	https://www.ebi.ac.uk/ena/browser/view/PRJNA1104253
run	SRR33746483	gopaulchan_2025_defined_community	PRJNA1104253	ITS/fungal run is outside bacterial 16S scope	non_bacterial_marker	Phase I bacterial 16S fermentation time-series	exclude	https://www.ebi.ac.uk/ena/browser/view/PRJNA1104253
run	SRR33746484	gopaulchan_2025_defined_community	PRJNA1104253	ITS/fungal run is outside bacterial 16S scope	non_bacterial_marker	Phase I bacterial 16S fermentation time-series	exclude	https://www.ebi.ac.uk/ena/browser/view/PRJNA1104253
run	SRR33746485	gopaulchan_2025_defined_community	PRJNA1104253	ITS/fungal run is outside bacterial 16S scope	non_bacterial_marker	Phase I bacterial 16S fermentation time-series	exclude	https://www.ebi.ac.uk/ena/browser/view/PRJNA1104253
run	SRR33746486	gopaulchan_2025_defined_community	PRJNA1104253	ITS/fungal run is outside bacterial 16S scope	non_bacterial_marker	Phase I bacterial 16S fermentation time-series	exclude	https://www.ebi.ac.uk/ena/browser/view/PRJNA1104253
run	SRR33746487	gopaulchan_2025_defined_community	PRJNA1104253	ITS/fungal run is outside bacterial 16S scope	non_bacterial_marker	Phase I bacterial 16S fermentation time-series	exclude	https://www.ebi.ac.uk/ena/browser/view/PRJNA1104253
run	SRR33746488	gopaulchan_2025_defined_community	PRJNA1104253	ITS/fungal run is outside bacterial 16S scope	non_bacterial_marker	Phase I bacterial 16S fermentation time-series	exclude	https://www.ebi.ac.uk/ena/browser/view/PRJNA1104253
run	SRR33746489	gopaulchan_2025_defined_community	PRJNA1104253	ITS/fungal run is outside bacterial 16S scope	non_bacterial_marker	Phase I bacterial 16S fermentation time-series	exclude	https://www.ebi.ac.uk/ena/browser/view/PRJNA1104253
run	SRR33746490	gopaulchan_2025_defined_community	PRJNA1104253	ITS/fungal run is outside bacterial 16S scope	non_bacterial_marker	Phase I bacterial 16S fermentation time-series	exclude	https://www.ebi.ac.uk/ena/browser/view/PRJNA1104253
run	SRR33746491	gopaulchan_2025_defined_community	PRJNA1104253	ITS/fungal run is outside bacterial 16S scope	non_bacterial_marker	Phase I bacterial 16S fermentation time-series	exclude	https://www.ebi.ac.uk/ena/browser/view/PRJNA1104253
run	SRR33746492	gopaulchan_2025_defined_community	PRJNA1104253	ITS/fungal run is outside bacterial 16S scope	non_bacterial_marker	Phase I bacterial 16S fermentation time-series	exclude	https://www.ebi.ac.uk/ena/browser/view/PRJNA1104253
run	SRR33746493	gopaulchan_2025_defined_community	PRJNA1104253	ITS/fungal run is outside bacterial 16S scope	non_bacterial_marker	Phase I bacterial 16S fermentation time-series	exclude	https://www.ebi.ac.uk/ena/browser/view/PRJNA1104253
run	SRR33746494	gopaulchan_2025_defined_community	PRJNA1104253	ITS/fungal run is outside bacterial 16S scope	non_bacterial_marker	Phase I bacterial 16S fermentation time-series	exclude	https://www.ebi.ac.uk/ena/browser/view/PRJNA1104253
run	SRR33746495	gopaulchan_2025_defined_community	PRJNA1104253	ITS/fungal run is outside bacterial 16S scope	non_bacterial_marker	Phase I bacterial 16S fermentation time-series	exclude	https://www.ebi.ac.uk/ena/browser/view/PRJNA1104253
run	SRR33746496	gopaulchan_2025_defined_community	PRJNA1104253	ITS/fungal run is outside bacterial 16S scope	non_bacterial_marker	Phase I bacterial 16S fermentation time-series	exclude	https://www.ebi.ac.uk/ena/browser/view/PRJNA1104253
run	SRR33746497	gopaulchan_2025_defined_community	PRJNA1104253	ITS/fungal run is outside bacterial 16S scope	non_bacterial_marker	Phase I bacterial 16S fermentation time-series	exclude	https://www.ebi.ac.uk/ena/browser/view/PRJNA1104253
run	SRR33746498	gopaulchan_2025_defined_community	PRJNA1104253	ITS/fungal run is outside bacterial 16S scope	non_bacterial_marker	Phase I bacterial 16S fermentation time-series	exclude	https://www.ebi.ac.uk/ena/browser/view/PRJNA1104253
run	SRR33746499	gopaulchan_2025_defined_community	PRJNA1104253	ITS/fungal run is outside bacterial 16S scope	non_bacterial_marker	Phase I bacterial 16S fermentation time-series	exclude	https://www.ebi.ac.uk/ena/browser/view/PRJNA1104253
run	SRR33746500	gopaulchan_2025_defined_community	PRJNA1104253	ITS/fungal run is outside bacterial 16S scope	non_bacterial_marker	Phase I bacterial 16S fermentation time-series	exclude	https://www.ebi.ac.uk/ena/browser/view/PRJNA1104253
run	SRR33746501	gopaulchan_2025_defined_community	PRJNA1104253	ITS/fungal run is outside bacterial 16S scope	non_bacterial_marker	Phase I bacterial 16S fermentation time-series	exclude	https://www.ebi.ac.uk/ena/browser/view/PRJNA1104253
run	SRR33746502	gopaulchan_2025_defined_community	PRJNA1104253	ITS/fungal run is outside bacterial 16S scope	non_bacterial_marker	Phase I bacterial 16S fermentation time-series	exclude	https://www.ebi.ac.uk/ena/browser/view/PRJNA1104253
run	SRR33746503	gopaulchan_2025_defined_community	PRJNA1104253	ITS/fungal run is outside bacterial 16S scope	non_bacterial_marker	Phase I bacterial 16S fermentation time-series	exclude	https://www.ebi.ac.uk/ena/browser/view/PRJNA1104253
run	SRR33746504	gopaulchan_2025_defined_community	PRJNA1104253	ITS/fungal run is outside bacterial 16S scope	non_bacterial_marker	Phase I bacterial 16S fermentation time-series	exclude	https://www.ebi.ac.uk/ena/browser/view/PRJNA1104253
run	SRR33746505	gopaulchan_2025_defined_community	PRJNA1104253	ITS/fungal run is outside bacterial 16S scope	non_bacterial_marker	Phase I bacterial 16S fermentation time-series	exclude	https://www.ebi.ac.uk/ena/browser/view/PRJNA1104253
run	SRR33746506	gopaulchan_2025_defined_community	PRJNA1104253	ITS/fungal run is outside bacterial 16S scope	non_bacterial_marker	Phase I bacterial 16S fermentation time-series	exclude	https://www.ebi.ac.uk/ena/browser/view/PRJNA1104253
run	SRR33746507	gopaulchan_2025_defined_community	PRJNA1104253	ITS/fungal run is outside bacterial 16S scope	non_bacterial_marker	Phase I bacterial 16S fermentation time-series	exclude	https://www.ebi.ac.uk/ena/browser/view/PRJNA1104253
run	SRR33746508	gopaulchan_2025_defined_community	PRJNA1104253	ITS/fungal run is outside bacterial 16S scope	non_bacterial_marker	Phase I bacterial 16S fermentation time-series	exclude	https://www.ebi.ac.uk/ena/browser/view/PRJNA1104253
run	SRR33746509	gopaulchan_2025_defined_community	PRJNA1104253	ITS/fungal run is outside bacterial 16S scope	non_bacterial_marker	Phase I bacterial 16S fermentation time-series	exclude	https://www.ebi.ac.uk/ena/browser/view/PRJNA1104253
run	SRR33746510	gopaulchan_2025_defined_community	PRJNA1104253	ITS/fungal run is outside bacterial 16S scope	non_bacterial_marker	Phase I bacterial 16S fermentation time-series	exclude	https://www.ebi.ac.uk/ena/browser/view/PRJNA1104253
run	SRR33746511	gopaulchan_2025_defined_community	PRJNA1104253	ITS/fungal run is outside bacterial 16S scope	non_bacterial_marker	Phase I bacterial 16S fermentation time-series	exclude	https://www.ebi.ac.uk/ena/browser/view/PRJNA1104253
run	SRR33746512	gopaulchan_2025_defined_community	PRJNA1104253	ITS/fungal run is outside bacterial 16S scope	non_bacterial_marker	Phase I bacterial 16S fermentation time-series	exclude	https://www.ebi.ac.uk/ena/browser/view/PRJNA1104253
run	SRR33746513	gopaulchan_2025_defined_community	PRJNA1104253	ITS/fungal run is outside bacterial 16S scope	non_bacterial_marker	Phase I bacterial 16S fermentation time-series	exclude	https://www.ebi.ac.uk/ena/browser/view/PRJNA1104253
run	SRR33746514	gopaulchan_2025_defined_community	PRJNA1104253	ITS/fungal run is outside bacterial 16S scope	non_bacterial_marker	Phase I bacterial 16S fermentation time-series	exclude	https://www.ebi.ac.uk/ena/browser/view/PRJNA1104253
run	SRR33746515	gopaulchan_2025_defined_community	PRJNA1104253	ITS/fungal run is outside bacterial 16S scope	non_bacterial_marker	Phase I bacterial 16S fermentation time-series	exclude	https://www.ebi.ac.uk/ena/browser/view/PRJNA1104253
run	SRR33746516	gopaulchan_2025_defined_community	PRJNA1104253	ITS/fungal run is outside bacterial 16S scope	non_bacterial_marker	Phase I bacterial 16S fermentation time-series	exclude	https://www.ebi.ac.uk/ena/browser/view/PRJNA1104253
run	SRR33746517	gopaulchan_2025_defined_community	PRJNA1104253	ITS/fungal run is outside bacterial 16S scope	non_bacterial_marker	Phase I bacterial 16S fermentation time-series	exclude	https://www.ebi.ac.uk/ena/browser/view/PRJNA1104253
run	SRR33746518	gopaulchan_2025_defined_community	PRJNA1104253	ITS/fungal run is outside bacterial 16S scope	non_bacterial_marker	Phase I bacterial 16S fermentation time-series	exclude	https://www.ebi.ac.uk/ena/browser/view/PRJNA1104253
run	SRR33746519	gopaulchan_2025_defined_community	PRJNA1104253	ITS/fungal run is outside bacterial 16S scope	non_bacterial_marker	Phase I bacterial 16S fermentation time-series	exclude	https://www.ebi.ac.uk/ena/browser/view/PRJNA1104253
run	SRR33746520	gopaulchan_2025_defined_community	PRJNA1104253	ITS/fungal run is outside bacterial 16S scope	non_bacterial_marker	Phase I bacterial 16S fermentation time-series	exclude	https://www.ebi.ac.uk/ena/browser/view/PRJNA1104253
run	SRR33746521	gopaulchan_2025_defined_community	PRJNA1104253	ITS/fungal run is outside bacterial 16S scope	non_bacterial_marker	Phase I bacterial 16S fermentation time-series	exclude	https://www.ebi.ac.uk/ena/browser/view/PRJNA1104253
run	SRR33746522	gopaulchan_2025_defined_community	PRJNA1104253	ITS/fungal run is outside bacterial 16S scope	non_bacterial_marker	Phase I bacterial 16S fermentation time-series	exclude	https://www.ebi.ac.uk/ena/browser/view/PRJNA1104253
run	SRR33746523	gopaulchan_2025_defined_community	PRJNA1104253	ITS/fungal run is outside bacterial 16S scope	non_bacterial_marker	Phase I bacterial 16S fermentation time-series	exclude	https://www.ebi.ac.uk/ena/browser/view/PRJNA1104253
run	SRR33746524	gopaulchan_2025_defined_community	PRJNA1104253	ITS/fungal run is outside bacterial 16S scope	non_bacterial_marker	Phase I bacterial 16S fermentation time-series	exclude	https://www.ebi.ac.uk/ena/browser/view/PRJNA1104253
run	SRR33746525	gopaulchan_2025_defined_community	PRJNA1104253	ITS/fungal run is outside bacterial 16S scope	non_bacterial_marker	Phase I bacterial 16S fermentation time-series	exclude	https://www.ebi.ac.uk/ena/browser/view/PRJNA1104253
run	SRR33746526	gopaulchan_2025_defined_community	PRJNA1104253	ITS/fungal run is outside bacterial 16S scope	non_bacterial_marker	Phase I bacterial 16S fermentation time-series	exclude	https://www.ebi.ac.uk/ena/browser/view/PRJNA1104253
run	SRR33746527	gopaulchan_2025_defined_community	PRJNA1104253	ITS/fungal run is outside bacterial 16S scope	non_bacterial_marker	Phase I bacterial 16S fermentation time-series	exclude	https://www.ebi.ac.uk/ena/browser/view/PRJNA1104253
run	SRR33746528	gopaulchan_2025_defined_community	PRJNA1104253	ITS/fungal run is outside bacterial 16S scope	non_bacterial_marker	Phase I bacterial 16S fermentation time-series	exclude	https://www.ebi.ac.uk/ena/browser/view/PRJNA1104253
run	SRR33746529	gopaulchan_2025_defined_community	PRJNA1104253	ITS/fungal run is outside bacterial 16S scope	non_bacterial_marker	Phase I bacterial 16S fermentation time-series	exclude	https://www.ebi.ac.uk/ena/browser/view/PRJNA1104253
run	SRR33746530	gopaulchan_2025_defined_community	PRJNA1104253	ITS/fungal run is outside bacterial 16S scope	non_bacterial_marker	Phase I bacterial 16S fermentation time-series	exclude	https://www.ebi.ac.uk/ena/browser/view/PRJNA1104253
run	SRR33746531	gopaulchan_2025_defined_community	PRJNA1104253	ITS/fungal run is outside bacterial 16S scope	non_bacterial_marker	Phase I bacterial 16S fermentation time-series	exclude	https://www.ebi.ac.uk/ena/browser/view/PRJNA1104253
run	SRR33746532	gopaulchan_2025_defined_community	PRJNA1104253	ITS/fungal run is outside bacterial 16S scope	non_bacterial_marker	Phase I bacterial 16S fermentation time-series	exclude	https://www.ebi.ac.uk/ena/browser/view/PRJNA1104253
run	SRR33746533	gopaulchan_2025_defined_community	PRJNA1104253	ITS/fungal run is outside bacterial 16S scope	non_bacterial_marker	Phase I bacterial 16S fermentation time-series	exclude	https://www.ebi.ac.uk/ena/browser/view/PRJNA1104253
run	SRR33746534	gopaulchan_2025_defined_community	PRJNA1104253	ITS/fungal run is outside bacterial 16S scope	non_bacterial_marker	Phase I bacterial 16S fermentation time-series	exclude	https://www.ebi.ac.uk/ena/browser/view/PRJNA1104253
run	SRR33746535	gopaulchan_2025_defined_community	PRJNA1104253	ITS/fungal run is outside bacterial 16S scope	non_bacterial_marker	Phase I bacterial 16S fermentation time-series	exclude	https://www.ebi.ac.uk/ena/browser/view/PRJNA1104253
run	SRR33746536	gopaulchan_2025_defined_community	PRJNA1104253	ITS/fungal run is outside bacterial 16S scope	non_bacterial_marker	Phase I bacterial 16S fermentation time-series	exclude	https://www.ebi.ac.uk/ena/browser/view/PRJNA1104253
run	SRR33746537	gopaulchan_2025_defined_community	PRJNA1104253	ITS/fungal run is outside bacterial 16S scope	non_bacterial_marker	Phase I bacterial 16S fermentation time-series	exclude	https://www.ebi.ac.uk/ena/browser/view/PRJNA1104253
run	SRR33746538	gopaulchan_2025_defined_community	PRJNA1104253	ITS/fungal run is outside bacterial 16S scope	non_bacterial_marker	Phase I bacterial 16S fermentation time-series	exclude	https://www.ebi.ac.uk/ena/browser/view/PRJNA1104253
run	SRR33746539	gopaulchan_2025_defined_community	PRJNA1104253	ITS/fungal run is outside bacterial 16S scope	non_bacterial_marker	Phase I bacterial 16S fermentation time-series	exclude	https://www.ebi.ac.uk/ena/browser/view/PRJNA1104253
run	SRR33746540	gopaulchan_2025_defined_community	PRJNA1104253	ITS/fungal run is outside bacterial 16S scope	non_bacterial_marker	Phase I bacterial 16S fermentation time-series	exclude	https://www.ebi.ac.uk/ena/browser/view/PRJNA1104253
run	SRR33746541	gopaulchan_2025_defined_community	PRJNA1104253	ITS/fungal run is outside bacterial 16S scope	non_bacterial_marker	Phase I bacterial 16S fermentation time-series	exclude	https://www.ebi.ac.uk/ena/browser/view/PRJNA1104253
run	SRR33746542	gopaulchan_2025_defined_community	PRJNA1104253	ITS/fungal run is outside bacterial 16S scope	non_bacterial_marker	Phase I bacterial 16S fermentation time-series	exclude	https://www.ebi.ac.uk/ena/browser/view/PRJNA1104253
run	SRR33746543	gopaulchan_2025_defined_community	PRJNA1104253	ITS/fungal run is outside bacterial 16S scope	non_bacterial_marker	Phase I bacterial 16S fermentation time-series	exclude	https://www.ebi.ac.uk/ena/browser/view/PRJNA1104253
run	SRR33746544	gopaulchan_2025_defined_community	PRJNA1104253	ITS/fungal run is outside bacterial 16S scope	non_bacterial_marker	Phase I bacterial 16S fermentation time-series	exclude	https://www.ebi.ac.uk/ena/browser/view/PRJNA1104253
run	SRR33746545	gopaulchan_2025_defined_community	PRJNA1104253	ITS/fungal run is outside bacterial 16S scope	non_bacterial_marker	Phase I bacterial 16S fermentation time-series	exclude	https://www.ebi.ac.uk/ena/browser/view/PRJNA1104253
run	SRR33746546	gopaulchan_2025_defined_community	PRJNA1104253	ITS/fungal run is outside bacterial 16S scope	non_bacterial_marker	Phase I bacterial 16S fermentation time-series	exclude	https://www.ebi.ac.uk/ena/browser/view/PRJNA1104253
run	SRR33746547	gopaulchan_2025_defined_community	PRJNA1104253	ITS/fungal run is outside bacterial 16S scope	non_bacterial_marker	Phase I bacterial 16S fermentation time-series	exclude	https://www.ebi.ac.uk/ena/browser/view/PRJNA1104253
run	SRR33746548	gopaulchan_2025_defined_community	PRJNA1104253	ITS/fungal run is outside bacterial 16S scope	non_bacterial_marker	Phase I bacterial 16S fermentation time-series	exclude	https://www.ebi.ac.uk/ena/browser/view/PRJNA1104253
run	SRR33746549	gopaulchan_2025_defined_community	PRJNA1104253	ITS/fungal run is outside bacterial 16S scope	non_bacterial_marker	Phase I bacterial 16S fermentation time-series	exclude	https://www.ebi.ac.uk/ena/browser/view/PRJNA1104253
run	SRR33746550	gopaulchan_2025_defined_community	PRJNA1104253	ITS/fungal run is outside bacterial 16S scope	non_bacterial_marker	Phase I bacterial 16S fermentation time-series	exclude	https://www.ebi.ac.uk/ena/browser/view/PRJNA1104253
run	SRR33746551	gopaulchan_2025_defined_community	PRJNA1104253	ITS/fungal run is outside bacterial 16S scope	non_bacterial_marker	Phase I bacterial 16S fermentation time-series	exclude	https://www.ebi.ac.uk/ena/browser/view/PRJNA1104253
run	SRR33746552	gopaulchan_2025_defined_community	PRJNA1104253	ITS/fungal run is outside bacterial 16S scope	non_bacterial_marker	Phase I bacterial 16S fermentation time-series	exclude	https://www.ebi.ac.uk/ena/browser/view/PRJNA1104253
run	SRR33746553	gopaulchan_2025_defined_community	PRJNA1104253	ITS/fungal run is outside bacterial 16S scope	non_bacterial_marker	Phase I bacterial 16S fermentation time-series	exclude	https://www.ebi.ac.uk/ena/browser/view/PRJNA1104253
run	SRR33746554	gopaulchan_2025_defined_community	PRJNA1104253	ITS/fungal run is outside bacterial 16S scope	non_bacterial_marker	Phase I bacterial 16S fermentation time-series	exclude	https://www.ebi.ac.uk/ena/browser/view/PRJNA1104253
run	SRR33746555	gopaulchan_2025_defined_community	PRJNA1104253	ITS/fungal run is outside bacterial 16S scope	non_bacterial_marker	Phase I bacterial 16S fermentation time-series	exclude	https://www.ebi.ac.uk/ena/browser/view/PRJNA1104253
run	SRR33746556	gopaulchan_2025_defined_community	PRJNA1104253	ITS/fungal run is outside bacterial 16S scope	non_bacterial_marker	Phase I bacterial 16S fermentation time-series	exclude	https://www.ebi.ac.uk/ena/browser/view/PRJNA1104253
run	SRR33746557	gopaulchan_2025_defined_community	PRJNA1104253	ITS/fungal run is outside bacterial 16S scope	non_bacterial_marker	Phase I bacterial 16S fermentation time-series	exclude	https://www.ebi.ac.uk/ena/browser/view/PRJNA1104253
run	SRR33746558	gopaulchan_2025_defined_community	PRJNA1104253	ITS/fungal run is outside bacterial 16S scope	non_bacterial_marker	Phase I bacterial 16S fermentation time-series	exclude	https://www.ebi.ac.uk/ena/browser/view/PRJNA1104253
run	SRR33746559	gopaulchan_2025_defined_community	PRJNA1104253	ITS/fungal run is outside bacterial 16S scope	non_bacterial_marker	Phase I bacterial 16S fermentation time-series	exclude	https://www.ebi.ac.uk/ena/browser/view/PRJNA1104253
run	SRR33746560	gopaulchan_2025_defined_community	PRJNA1104253	ITS/fungal run is outside bacterial 16S scope	non_bacterial_marker	Phase I bacterial 16S fermentation time-series	exclude	https://www.ebi.ac.uk/ena/browser/view/PRJNA1104253
run	SRR33746561	gopaulchan_2025_defined_community	PRJNA1104253	ITS/fungal run is outside bacterial 16S scope	non_bacterial_marker	Phase I bacterial 16S fermentation time-series	exclude	https://www.ebi.ac.uk/ena/browser/view/PRJNA1104253
run	SRR33746562	gopaulchan_2025_defined_community	PRJNA1104253	ITS/fungal run is outside bacterial 16S scope	non_bacterial_marker	Phase I bacterial 16S fermentation time-series	exclude	https://www.ebi.ac.uk/ena/browser/view/PRJNA1104253
run	SRR33746563	gopaulchan_2025_defined_community	PRJNA1104253	ITS/fungal run is outside bacterial 16S scope	non_bacterial_marker	Phase I bacterial 16S fermentation time-series	exclude	https://www.ebi.ac.uk/ena/browser/view/PRJNA1104253
run	SRR33746564	gopaulchan_2025_defined_community	PRJNA1104253	ITS/fungal run is outside bacterial 16S scope	non_bacterial_marker	Phase I bacterial 16S fermentation time-series	exclude	https://www.ebi.ac.uk/ena/browser/view/PRJNA1104253
run	SRR33746565	gopaulchan_2025_defined_community	PRJNA1104253	ITS/fungal run is outside bacterial 16S scope	non_bacterial_marker	Phase I bacterial 16S fermentation time-series	exclude	https://www.ebi.ac.uk/ena/browser/view/PRJNA1104253
run	SRR33746566	gopaulchan_2025_defined_community	PRJNA1104253	ITS/fungal run is outside bacterial 16S scope	non_bacterial_marker	Phase I bacterial 16S fermentation time-series	exclude	https://www.ebi.ac.uk/ena/browser/view/PRJNA1104253
run	SRR33746567	gopaulchan_2025_defined_community	PRJNA1104253	ITS/fungal run is outside bacterial 16S scope	non_bacterial_marker	Phase I bacterial 16S fermentation time-series	exclude	https://www.ebi.ac.uk/ena/browser/view/PRJNA1104253
run	SRR33746568	gopaulchan_2025_defined_community	PRJNA1104253	ITS/fungal run is outside bacterial 16S scope	non_bacterial_marker	Phase I bacterial 16S fermentation time-series	exclude	https://www.ebi.ac.uk/ena/browser/view/PRJNA1104253
run	SRR33746569	gopaulchan_2025_defined_community	PRJNA1104253	ITS/fungal run is outside bacterial 16S scope	non_bacterial_marker	Phase I bacterial 16S fermentation time-series	exclude	https://www.ebi.ac.uk/ena/browser/view/PRJNA1104253
run	SRR33746570	gopaulchan_2025_defined_community	PRJNA1104253	ITS/fungal run is outside bacterial 16S scope	non_bacterial_marker	Phase I bacterial 16S fermentation time-series	exclude	https://www.ebi.ac.uk/ena/browser/view/PRJNA1104253
run	SRR33746571	gopaulchan_2025_defined_community	PRJNA1104253	ITS/fungal run is outside bacterial 16S scope	non_bacterial_marker	Phase I bacterial 16S fermentation time-series	exclude	https://www.ebi.ac.uk/ena/browser/view/PRJNA1104253
run	SRR33747421	gopaulchan_2025_defined_community	PRJNA1104253	Run does not match the configured, verified bacterial 16S subset	not_verified_16s_subset	Phase I bacterial 16S fermentation time-series	exclude	https://www.ebi.ac.uk/ena/browser/view/PRJNA1104253
run	SRR33747422	gopaulchan_2025_defined_community	PRJNA1104253	Run does not match the configured, verified bacterial 16S subset	not_verified_16s_subset	Phase I bacterial 16S fermentation time-series	exclude	https://www.ebi.ac.uk/ena/browser/view/PRJNA1104253
run	SRR33747423	gopaulchan_2025_defined_community	PRJNA1104253	Run does not match the configured, verified bacterial 16S subset	not_verified_16s_subset	Phase I bacterial 16S fermentation time-series	exclude	https://www.ebi.ac.uk/ena/browser/view/PRJNA1104253
run	SRR33747424	gopaulchan_2025_defined_community	PRJNA1104253	Run does not match the configured, verified bacterial 16S subset	not_verified_16s_subset	Phase I bacterial 16S fermentation time-series	exclude	https://www.ebi.ac.uk/ena/browser/view/PRJNA1104253
run	SRR33747425	gopaulchan_2025_defined_community	PRJNA1104253	Run does not match the configured, verified bacterial 16S subset	not_verified_16s_subset	Phase I bacterial 16S fermentation time-series	exclude	https://www.ebi.ac.uk/ena/browser/view/PRJNA1104253
run	SRR33747426	gopaulchan_2025_defined_community	PRJNA1104253	Run does not match the configured, verified bacterial 16S subset	not_verified_16s_subset	Phase I bacterial 16S fermentation time-series	exclude	https://www.ebi.ac.uk/ena/browser/view/PRJNA1104253
run	SRR33747427	gopaulchan_2025_defined_community	PRJNA1104253	Run does not match the configured, verified bacterial 16S subset	not_verified_16s_subset	Phase I bacterial 16S fermentation time-series	exclude	https://www.ebi.ac.uk/ena/browser/view/PRJNA1104253
run	SRR33747428	gopaulchan_2025_defined_community	PRJNA1104253	Run does not match the configured, verified bacterial 16S subset	not_verified_16s_subset	Phase I bacterial 16S fermentation time-series	exclude	https://www.ebi.ac.uk/ena/browser/view/PRJNA1104253
run	SRR33747429	gopaulchan_2025_defined_community	PRJNA1104253	Run does not match the configured, verified bacterial 16S subset	not_verified_16s_subset	Phase I bacterial 16S fermentation time-series	exclude	https://www.ebi.ac.uk/ena/browser/view/PRJNA1104253
run	SRR33747430	gopaulchan_2025_defined_community	PRJNA1104253	Run does not match the configured, verified bacterial 16S subset	not_verified_16s_subset	Phase I bacterial 16S fermentation time-series	exclude	https://www.ebi.ac.uk/ena/browser/view/PRJNA1104253
run	SRR33747431	gopaulchan_2025_defined_community	PRJNA1104253	Run does not match the configured, verified bacterial 16S subset	not_verified_16s_subset	Phase I bacterial 16S fermentation time-series	exclude	https://www.ebi.ac.uk/ena/browser/view/PRJNA1104253
run	SRR33747432	gopaulchan_2025_defined_community	PRJNA1104253	Run does not match the configured, verified bacterial 16S subset	not_verified_16s_subset	Phase I bacterial 16S fermentation time-series	exclude	https://www.ebi.ac.uk/ena/browser/view/PRJNA1104253
run	SRR33747433	gopaulchan_2025_defined_community	PRJNA1104253	Run does not match the configured, verified bacterial 16S subset	not_verified_16s_subset	Phase I bacterial 16S fermentation time-series	exclude	https://www.ebi.ac.uk/ena/browser/view/PRJNA1104253
run	SRR33747434	gopaulchan_2025_defined_community	PRJNA1104253	Run does not match the configured, verified bacterial 16S subset	not_verified_16s_subset	Phase I bacterial 16S fermentation time-series	exclude	https://www.ebi.ac.uk/ena/browser/view/PRJNA1104253
run	SRR33747435	gopaulchan_2025_defined_community	PRJNA1104253	Run does not match the configured, verified bacterial 16S subset	not_verified_16s_subset	Phase I bacterial 16S fermentation time-series	exclude	https://www.ebi.ac.uk/ena/browser/view/PRJNA1104253
run	SRR33747436	gopaulchan_2025_defined_community	PRJNA1104253	Run does not match the configured, verified bacterial 16S subset	not_verified_16s_subset	Phase I bacterial 16S fermentation time-series	exclude	https://www.ebi.ac.uk/ena/browser/view/PRJNA1104253
run	SRR33747437	gopaulchan_2025_defined_community	PRJNA1104253	Run does not match the configured, verified bacterial 16S subset	not_verified_16s_subset	Phase I bacterial 16S fermentation time-series	exclude	https://www.ebi.ac.uk/ena/browser/view/PRJNA1104253
run	SRR33747438	gopaulchan_2025_defined_community	PRJNA1104253	Run does not match the configured, verified bacterial 16S subset	not_verified_16s_subset	Phase I bacterial 16S fermentation time-series	exclude	https://www.ebi.ac.uk/ena/browser/view/PRJNA1104253
run	SRR33747439	gopaulchan_2025_defined_community	PRJNA1104253	Run does not match the configured, verified bacterial 16S subset	not_verified_16s_subset	Phase I bacterial 16S fermentation time-series	exclude	https://www.ebi.ac.uk/ena/browser/view/PRJNA1104253
run	SRR33747440	gopaulchan_2025_defined_community	PRJNA1104253	Run does not match the configured, verified bacterial 16S subset	not_verified_16s_subset	Phase I bacterial 16S fermentation time-series	exclude	https://www.ebi.ac.uk/ena/browser/view/PRJNA1104253
run	SRR33747441	gopaulchan_2025_defined_community	PRJNA1104253	Run does not match the configured, verified bacterial 16S subset	not_verified_16s_subset	Phase I bacterial 16S fermentation time-series	exclude	https://www.ebi.ac.uk/ena/browser/view/PRJNA1104253
run	SRR33747442	gopaulchan_2025_defined_community	PRJNA1104253	Run does not match the configured, verified bacterial 16S subset	not_verified_16s_subset	Phase I bacterial 16S fermentation time-series	exclude	https://www.ebi.ac.uk/ena/browser/view/PRJNA1104253
run	SRR33747443	gopaulchan_2025_defined_community	PRJNA1104253	Run does not match the configured, verified bacterial 16S subset	not_verified_16s_subset	Phase I bacterial 16S fermentation time-series	exclude	https://www.ebi.ac.uk/ena/browser/view/PRJNA1104253
run	SRR33747444	gopaulchan_2025_defined_community	PRJNA1104253	Run does not match the configured, verified bacterial 16S subset	not_verified_16s_subset	Phase I bacterial 16S fermentation time-series	exclude	https://www.ebi.ac.uk/ena/browser/view/PRJNA1104253
run	SRR33747445	gopaulchan_2025_defined_community	PRJNA1104253	Run does not match the configured, verified bacterial 16S subset	not_verified_16s_subset	Phase I bacterial 16S fermentation time-series	exclude	https://www.ebi.ac.uk/ena/browser/view/PRJNA1104253
run	SRR33747446	gopaulchan_2025_defined_community	PRJNA1104253	Run does not match the configured, verified bacterial 16S subset	not_verified_16s_subset	Phase I bacterial 16S fermentation time-series	exclude	https://www.ebi.ac.uk/ena/browser/view/PRJNA1104253
run	SRR33747447	gopaulchan_2025_defined_community	PRJNA1104253	Run does not match the configured, verified bacterial 16S subset	not_verified_16s_subset	Phase I bacterial 16S fermentation time-series	exclude	https://www.ebi.ac.uk/ena/browser/view/PRJNA1104253
run	SRR33747448	gopaulchan_2025_defined_community	PRJNA1104253	Run does not match the configured, verified bacterial 16S subset	not_verified_16s_subset	Phase I bacterial 16S fermentation time-series	exclude	https://www.ebi.ac.uk/ena/browser/view/PRJNA1104253
run	SRR33747449	gopaulchan_2025_defined_community	PRJNA1104253	Run does not match the configured, verified bacterial 16S subset	not_verified_16s_subset	Phase I bacterial 16S fermentation time-series	exclude	https://www.ebi.ac.uk/ena/browser/view/PRJNA1104253
run	SRR33747450	gopaulchan_2025_defined_community	PRJNA1104253	Run does not match the configured, verified bacterial 16S subset	not_verified_16s_subset	Phase I bacterial 16S fermentation time-series	exclude	https://www.ebi.ac.uk/ena/browser/view/PRJNA1104253
run	SRR33747451	gopaulchan_2025_defined_community	PRJNA1104253	Run does not match the configured, verified bacterial 16S subset	not_verified_16s_subset	Phase I bacterial 16S fermentation time-series	exclude	https://www.ebi.ac.uk/ena/browser/view/PRJNA1104253
run	SRR33747452	gopaulchan_2025_defined_community	PRJNA1104253	Run does not match the configured, verified bacterial 16S subset	not_verified_16s_subset	Phase I bacterial 16S fermentation time-series	exclude	https://www.ebi.ac.uk/ena/browser/view/PRJNA1104253
run	SRR33747453	gopaulchan_2025_defined_community	PRJNA1104253	Run does not match the configured, verified bacterial 16S subset	not_verified_16s_subset	Phase I bacterial 16S fermentation time-series	exclude	https://www.ebi.ac.uk/ena/browser/view/PRJNA1104253
run	SRR33747454	gopaulchan_2025_defined_community	PRJNA1104253	Run does not match the configured, verified bacterial 16S subset	not_verified_16s_subset	Phase I bacterial 16S fermentation time-series	exclude	https://www.ebi.ac.uk/ena/browser/view/PRJNA1104253
run	SRR33747455	gopaulchan_2025_defined_community	PRJNA1104253	Run does not match the configured, verified bacterial 16S subset	not_verified_16s_subset	Phase I bacterial 16S fermentation time-series	exclude	https://www.ebi.ac.uk/ena/browser/view/PRJNA1104253
run	SRR33747456	gopaulchan_2025_defined_community	PRJNA1104253	Run does not match the configured, verified bacterial 16S subset	not_verified_16s_subset	Phase I bacterial 16S fermentation time-series	exclude	https://www.ebi.ac.uk/ena/browser/view/PRJNA1104253
run	SRR33747457	gopaulchan_2025_defined_community	PRJNA1104253	Run does not match the configured, verified bacterial 16S subset	not_verified_16s_subset	Phase I bacterial 16S fermentation time-series	exclude	https://www.ebi.ac.uk/ena/browser/view/PRJNA1104253
run	SRR33747458	gopaulchan_2025_defined_community	PRJNA1104253	Run does not match the configured, verified bacterial 16S subset	not_verified_16s_subset	Phase I bacterial 16S fermentation time-series	exclude	https://www.ebi.ac.uk/ena/browser/view/PRJNA1104253
run	SRR33747459	gopaulchan_2025_defined_community	PRJNA1104253	Run does not match the configured, verified bacterial 16S subset	not_verified_16s_subset	Phase I bacterial 16S fermentation time-series	exclude	https://www.ebi.ac.uk/ena/browser/view/PRJNA1104253
run	SRR33747460	gopaulchan_2025_defined_community	PRJNA1104253	Run does not match the configured, verified bacterial 16S subset	not_verified_16s_subset	Phase I bacterial 16S fermentation time-series	exclude	https://www.ebi.ac.uk/ena/browser/view/PRJNA1104253
run	SRR33747461	gopaulchan_2025_defined_community	PRJNA1104253	Run does not match the configured, verified bacterial 16S subset	not_verified_16s_subset	Phase I bacterial 16S fermentation time-series	exclude	https://www.ebi.ac.uk/ena/browser/view/PRJNA1104253
run	SRR33747462	gopaulchan_2025_defined_community	PRJNA1104253	Run does not match the configured, verified bacterial 16S subset	not_verified_16s_subset	Phase I bacterial 16S fermentation time-series	exclude	https://www.ebi.ac.uk/ena/browser/view/PRJNA1104253
run	SRR33747463	gopaulchan_2025_defined_community	PRJNA1104253	Run does not match the configured, verified bacterial 16S subset	not_verified_16s_subset	Phase I bacterial 16S fermentation time-series	exclude	https://www.ebi.ac.uk/ena/browser/view/PRJNA1104253
run	SRR33747464	gopaulchan_2025_defined_community	PRJNA1104253	Run does not match the configured, verified bacterial 16S subset	not_verified_16s_subset	Phase I bacterial 16S fermentation time-series	exclude	https://www.ebi.ac.uk/ena/browser/view/PRJNA1104253
run	SRR33747465	gopaulchan_2025_defined_community	PRJNA1104253	Run does not match the configured, verified bacterial 16S subset	not_verified_16s_subset	Phase I bacterial 16S fermentation time-series	exclude	https://www.ebi.ac.uk/ena/browser/view/PRJNA1104253
run	SRR33747466	gopaulchan_2025_defined_community	PRJNA1104253	Run does not match the configured, verified bacterial 16S subset	not_verified_16s_subset	Phase I bacterial 16S fermentation time-series	exclude	https://www.ebi.ac.uk/ena/browser/view/PRJNA1104253
run	SRR33747467	gopaulchan_2025_defined_community	PRJNA1104253	Run does not match the configured, verified bacterial 16S subset	not_verified_16s_subset	Phase I bacterial 16S fermentation time-series	exclude	https://www.ebi.ac.uk/ena/browser/view/PRJNA1104253
run	SRR33747468	gopaulchan_2025_defined_community	PRJNA1104253	Run does not match the configured, verified bacterial 16S subset	not_verified_16s_subset	Phase I bacterial 16S fermentation time-series	exclude	https://www.ebi.ac.uk/ena/browser/view/PRJNA1104253
run	SRR33747469	gopaulchan_2025_defined_community	PRJNA1104253	Run does not match the configured, verified bacterial 16S subset	not_verified_16s_subset	Phase I bacterial 16S fermentation time-series	exclude	https://www.ebi.ac.uk/ena/browser/view/PRJNA1104253
run	SRR33747470	gopaulchan_2025_defined_community	PRJNA1104253	Run does not match the configured, verified bacterial 16S subset	not_verified_16s_subset	Phase I bacterial 16S fermentation time-series	exclude	https://www.ebi.ac.uk/ena/browser/view/PRJNA1104253
run	SRR33747471	gopaulchan_2025_defined_community	PRJNA1104253	Run does not match the configured, verified bacterial 16S subset	not_verified_16s_subset	Phase I bacterial 16S fermentation time-series	exclude	https://www.ebi.ac.uk/ena/browser/view/PRJNA1104253
run	SRR33747472	gopaulchan_2025_defined_community	PRJNA1104253	Run does not match the configured, verified bacterial 16S subset	not_verified_16s_subset	Phase I bacterial 16S fermentation time-series	exclude	https://www.ebi.ac.uk/ena/browser/view/PRJNA1104253
run	SRR33747473	gopaulchan_2025_defined_community	PRJNA1104253	Run does not match the configured, verified bacterial 16S subset	not_verified_16s_subset	Phase I bacterial 16S fermentation time-series	exclude	https://www.ebi.ac.uk/ena/browser/view/PRJNA1104253
run	SRR33747474	gopaulchan_2025_defined_community	PRJNA1104253	Run does not match the configured, verified bacterial 16S subset	not_verified_16s_subset	Phase I bacterial 16S fermentation time-series	exclude	https://www.ebi.ac.uk/ena/browser/view/PRJNA1104253
run	SRR33747475	gopaulchan_2025_defined_community	PRJNA1104253	Run does not match the configured, verified bacterial 16S subset	not_verified_16s_subset	Phase I bacterial 16S fermentation time-series	exclude	https://www.ebi.ac.uk/ena/browser/view/PRJNA1104253
run	SRR33747476	gopaulchan_2025_defined_community	PRJNA1104253	Run does not match the configured, verified bacterial 16S subset	not_verified_16s_subset	Phase I bacterial 16S fermentation time-series	exclude	https://www.ebi.ac.uk/ena/browser/view/PRJNA1104253
run	SRR33747477	gopaulchan_2025_defined_community	PRJNA1104253	Run does not match the configured, verified bacterial 16S subset	not_verified_16s_subset	Phase I bacterial 16S fermentation time-series	exclude	https://www.ebi.ac.uk/ena/browser/view/PRJNA1104253
run	SRR33747478	gopaulchan_2025_defined_community	PRJNA1104253	Run does not match the configured, verified bacterial 16S subset	not_verified_16s_subset	Phase I bacterial 16S fermentation time-series	exclude	https://www.ebi.ac.uk/ena/browser/view/PRJNA1104253
run	SRR33747479	gopaulchan_2025_defined_community	PRJNA1104253	Run does not match the configured, verified bacterial 16S subset	not_verified_16s_subset	Phase I bacterial 16S fermentation time-series	exclude	https://www.ebi.ac.uk/ena/browser/view/PRJNA1104253
run	SRR33747480	gopaulchan_2025_defined_community	PRJNA1104253	Run does not match the configured, verified bacterial 16S subset	not_verified_16s_subset	Phase I bacterial 16S fermentation time-series	exclude	https://www.ebi.ac.uk/ena/browser/view/PRJNA1104253
run	SRR33747481	gopaulchan_2025_defined_community	PRJNA1104253	Run does not match the configured, verified bacterial 16S subset	not_verified_16s_subset	Phase I bacterial 16S fermentation time-series	exclude	https://www.ebi.ac.uk/ena/browser/view/PRJNA1104253
run	SRR33747482	gopaulchan_2025_defined_community	PRJNA1104253	Run does not match the configured, verified bacterial 16S subset	not_verified_16s_subset	Phase I bacterial 16S fermentation time-series	exclude	https://www.ebi.ac.uk/ena/browser/view/PRJNA1104253
run	SRR33747483	gopaulchan_2025_defined_community	PRJNA1104253	Run does not match the configured, verified bacterial 16S subset	not_verified_16s_subset	Phase I bacterial 16S fermentation time-series	exclude	https://www.ebi.ac.uk/ena/browser/view/PRJNA1104253
run	SRR33747484	gopaulchan_2025_defined_community	PRJNA1104253	Run does not match the configured, verified bacterial 16S subset	not_verified_16s_subset	Phase I bacterial 16S fermentation time-series	exclude	https://www.ebi.ac.uk/ena/browser/view/PRJNA1104253
run	SRR33747485	gopaulchan_2025_defined_community	PRJNA1104253	Run does not match the configured, verified bacterial 16S subset	not_verified_16s_subset	Phase I bacterial 16S fermentation time-series	exclude	https://www.ebi.ac.uk/ena/browser/view/PRJNA1104253
run	SRR33747486	gopaulchan_2025_defined_community	PRJNA1104253	Run does not match the configured, verified bacterial 16S subset	not_verified_16s_subset	Phase I bacterial 16S fermentation time-series	exclude	https://www.ebi.ac.uk/ena/browser/view/PRJNA1104253
run	SRR33747487	gopaulchan_2025_defined_community	PRJNA1104253	Run does not match the configured, verified bacterial 16S subset	not_verified_16s_subset	Phase I bacterial 16S fermentation time-series	exclude	https://www.ebi.ac.uk/ena/browser/view/PRJNA1104253
run	SRR33747488	gopaulchan_2025_defined_community	PRJNA1104253	Run does not match the configured, verified bacterial 16S subset	not_verified_16s_subset	Phase I bacterial 16S fermentation time-series	exclude	https://www.ebi.ac.uk/ena/browser/view/PRJNA1104253
run	SRR33747489	gopaulchan_2025_defined_community	PRJNA1104253	Run does not match the configured, verified bacterial 16S subset	not_verified_16s_subset	Phase I bacterial 16S fermentation time-series	exclude	https://www.ebi.ac.uk/ena/browser/view/PRJNA1104253
run	SRR33747490	gopaulchan_2025_defined_community	PRJNA1104253	Run does not match the configured, verified bacterial 16S subset	not_verified_16s_subset	Phase I bacterial 16S fermentation time-series	exclude	https://www.ebi.ac.uk/ena/browser/view/PRJNA1104253
run	SRR33747491	gopaulchan_2025_defined_community	PRJNA1104253	Run does not match the configured, verified bacterial 16S subset	not_verified_16s_subset	Phase I bacterial 16S fermentation time-series	exclude	https://www.ebi.ac.uk/ena/browser/view/PRJNA1104253
run	SRR33747492	gopaulchan_2025_defined_community	PRJNA1104253	Run does not match the configured, verified bacterial 16S subset	not_verified_16s_subset	Phase I bacterial 16S fermentation time-series	exclude	https://www.ebi.ac.uk/ena/browser/view/PRJNA1104253
run	SRR33747493	gopaulchan_2025_defined_community	PRJNA1104253	Run does not match the configured, verified bacterial 16S subset	not_verified_16s_subset	Phase I bacterial 16S fermentation time-series	exclude	https://www.ebi.ac.uk/ena/browser/view/PRJNA1104253
run	SRR33747494	gopaulchan_2025_defined_community	PRJNA1104253	Run does not match the configured, verified bacterial 16S subset	not_verified_16s_subset	Phase I bacterial 16S fermentation time-series	exclude	https://www.ebi.ac.uk/ena/browser/view/PRJNA1104253
run	SRR33747495	gopaulchan_2025_defined_community	PRJNA1104253	Run does not match the configured, verified bacterial 16S subset	not_verified_16s_subset	Phase I bacterial 16S fermentation time-series	exclude	https://www.ebi.ac.uk/ena/browser/view/PRJNA1104253
run	SRR33747496	gopaulchan_2025_defined_community	PRJNA1104253	Run does not match the configured, verified bacterial 16S subset	not_verified_16s_subset	Phase I bacterial 16S fermentation time-series	exclude	https://www.ebi.ac.uk/ena/browser/view/PRJNA1104253
run	SRR33747497	gopaulchan_2025_defined_community	PRJNA1104253	Run does not match the configured, verified bacterial 16S subset	not_verified_16s_subset	Phase I bacterial 16S fermentation time-series	exclude	https://www.ebi.ac.uk/ena/browser/view/PRJNA1104253
run	SRR33747498	gopaulchan_2025_defined_community	PRJNA1104253	Run does not match the configured, verified bacterial 16S subset	not_verified_16s_subset	Phase I bacterial 16S fermentation time-series	exclude	https://www.ebi.ac.uk/ena/browser/view/PRJNA1104253
run	SRR33747499	gopaulchan_2025_defined_community	PRJNA1104253	Run does not match the configured, verified bacterial 16S subset	not_verified_16s_subset	Phase I bacterial 16S fermentation time-series	exclude	https://www.ebi.ac.uk/ena/browser/view/PRJNA1104253
run	SRR33747500	gopaulchan_2025_defined_community	PRJNA1104253	Run does not match the configured, verified bacterial 16S subset	not_verified_16s_subset	Phase I bacterial 16S fermentation time-series	exclude	https://www.ebi.ac.uk/ena/browser/view/PRJNA1104253
run	SRR33747501	gopaulchan_2025_defined_community	PRJNA1104253	Run does not match the configured, verified bacterial 16S subset	not_verified_16s_subset	Phase I bacterial 16S fermentation time-series	exclude	https://www.ebi.ac.uk/ena/browser/view/PRJNA1104253
run	SRR33747502	gopaulchan_2025_defined_community	PRJNA1104253	Run does not match the configured, verified bacterial 16S subset	not_verified_16s_subset	Phase I bacterial 16S fermentation time-series	exclude	https://www.ebi.ac.uk/ena/browser/view/PRJNA1104253
run	SRR33747503	gopaulchan_2025_defined_community	PRJNA1104253	Run does not match the configured, verified bacterial 16S subset	not_verified_16s_subset	Phase I bacterial 16S fermentation time-series	exclude	https://www.ebi.ac.uk/ena/browser/view/PRJNA1104253
run	SRR33747504	gopaulchan_2025_defined_community	PRJNA1104253	Run does not match the configured, verified bacterial 16S subset	not_verified_16s_subset	Phase I bacterial 16S fermentation time-series	exclude	https://www.ebi.ac.uk/ena/browser/view/PRJNA1104253
run	SRR33747505	gopaulchan_2025_defined_community	PRJNA1104253	Run does not match the configured, verified bacterial 16S subset	not_verified_16s_subset	Phase I bacterial 16S fermentation time-series	exclude	https://www.ebi.ac.uk/ena/browser/view/PRJNA1104253
run	SRR33747506	gopaulchan_2025_defined_community	PRJNA1104253	Run does not match the configured, verified bacterial 16S subset	not_verified_16s_subset	Phase I bacterial 16S fermentation time-series	exclude	https://www.ebi.ac.uk/ena/browser/view/PRJNA1104253
run	SRR33747507	gopaulchan_2025_defined_community	PRJNA1104253	Run does not match the configured, verified bacterial 16S subset	not_verified_16s_subset	Phase I bacterial 16S fermentation time-series	exclude	https://www.ebi.ac.uk/ena/browser/view/PRJNA1104253
run	SRR33747508	gopaulchan_2025_defined_community	PRJNA1104253	Run does not match the configured, verified bacterial 16S subset	not_verified_16s_subset	Phase I bacterial 16S fermentation time-series	exclude	https://www.ebi.ac.uk/ena/browser/view/PRJNA1104253
run	SRR33747509	gopaulchan_2025_defined_community	PRJNA1104253	Run does not match the configured, verified bacterial 16S subset	not_verified_16s_subset	Phase I bacterial 16S fermentation time-series	exclude	https://www.ebi.ac.uk/ena/browser/view/PRJNA1104253
run	SRR33747510	gopaulchan_2025_defined_community	PRJNA1104253	Run does not match the configured, verified bacterial 16S subset	not_verified_16s_subset	Phase I bacterial 16S fermentation time-series	exclude	https://www.ebi.ac.uk/ena/browser/view/PRJNA1104253
run	SRR33747511	gopaulchan_2025_defined_community	PRJNA1104253	Run does not match the configured, verified bacterial 16S subset	not_verified_16s_subset	Phase I bacterial 16S fermentation time-series	exclude	https://www.ebi.ac.uk/ena/browser/view/PRJNA1104253
run	SRR33747512	gopaulchan_2025_defined_community	PRJNA1104253	Run does not match the configured, verified bacterial 16S subset	not_verified_16s_subset	Phase I bacterial 16S fermentation time-series	exclude	https://www.ebi.ac.uk/ena/browser/view/PRJNA1104253
run	SRR33747513	gopaulchan_2025_defined_community	PRJNA1104253	Run does not match the configured, verified bacterial 16S subset	not_verified_16s_subset	Phase I bacterial 16S fermentation time-series	exclude	https://www.ebi.ac.uk/ena/browser/view/PRJNA1104253
run	SRR33747514	gopaulchan_2025_defined_community	PRJNA1104253	Run does not match the configured, verified bacterial 16S subset	not_verified_16s_subset	Phase I bacterial 16S fermentation time-series	exclude	https://www.ebi.ac.uk/ena/browser/view/PRJNA1104253
run	SRR33747515	gopaulchan_2025_defined_community	PRJNA1104253	Run does not match the configured, verified bacterial 16S subset	not_verified_16s_subset	Phase I bacterial 16S fermentation time-series	exclude	https://www.ebi.ac.uk/ena/browser/view/PRJNA1104253
run	SRR33747516	gopaulchan_2025_defined_community	PRJNA1104253	Run does not match the configured, verified bacterial 16S subset	not_verified_16s_subset	Phase I bacterial 16S fermentation time-series	exclude	https://www.ebi.ac.uk/ena/browser/view/PRJNA1104253
run	SRR33747517	gopaulchan_2025_defined_community	PRJNA1104253	Run does not match the configured, verified bacterial 16S subset	not_verified_16s_subset	Phase I bacterial 16S fermentation time-series	exclude	https://www.ebi.ac.uk/ena/browser/view/PRJNA1104253
run	SRR33747518	gopaulchan_2025_defined_community	PRJNA1104253	Run does not match the configured, verified bacterial 16S subset	not_verified_16s_subset	Phase I bacterial 16S fermentation time-series	exclude	https://www.ebi.ac.uk/ena/browser/view/PRJNA1104253
run	SRR33747519	gopaulchan_2025_defined_community	PRJNA1104253	Run does not match the configured, verified bacterial 16S subset	not_verified_16s_subset	Phase I bacterial 16S fermentation time-series	exclude	https://www.ebi.ac.uk/ena/browser/view/PRJNA1104253
run	SRR33747520	gopaulchan_2025_defined_community	PRJNA1104253	Run does not match the configured, verified bacterial 16S subset	not_verified_16s_subset	Phase I bacterial 16S fermentation time-series	exclude	https://www.ebi.ac.uk/ena/browser/view/PRJNA1104253
run	SRR33747521	gopaulchan_2025_defined_community	PRJNA1104253	Run does not match the configured, verified bacterial 16S subset	not_verified_16s_subset	Phase I bacterial 16S fermentation time-series	exclude	https://www.ebi.ac.uk/ena/browser/view/PRJNA1104253
run	SRR33747522	gopaulchan_2025_defined_community	PRJNA1104253	Run does not match the configured, verified bacterial 16S subset	not_verified_16s_subset	Phase I bacterial 16S fermentation time-series	exclude	https://www.ebi.ac.uk/ena/browser/view/PRJNA1104253
run	SRR33747523	gopaulchan_2025_defined_community	PRJNA1104253	Run does not match the configured, verified bacterial 16S subset	not_verified_16s_subset	Phase I bacterial 16S fermentation time-series	exclude	https://www.ebi.ac.uk/ena/browser/view/PRJNA1104253
run	SRR33747524	gopaulchan_2025_defined_community	PRJNA1104253	Run does not match the configured, verified bacterial 16S subset	not_verified_16s_subset	Phase I bacterial 16S fermentation time-series	exclude	https://www.ebi.ac.uk/ena/browser/view/PRJNA1104253
run	SRR33747525	gopaulchan_2025_defined_community	PRJNA1104253	Run does not match the configured, verified bacterial 16S subset	not_verified_16s_subset	Phase I bacterial 16S fermentation time-series	exclude	https://www.ebi.ac.uk/ena/browser/view/PRJNA1104253
run	SRR33747526	gopaulchan_2025_defined_community	PRJNA1104253	Run does not match the configured, verified bacterial 16S subset	not_verified_16s_subset	Phase I bacterial 16S fermentation time-series	exclude	https://www.ebi.ac.uk/ena/browser/view/PRJNA1104253
run	SRR33747527	gopaulchan_2025_defined_community	PRJNA1104253	Run does not match the configured, verified bacterial 16S subset	not_verified_16s_subset	Phase I bacterial 16S fermentation time-series	exclude	https://www.ebi.ac.uk/ena/browser/view/PRJNA1104253
run	SRR33747528	gopaulchan_2025_defined_community	PRJNA1104253	Run does not match the configured, verified bacterial 16S subset	not_verified_16s_subset	Phase I bacterial 16S fermentation time-series	exclude	https://www.ebi.ac.uk/ena/browser/view/PRJNA1104253
run	SRR33747529	gopaulchan_2025_defined_community	PRJNA1104253	Run does not match the configured, verified bacterial 16S subset	not_verified_16s_subset	Phase I bacterial 16S fermentation time-series	exclude	https://www.ebi.ac.uk/ena/browser/view/PRJNA1104253
run	SRR33747530	gopaulchan_2025_defined_community	PRJNA1104253	Run does not match the configured, verified bacterial 16S subset	not_verified_16s_subset	Phase I bacterial 16S fermentation time-series	exclude	https://www.ebi.ac.uk/ena/browser/view/PRJNA1104253
run	SRR33747531	gopaulchan_2025_defined_community	PRJNA1104253	Run does not match the configured, verified bacterial 16S subset	not_verified_16s_subset	Phase I bacterial 16S fermentation time-series	exclude	https://www.ebi.ac.uk/ena/browser/view/PRJNA1104253
run	SRR33747532	gopaulchan_2025_defined_community	PRJNA1104253	Run does not match the configured, verified bacterial 16S subset	not_verified_16s_subset	Phase I bacterial 16S fermentation time-series	exclude	https://www.ebi.ac.uk/ena/browser/view/PRJNA1104253
run	SRR33747533	gopaulchan_2025_defined_community	PRJNA1104253	Run does not match the configured, verified bacterial 16S subset	not_verified_16s_subset	Phase I bacterial 16S fermentation time-series	exclude	https://www.ebi.ac.uk/ena/browser/view/PRJNA1104253
run	SRR33747534	gopaulchan_2025_defined_community	PRJNA1104253	Run does not match the configured, verified bacterial 16S subset	not_verified_16s_subset	Phase I bacterial 16S fermentation time-series	exclude	https://www.ebi.ac.uk/ena/browser/view/PRJNA1104253
run	SRR33747535	gopaulchan_2025_defined_community	PRJNA1104253	Run does not match the configured, verified bacterial 16S subset	not_verified_16s_subset	Phase I bacterial 16S fermentation time-series	exclude	https://www.ebi.ac.uk/ena/browser/view/PRJNA1104253
run	SRR33747536	gopaulchan_2025_defined_community	PRJNA1104253	Run does not match the configured, verified bacterial 16S subset	not_verified_16s_subset	Phase I bacterial 16S fermentation time-series	exclude	https://www.ebi.ac.uk/ena/browser/view/PRJNA1104253
run	SRR33747537	gopaulchan_2025_defined_community	PRJNA1104253	Run does not match the configured, verified bacterial 16S subset	not_verified_16s_subset	Phase I bacterial 16S fermentation time-series	exclude	https://www.ebi.ac.uk/ena/browser/view/PRJNA1104253
run	SRR33747538	gopaulchan_2025_defined_community	PRJNA1104253	Run does not match the configured, verified bacterial 16S subset	not_verified_16s_subset	Phase I bacterial 16S fermentation time-series	exclude	https://www.ebi.ac.uk/ena/browser/view/PRJNA1104253
run	SRR33747539	gopaulchan_2025_defined_community	PRJNA1104253	Run does not match the configured, verified bacterial 16S subset	not_verified_16s_subset	Phase I bacterial 16S fermentation time-series	exclude	https://www.ebi.ac.uk/ena/browser/view/PRJNA1104253
run	SRR33747540	gopaulchan_2025_defined_community	PRJNA1104253	Run does not match the configured, verified bacterial 16S subset	not_verified_16s_subset	Phase I bacterial 16S fermentation time-series	exclude	https://www.ebi.ac.uk/ena/browser/view/PRJNA1104253
run	SRR33747541	gopaulchan_2025_defined_community	PRJNA1104253	Run does not match the configured, verified bacterial 16S subset	not_verified_16s_subset	Phase I bacterial 16S fermentation time-series	exclude	https://www.ebi.ac.uk/ena/browser/view/PRJNA1104253
run	SRR33747542	gopaulchan_2025_defined_community	PRJNA1104253	Run does not match the configured, verified bacterial 16S subset	not_verified_16s_subset	Phase I bacterial 16S fermentation time-series	exclude	https://www.ebi.ac.uk/ena/browser/view/PRJNA1104253
run	SRR33747543	gopaulchan_2025_defined_community	PRJNA1104253	Run does not match the configured, verified bacterial 16S subset	not_verified_16s_subset	Phase I bacterial 16S fermentation time-series	exclude	https://www.ebi.ac.uk/ena/browser/view/PRJNA1104253
run	SRR33747544	gopaulchan_2025_defined_community	PRJNA1104253	Run does not match the configured, verified bacterial 16S subset	not_verified_16s_subset	Phase I bacterial 16S fermentation time-series	exclude	https://www.ebi.ac.uk/ena/browser/view/PRJNA1104253
run	SRR33747545	gopaulchan_2025_defined_community	PRJNA1104253	Run does not match the configured, verified bacterial 16S subset	not_verified_16s_subset	Phase I bacterial 16S fermentation time-series	exclude	https://www.ebi.ac.uk/ena/browser/view/PRJNA1104253
run	SRR33747546	gopaulchan_2025_defined_community	PRJNA1104253	Run does not match the configured, verified bacterial 16S subset	not_verified_16s_subset	Phase I bacterial 16S fermentation time-series	exclude	https://www.ebi.ac.uk/ena/browser/view/PRJNA1104253
run	SRR33747547	gopaulchan_2025_defined_community	PRJNA1104253	Run does not match the configured, verified bacterial 16S subset	not_verified_16s_subset	Phase I bacterial 16S fermentation time-series	exclude	https://www.ebi.ac.uk/ena/browser/view/PRJNA1104253
run	SRR33747548	gopaulchan_2025_defined_community	PRJNA1104253	Run does not match the configured, verified bacterial 16S subset	not_verified_16s_subset	Phase I bacterial 16S fermentation time-series	exclude	https://www.ebi.ac.uk/ena/browser/view/PRJNA1104253
run	SRR33747549	gopaulchan_2025_defined_community	PRJNA1104253	Run does not match the configured, verified bacterial 16S subset	not_verified_16s_subset	Phase I bacterial 16S fermentation time-series	exclude	https://www.ebi.ac.uk/ena/browser/view/PRJNA1104253
run	SRR33747550	gopaulchan_2025_defined_community	PRJNA1104253	Run does not match the configured, verified bacterial 16S subset	not_verified_16s_subset	Phase I bacterial 16S fermentation time-series	exclude	https://www.ebi.ac.uk/ena/browser/view/PRJNA1104253
run	SRR33747551	gopaulchan_2025_defined_community	PRJNA1104253	Run does not match the configured, verified bacterial 16S subset	not_verified_16s_subset	Phase I bacterial 16S fermentation time-series	exclude	https://www.ebi.ac.uk/ena/browser/view/PRJNA1104253
run	SRR33747552	gopaulchan_2025_defined_community	PRJNA1104253	Run does not match the configured, verified bacterial 16S subset	not_verified_16s_subset	Phase I bacterial 16S fermentation time-series	exclude	https://www.ebi.ac.uk/ena/browser/view/PRJNA1104253
run	SRR33747553	gopaulchan_2025_defined_community	PRJNA1104253	Run does not match the configured, verified bacterial 16S subset	not_verified_16s_subset	Phase I bacterial 16S fermentation time-series	exclude	https://www.ebi.ac.uk/ena/browser/view/PRJNA1104253
run	SRR33747554	gopaulchan_2025_defined_community	PRJNA1104253	Run does not match the configured, verified bacterial 16S subset	not_verified_16s_subset	Phase I bacterial 16S fermentation time-series	exclude	https://www.ebi.ac.uk/ena/browser/view/PRJNA1104253
run	SRR33747555	gopaulchan_2025_defined_community	PRJNA1104253	Run does not match the configured, verified bacterial 16S subset	not_verified_16s_subset	Phase I bacterial 16S fermentation time-series	exclude	https://www.ebi.ac.uk/ena/browser/view/PRJNA1104253
run	SRR33747556	gopaulchan_2025_defined_community	PRJNA1104253	Run does not match the configured, verified bacterial 16S subset	not_verified_16s_subset	Phase I bacterial 16S fermentation time-series	exclude	https://www.ebi.ac.uk/ena/browser/view/PRJNA1104253
run	SRR33747557	gopaulchan_2025_defined_community	PRJNA1104253	Run does not match the configured, verified bacterial 16S subset	not_verified_16s_subset	Phase I bacterial 16S fermentation time-series	exclude	https://www.ebi.ac.uk/ena/browser/view/PRJNA1104253
run	SRR33747558	gopaulchan_2025_defined_community	PRJNA1104253	Run does not match the configured, verified bacterial 16S subset	not_verified_16s_subset	Phase I bacterial 16S fermentation time-series	exclude	https://www.ebi.ac.uk/ena/browser/view/PRJNA1104253
run	SRR33747559	gopaulchan_2025_defined_community	PRJNA1104253	Run does not match the configured, verified bacterial 16S subset	not_verified_16s_subset	Phase I bacterial 16S fermentation time-series	exclude	https://www.ebi.ac.uk/ena/browser/view/PRJNA1104253
run	SRR33747560	gopaulchan_2025_defined_community	PRJNA1104253	Run does not match the configured, verified bacterial 16S subset	not_verified_16s_subset	Phase I bacterial 16S fermentation time-series	exclude	https://www.ebi.ac.uk/ena/browser/view/PRJNA1104253
run	SRR33747561	gopaulchan_2025_defined_community	PRJNA1104253	Run does not match the configured, verified bacterial 16S subset	not_verified_16s_subset	Phase I bacterial 16S fermentation time-series	exclude	https://www.ebi.ac.uk/ena/browser/view/PRJNA1104253
run	SRR33747562	gopaulchan_2025_defined_community	PRJNA1104253	Run does not match the configured, verified bacterial 16S subset	not_verified_16s_subset	Phase I bacterial 16S fermentation time-series	exclude	https://www.ebi.ac.uk/ena/browser/view/PRJNA1104253
run	SRR33747563	gopaulchan_2025_defined_community	PRJNA1104253	Run does not match the configured, verified bacterial 16S subset	not_verified_16s_subset	Phase I bacterial 16S fermentation time-series	exclude	https://www.ebi.ac.uk/ena/browser/view/PRJNA1104253
run	SRR33747564	gopaulchan_2025_defined_community	PRJNA1104253	Run does not match the configured, verified bacterial 16S subset	not_verified_16s_subset	Phase I bacterial 16S fermentation time-series	exclude	https://www.ebi.ac.uk/ena/browser/view/PRJNA1104253
run	SRR33747565	gopaulchan_2025_defined_community	PRJNA1104253	Run does not match the configured, verified bacterial 16S subset	not_verified_16s_subset	Phase I bacterial 16S fermentation time-series	exclude	https://www.ebi.ac.uk/ena/browser/view/PRJNA1104253
run	SRR33747566	gopaulchan_2025_defined_community	PRJNA1104253	Run does not match the configured, verified bacterial 16S subset	not_verified_16s_subset	Phase I bacterial 16S fermentation time-series	exclude	https://www.ebi.ac.uk/ena/browser/view/PRJNA1104253
run	SRR33747567	gopaulchan_2025_defined_community	PRJNA1104253	Run does not match the configured, verified bacterial 16S subset	not_verified_16s_subset	Phase I bacterial 16S fermentation time-series	exclude	https://www.ebi.ac.uk/ena/browser/view/PRJNA1104253
run	SRR33747568	gopaulchan_2025_defined_community	PRJNA1104253	Run does not match the configured, verified bacterial 16S subset	not_verified_16s_subset	Phase I bacterial 16S fermentation time-series	exclude	https://www.ebi.ac.uk/ena/browser/view/PRJNA1104253
run	SRR33747569	gopaulchan_2025_defined_community	PRJNA1104253	Run does not match the configured, verified bacterial 16S subset	not_verified_16s_subset	Phase I bacterial 16S fermentation time-series	exclude	https://www.ebi.ac.uk/ena/browser/view/PRJNA1104253
run	SRR33747570	gopaulchan_2025_defined_community	PRJNA1104253	Run does not match the configured, verified bacterial 16S subset	not_verified_16s_subset	Phase I bacterial 16S fermentation time-series	exclude	https://www.ebi.ac.uk/ena/browser/view/PRJNA1104253
run	SRR33747571	gopaulchan_2025_defined_community	PRJNA1104253	Run does not match the configured, verified bacterial 16S subset	not_verified_16s_subset	Phase I bacterial 16S fermentation time-series	exclude	https://www.ebi.ac.uk/ena/browser/view/PRJNA1104253
run	SRR33747572	gopaulchan_2025_defined_community	PRJNA1104253	Run does not match the configured, verified bacterial 16S subset	not_verified_16s_subset	Phase I bacterial 16S fermentation time-series	exclude	https://www.ebi.ac.uk/ena/browser/view/PRJNA1104253
run	SRR33747573	gopaulchan_2025_defined_community	PRJNA1104253	Run does not match the configured, verified bacterial 16S subset	not_verified_16s_subset	Phase I bacterial 16S fermentation time-series	exclude	https://www.ebi.ac.uk/ena/browser/view/PRJNA1104253
run	SRR33747574	gopaulchan_2025_defined_community	PRJNA1104253	Run does not match the configured, verified bacterial 16S subset	not_verified_16s_subset	Phase I bacterial 16S fermentation time-series	exclude	https://www.ebi.ac.uk/ena/browser/view/PRJNA1104253
run	SRR33747575	gopaulchan_2025_defined_community	PRJNA1104253	Run does not match the configured, verified bacterial 16S subset	not_verified_16s_subset	Phase I bacterial 16S fermentation time-series	exclude	https://www.ebi.ac.uk/ena/browser/view/PRJNA1104253
run	SRR33747576	gopaulchan_2025_defined_community	PRJNA1104253	Run does not match the configured, verified bacterial 16S subset	not_verified_16s_subset	Phase I bacterial 16S fermentation time-series	exclude	https://www.ebi.ac.uk/ena/browser/view/PRJNA1104253
run	SRR20961351	hawaii_phyllosphere_ferment_2022	PRJNA865318	Phyllosphere run is outside the fermentation-mass population	non_fermentation_matrix	Phase I bacterial 16S fermentation time-series	exclude	https://www.ebi.ac.uk/ena/browser/view/PRJNA865318
run	SRR20961352	hawaii_phyllosphere_ferment_2022	PRJNA865318	Phyllosphere run is outside the fermentation-mass population	non_fermentation_matrix	Phase I bacterial 16S fermentation time-series	exclude	https://www.ebi.ac.uk/ena/browser/view/PRJNA865318
run	SRR20961353	hawaii_phyllosphere_ferment_2022	PRJNA865318	Phyllosphere run is outside the fermentation-mass population	non_fermentation_matrix	Phase I bacterial 16S fermentation time-series	exclude	https://www.ebi.ac.uk/ena/browser/view/PRJNA865318
run	SRR20961354	hawaii_phyllosphere_ferment_2022	PRJNA865318	Mock or negative-control run is not a biological fermentation sample	control	Phase I bacterial 16S fermentation time-series	exclude	https://www.ebi.ac.uk/ena/browser/view/PRJNA865318
run	SRR20961355	hawaii_phyllosphere_ferment_2022	PRJNA865318	Mock or negative-control run is not a biological fermentation sample	control	Phase I bacterial 16S fermentation time-series	exclude	https://www.ebi.ac.uk/ena/browser/view/PRJNA865318
run	SRR20961356	hawaii_phyllosphere_ferment_2022	PRJNA865318	Mock or negative-control run is not a biological fermentation sample	control	Phase I bacterial 16S fermentation time-series	exclude	https://www.ebi.ac.uk/ena/browser/view/PRJNA865318
run	SRR20961357	hawaii_phyllosphere_ferment_2022	PRJNA865318	Phyllosphere run is outside the fermentation-mass population	non_fermentation_matrix	Phase I bacterial 16S fermentation time-series	exclude	https://www.ebi.ac.uk/ena/browser/view/PRJNA865318
run	SRR20961358	hawaii_phyllosphere_ferment_2022	PRJNA865318	Mock or negative-control run is not a biological fermentation sample	control	Phase I bacterial 16S fermentation time-series	exclude	https://www.ebi.ac.uk/ena/browser/view/PRJNA865318
run	SRR20961359	hawaii_phyllosphere_ferment_2022	PRJNA865318	Mock or negative-control run is not a biological fermentation sample	control	Phase I bacterial 16S fermentation time-series	exclude	https://www.ebi.ac.uk/ena/browser/view/PRJNA865318
run	SRR20961360	hawaii_phyllosphere_ferment_2022	PRJNA865318	Mock or negative-control run is not a biological fermentation sample	control	Phase I bacterial 16S fermentation time-series	exclude	https://www.ebi.ac.uk/ena/browser/view/PRJNA865318
run	SRR20961361	hawaii_phyllosphere_ferment_2022	PRJNA865318	Mock or negative-control run is not a biological fermentation sample	control	Phase I bacterial 16S fermentation time-series	exclude	https://www.ebi.ac.uk/ena/browser/view/PRJNA865318
run	SRR20961362	hawaii_phyllosphere_ferment_2022	PRJNA865318	ITS/fungal run is outside bacterial 16S scope	non_bacterial_marker	Phase I bacterial 16S fermentation time-series	exclude	https://www.ebi.ac.uk/ena/browser/view/PRJNA865318
run	SRR20961363	hawaii_phyllosphere_ferment_2022	PRJNA865318	ITS/fungal run is outside bacterial 16S scope	non_bacterial_marker	Phase I bacterial 16S fermentation time-series	exclude	https://www.ebi.ac.uk/ena/browser/view/PRJNA865318
run	SRR20961364	hawaii_phyllosphere_ferment_2022	PRJNA865318	ITS/fungal run is outside bacterial 16S scope	non_bacterial_marker	Phase I bacterial 16S fermentation time-series	exclude	https://www.ebi.ac.uk/ena/browser/view/PRJNA865318
run	SRR20961365	hawaii_phyllosphere_ferment_2022	PRJNA865318	ITS/fungal run is outside bacterial 16S scope	non_bacterial_marker	Phase I bacterial 16S fermentation time-series	exclude	https://www.ebi.ac.uk/ena/browser/view/PRJNA865318
run	SRR20961366	hawaii_phyllosphere_ferment_2022	PRJNA865318	ITS/fungal run is outside bacterial 16S scope	non_bacterial_marker	Phase I bacterial 16S fermentation time-series	exclude	https://www.ebi.ac.uk/ena/browser/view/PRJNA865318
run	SRR20961367	hawaii_phyllosphere_ferment_2022	PRJNA865318	ITS/fungal run is outside bacterial 16S scope	non_bacterial_marker	Phase I bacterial 16S fermentation time-series	exclude	https://www.ebi.ac.uk/ena/browser/view/PRJNA865318
run	SRR20961368	hawaii_phyllosphere_ferment_2022	PRJNA865318	Phyllosphere run is outside the fermentation-mass population	non_fermentation_matrix	Phase I bacterial 16S fermentation time-series	exclude	https://www.ebi.ac.uk/ena/browser/view/PRJNA865318
run	SRR20961369	hawaii_phyllosphere_ferment_2022	PRJNA865318	ITS/fungal run is outside bacterial 16S scope	non_bacterial_marker	Phase I bacterial 16S fermentation time-series	exclude	https://www.ebi.ac.uk/ena/browser/view/PRJNA865318
run	SRR20961370	hawaii_phyllosphere_ferment_2022	PRJNA865318	ITS/fungal run is outside bacterial 16S scope	non_bacterial_marker	Phase I bacterial 16S fermentation time-series	exclude	https://www.ebi.ac.uk/ena/browser/view/PRJNA865318
run	SRR20961371	hawaii_phyllosphere_ferment_2022	PRJNA865318	ITS/fungal run is outside bacterial 16S scope	non_bacterial_marker	Phase I bacterial 16S fermentation time-series	exclude	https://www.ebi.ac.uk/ena/browser/view/PRJNA865318
run	SRR20961372	hawaii_phyllosphere_ferment_2022	PRJNA865318	ITS/fungal run is outside bacterial 16S scope	non_bacterial_marker	Phase I bacterial 16S fermentation time-series	exclude	https://www.ebi.ac.uk/ena/browser/view/PRJNA865318
run	SRR20961373	hawaii_phyllosphere_ferment_2022	PRJNA865318	ITS/fungal run is outside bacterial 16S scope	non_bacterial_marker	Phase I bacterial 16S fermentation time-series	exclude	https://www.ebi.ac.uk/ena/browser/view/PRJNA865318
run	SRR20961374	hawaii_phyllosphere_ferment_2022	PRJNA865318	ITS/fungal run is outside bacterial 16S scope	non_bacterial_marker	Phase I bacterial 16S fermentation time-series	exclude	https://www.ebi.ac.uk/ena/browser/view/PRJNA865318
run	SRR20961379	hawaii_phyllosphere_ferment_2022	PRJNA865318	Phyllosphere run is outside the fermentation-mass population	non_fermentation_matrix	Phase I bacterial 16S fermentation time-series	exclude	https://www.ebi.ac.uk/ena/browser/view/PRJNA865318
run	SRR20961390	hawaii_phyllosphere_ferment_2022	PRJNA865318	Phyllosphere run is outside the fermentation-mass population	non_fermentation_matrix	Phase I bacterial 16S fermentation time-series	exclude	https://www.ebi.ac.uk/ena/browser/view/PRJNA865318
run	SRR20961398	hawaii_phyllosphere_ferment_2022	PRJNA865318	Phyllosphere run is outside the fermentation-mass population	non_fermentation_matrix	Phase I bacterial 16S fermentation time-series	exclude	https://www.ebi.ac.uk/ena/browser/view/PRJNA865318
run	SRR20961399	hawaii_phyllosphere_ferment_2022	PRJNA865318	Phyllosphere run is outside the fermentation-mass population	non_fermentation_matrix	Phase I bacterial 16S fermentation time-series	exclude	https://www.ebi.ac.uk/ena/browser/view/PRJNA865318
run	SRR20961400	hawaii_phyllosphere_ferment_2022	PRJNA865318	Phyllosphere run is outside the fermentation-mass population	non_fermentation_matrix	Phase I bacterial 16S fermentation time-series	exclude	https://www.ebi.ac.uk/ena/browser/view/PRJNA865318
run	SRR20961401	hawaii_phyllosphere_ferment_2022	PRJNA865318	Phyllosphere run is outside the fermentation-mass population	non_fermentation_matrix	Phase I bacterial 16S fermentation time-series	exclude	https://www.ebi.ac.uk/ena/browser/view/PRJNA865318
run	SRR20961402	hawaii_phyllosphere_ferment_2022	PRJNA865318	Phyllosphere run is outside the fermentation-mass population	non_fermentation_matrix	Phase I bacterial 16S fermentation time-series	exclude	https://www.ebi.ac.uk/ena/browser/view/PRJNA865318
run	SRR20961403	hawaii_phyllosphere_ferment_2022	PRJNA865318	Phyllosphere run is outside the fermentation-mass population	non_fermentation_matrix	Phase I bacterial 16S fermentation time-series	exclude	https://www.ebi.ac.uk/ena/browser/view/PRJNA865318
run	SRR20961404	hawaii_phyllosphere_ferment_2022	PRJNA865318	Phyllosphere run is outside the fermentation-mass population	non_fermentation_matrix	Phase I bacterial 16S fermentation time-series	exclude	https://www.ebi.ac.uk/ena/browser/view/PRJNA865318
run	SRR20961405	hawaii_phyllosphere_ferment_2022	PRJNA865318	Phyllosphere run is outside the fermentation-mass population	non_fermentation_matrix	Phase I bacterial 16S fermentation time-series	exclude	https://www.ebi.ac.uk/ena/browser/view/PRJNA865318
run	SRR20961406	hawaii_phyllosphere_ferment_2022	PRJNA865318	Phyllosphere run is outside the fermentation-mass population	non_fermentation_matrix	Phase I bacterial 16S fermentation time-series	exclude	https://www.ebi.ac.uk/ena/browser/view/PRJNA865318
run	SRR20961407	hawaii_phyllosphere_ferment_2022	PRJNA865318	Phyllosphere run is outside the fermentation-mass population	non_fermentation_matrix	Phase I bacterial 16S fermentation time-series	exclude	https://www.ebi.ac.uk/ena/browser/view/PRJNA865318
run	SRR20961408	hawaii_phyllosphere_ferment_2022	PRJNA865318	Phyllosphere run is outside the fermentation-mass population	non_fermentation_matrix	Phase I bacterial 16S fermentation time-series	exclude	https://www.ebi.ac.uk/ena/browser/view/PRJNA865318
run	SRR20961409	hawaii_phyllosphere_ferment_2022	PRJNA865318	Phyllosphere run is outside the fermentation-mass population	non_fermentation_matrix	Phase I bacterial 16S fermentation time-series	exclude	https://www.ebi.ac.uk/ena/browser/view/PRJNA865318
run	SRR20961410	hawaii_phyllosphere_ferment_2022	PRJNA865318	Phyllosphere run is outside the fermentation-mass population	non_fermentation_matrix	Phase I bacterial 16S fermentation time-series	exclude	https://www.ebi.ac.uk/ena/browser/view/PRJNA865318
run	SRR20961411	hawaii_phyllosphere_ferment_2022	PRJNA865318	Phyllosphere run is outside the fermentation-mass population	non_fermentation_matrix	Phase I bacterial 16S fermentation time-series	exclude	https://www.ebi.ac.uk/ena/browser/view/PRJNA865318
run	SRR20961412	hawaii_phyllosphere_ferment_2022	PRJNA865318	Phyllosphere run is outside the fermentation-mass population	non_fermentation_matrix	Phase I bacterial 16S fermentation time-series	exclude	https://www.ebi.ac.uk/ena/browser/view/PRJNA865318
run	SRR20961413	hawaii_phyllosphere_ferment_2022	PRJNA865318	Phyllosphere run is outside the fermentation-mass population	non_fermentation_matrix	Phase I bacterial 16S fermentation time-series	exclude	https://www.ebi.ac.uk/ena/browser/view/PRJNA865318
run	SRR7899637	pacheco_montealegre_2020_colombia	PRJNA492720	ITS/fungal run is outside bacterial 16S scope	non_bacterial_marker	Phase I bacterial 16S fermentation time-series	exclude	https://www.ebi.ac.uk/ena/browser/view/PRJNA492720
run	SRR7899638	pacheco_montealegre_2020_colombia	PRJNA492720	ITS/fungal run is outside bacterial 16S scope	non_bacterial_marker	Phase I bacterial 16S fermentation time-series	exclude	https://www.ebi.ac.uk/ena/browser/view/PRJNA492720
run	SRR7899639	pacheco_montealegre_2020_colombia	PRJNA492720	ITS/fungal run is outside bacterial 16S scope	non_bacterial_marker	Phase I bacterial 16S fermentation time-series	exclude	https://www.ebi.ac.uk/ena/browser/view/PRJNA492720
run	SRR7899640	pacheco_montealegre_2020_colombia	PRJNA492720	ITS/fungal run is outside bacterial 16S scope	non_bacterial_marker	Phase I bacterial 16S fermentation time-series	exclude	https://www.ebi.ac.uk/ena/browser/view/PRJNA492720
run	SRR7899645	pacheco_montealegre_2020_colombia	PRJNA492720	ITS/fungal run is outside bacterial 16S scope	non_bacterial_marker	Phase I bacterial 16S fermentation time-series	exclude	https://www.ebi.ac.uk/ena/browser/view/PRJNA492720
run	SRR7899646	pacheco_montealegre_2020_colombia	PRJNA492720	ITS/fungal run is outside bacterial 16S scope	non_bacterial_marker	Phase I bacterial 16S fermentation time-series	exclude	https://www.ebi.ac.uk/ena/browser/view/PRJNA492720
run	SRR7899651	pacheco_montealegre_2020_colombia	PRJNA492720	ITS/fungal run is outside bacterial 16S scope	non_bacterial_marker	Phase I bacterial 16S fermentation time-series	exclude	https://www.ebi.ac.uk/ena/browser/view/PRJNA492720
run	SRR7899652	pacheco_montealegre_2020_colombia	PRJNA492720	ITS/fungal run is outside bacterial 16S scope	non_bacterial_marker	Phase I bacterial 16S fermentation time-series	exclude	https://www.ebi.ac.uk/ena/browser/view/PRJNA492720
run	SRR7899653	pacheco_montealegre_2020_colombia	PRJNA492720	Run does not match the configured, verified bacterial 16S subset	not_verified_16s_subset	Phase I bacterial 16S fermentation time-series	exclude	https://www.ebi.ac.uk/ena/browser/view/PRJNA492720
run	SRR7899654	pacheco_montealegre_2020_colombia	PRJNA492720	Run does not match the configured, verified bacterial 16S subset	not_verified_16s_subset	Phase I bacterial 16S fermentation time-series	exclude	https://www.ebi.ac.uk/ena/browser/view/PRJNA492720
run	SRR7899657	pacheco_montealegre_2020_colombia	PRJNA492720	ITS/fungal run is outside bacterial 16S scope	non_bacterial_marker	Phase I bacterial 16S fermentation time-series	exclude	https://www.ebi.ac.uk/ena/browser/view/PRJNA492720
run	SRR7899658	pacheco_montealegre_2020_colombia	PRJNA492720	ITS/fungal run is outside bacterial 16S scope	non_bacterial_marker	Phase I bacterial 16S fermentation time-series	exclude	https://www.ebi.ac.uk/ena/browser/view/PRJNA492720
run	SRR7899659	pacheco_montealegre_2020_colombia	PRJNA492720	ITS/fungal run is outside bacterial 16S scope	non_bacterial_marker	Phase I bacterial 16S fermentation time-series	exclude	https://www.ebi.ac.uk/ena/browser/view/PRJNA492720
run	SRR7899660	pacheco_montealegre_2020_colombia	PRJNA492720	ITS/fungal run is outside bacterial 16S scope	non_bacterial_marker	Phase I bacterial 16S fermentation time-series	exclude	https://www.ebi.ac.uk/ena/browser/view/PRJNA492720
run	SRR7899661	pacheco_montealegre_2020_colombia	PRJNA492720	ITS/fungal run is outside bacterial 16S scope	non_bacterial_marker	Phase I bacterial 16S fermentation time-series	exclude	https://www.ebi.ac.uk/ena/browser/view/PRJNA492720
run	SRR7899662	pacheco_montealegre_2020_colombia	PRJNA492720	ITS/fungal run is outside bacterial 16S scope	non_bacterial_marker	Phase I bacterial 16S fermentation time-series	exclude	https://www.ebi.ac.uk/ena/browser/view/PRJNA492720
run	SRR7899663	pacheco_montealegre_2020_colombia	PRJNA492720	ITS/fungal run is outside bacterial 16S scope	non_bacterial_marker	Phase I bacterial 16S fermentation time-series	exclude	https://www.ebi.ac.uk/ena/browser/view/PRJNA492720
run	SRR7899664	pacheco_montealegre_2020_colombia	PRJNA492720	ITS/fungal run is outside bacterial 16S scope	non_bacterial_marker	Phase I bacterial 16S fermentation time-series	exclude	https://www.ebi.ac.uk/ena/browser/view/PRJNA492720
run	SRR7899665	pacheco_montealegre_2020_colombia	PRJNA492720	ITS/fungal run is outside bacterial 16S scope	non_bacterial_marker	Phase I bacterial 16S fermentation time-series	exclude	https://www.ebi.ac.uk/ena/browser/view/PRJNA492720
run	SRR7899666	pacheco_montealegre_2020_colombia	PRJNA492720	ITS/fungal run is outside bacterial 16S scope	non_bacterial_marker	Phase I bacterial 16S fermentation time-series	exclude	https://www.ebi.ac.uk/ena/browser/view/PRJNA492720
run	SRR7899667	pacheco_montealegre_2020_colombia	PRJNA492720	Run does not match the configured, verified bacterial 16S subset	not_verified_16s_subset	Phase I bacterial 16S fermentation time-series	exclude	https://www.ebi.ac.uk/ena/browser/view/PRJNA492720
run	SRR7899668	pacheco_montealegre_2020_colombia	PRJNA492720	Run does not match the configured, verified bacterial 16S subset	not_verified_16s_subset	Phase I bacterial 16S fermentation time-series	exclude	https://www.ebi.ac.uk/ena/browser/view/PRJNA492720
run	SRR7899669	pacheco_montealegre_2020_colombia	PRJNA492720	Run does not match the configured, verified bacterial 16S subset	not_verified_16s_subset	Phase I bacterial 16S fermentation time-series	exclude	https://www.ebi.ac.uk/ena/browser/view/PRJNA492720
run	SRR7899670	pacheco_montealegre_2020_colombia	PRJNA492720	Run does not match the configured, verified bacterial 16S subset	not_verified_16s_subset	Phase I bacterial 16S fermentation time-series	exclude	https://www.ebi.ac.uk/ena/browser/view/PRJNA492720
run	SRR7899671	pacheco_montealegre_2020_colombia	PRJNA492720	Run does not match the configured, verified bacterial 16S subset	not_verified_16s_subset	Phase I bacterial 16S fermentation time-series	exclude	https://www.ebi.ac.uk/ena/browser/view/PRJNA492720
run	SRR7899672	pacheco_montealegre_2020_colombia	PRJNA492720	Run does not match the configured, verified bacterial 16S subset	not_verified_16s_subset	Phase I bacterial 16S fermentation time-series	exclude	https://www.ebi.ac.uk/ena/browser/view/PRJNA492720
run	SRR7899673	pacheco_montealegre_2020_colombia	PRJNA492720	Run does not match the configured, verified bacterial 16S subset	not_verified_16s_subset	Phase I bacterial 16S fermentation time-series	exclude	https://www.ebi.ac.uk/ena/browser/view/PRJNA492720
run	SRR7899674	pacheco_montealegre_2020_colombia	PRJNA492720	Run does not match the configured, verified bacterial 16S subset	not_verified_16s_subset	Phase I bacterial 16S fermentation time-series	exclude	https://www.ebi.ac.uk/ena/browser/view/PRJNA492720
run	SRR7899675	pacheco_montealegre_2020_colombia	PRJNA492720	Run does not match the configured, verified bacterial 16S subset	not_verified_16s_subset	Phase I bacterial 16S fermentation time-series	exclude	https://www.ebi.ac.uk/ena/browser/view/PRJNA492720
run	SRR7899676	pacheco_montealegre_2020_colombia	PRJNA492720	Run does not match the configured, verified bacterial 16S subset	not_verified_16s_subset	Phase I bacterial 16S fermentation time-series	exclude	https://www.ebi.ac.uk/ena/browser/view/PRJNA492720
run	SRR7899677	pacheco_montealegre_2020_colombia	PRJNA492720	Run does not match the configured, verified bacterial 16S subset	not_verified_16s_subset	Phase I bacterial 16S fermentation time-series	exclude	https://www.ebi.ac.uk/ena/browser/view/PRJNA492720
run	SRR7899689	pacheco_montealegre_2020_colombia	PRJNA492720	Run does not match the configured, verified bacterial 16S subset	not_verified_16s_subset	Phase I bacterial 16S fermentation time-series	exclude	https://www.ebi.ac.uk/ena/browser/view/PRJNA492720
run	SRR7899690	pacheco_montealegre_2020_colombia	PRJNA492720	ITS/fungal run is outside bacterial 16S scope	non_bacterial_marker	Phase I bacterial 16S fermentation time-series	exclude	https://www.ebi.ac.uk/ena/browser/view/PRJNA492720
run	SRR7899695	pacheco_montealegre_2020_colombia	PRJNA492720	ITS/fungal run is outside bacterial 16S scope	non_bacterial_marker	Phase I bacterial 16S fermentation time-series	exclude	https://www.ebi.ac.uk/ena/browser/view/PRJNA492720
run	SRR7899701	pacheco_montealegre_2020_colombia	PRJNA492720	ITS/fungal run is outside bacterial 16S scope	non_bacterial_marker	Phase I bacterial 16S fermentation time-series	exclude	https://www.ebi.ac.uk/ena/browser/view/PRJNA492720
run	SRR7899702	pacheco_montealegre_2020_colombia	PRJNA492720	ITS/fungal run is outside bacterial 16S scope	non_bacterial_marker	Phase I bacterial 16S fermentation time-series	exclude	https://www.ebi.ac.uk/ena/browser/view/PRJNA492720
run	SRR7899703	pacheco_montealegre_2020_colombia	PRJNA492720	ITS/fungal run is outside bacterial 16S scope	non_bacterial_marker	Phase I bacterial 16S fermentation time-series	exclude	https://www.ebi.ac.uk/ena/browser/view/PRJNA492720
run	SRR7899704	pacheco_montealegre_2020_colombia	PRJNA492720	ITS/fungal run is outside bacterial 16S scope	non_bacterial_marker	Phase I bacterial 16S fermentation time-series	exclude	https://www.ebi.ac.uk/ena/browser/view/PRJNA492720
run	SRR7899705	pacheco_montealegre_2020_colombia	PRJNA492720	ITS/fungal run is outside bacterial 16S scope	non_bacterial_marker	Phase I bacterial 16S fermentation time-series	exclude	https://www.ebi.ac.uk/ena/browser/view/PRJNA492720
run	SRR7899706	pacheco_montealegre_2020_colombia	PRJNA492720	ITS/fungal run is outside bacterial 16S scope	non_bacterial_marker	Phase I bacterial 16S fermentation time-series	exclude	https://www.ebi.ac.uk/ena/browser/view/PRJNA492720
run	SRR7899707	pacheco_montealegre_2020_colombia	PRJNA492720	ITS/fungal run is outside bacterial 16S scope	non_bacterial_marker	Phase I bacterial 16S fermentation time-series	exclude	https://www.ebi.ac.uk/ena/browser/view/PRJNA492720
run	SRR7899708	pacheco_montealegre_2020_colombia	PRJNA492720	ITS/fungal run is outside bacterial 16S scope	non_bacterial_marker	Phase I bacterial 16S fermentation time-series	exclude	https://www.ebi.ac.uk/ena/browser/view/PRJNA492720
run	SRR7899710	pacheco_montealegre_2020_colombia	PRJNA492720	ITS/fungal run is outside bacterial 16S scope	non_bacterial_marker	Phase I bacterial 16S fermentation time-series	exclude	https://www.ebi.ac.uk/ena/browser/view/PRJNA492720
run	SRR7899711	pacheco_montealegre_2020_colombia	PRJNA492720	ITS/fungal run is outside bacterial 16S scope	non_bacterial_marker	Phase I bacterial 16S fermentation time-series	exclude	https://www.ebi.ac.uk/ena/browser/view/PRJNA492720
run	SRR7899712	pacheco_montealegre_2020_colombia	PRJNA492720	ITS/fungal run is outside bacterial 16S scope	non_bacterial_marker	Phase I bacterial 16S fermentation time-series	exclude	https://www.ebi.ac.uk/ena/browser/view/PRJNA492720
run	SRR7899713	pacheco_montealegre_2020_colombia	PRJNA492720	ITS/fungal run is outside bacterial 16S scope	non_bacterial_marker	Phase I bacterial 16S fermentation time-series	exclude	https://www.ebi.ac.uk/ena/browser/view/PRJNA492720
run	SRR7899714	pacheco_montealegre_2020_colombia	PRJNA492720	ITS/fungal run is outside bacterial 16S scope	non_bacterial_marker	Phase I bacterial 16S fermentation time-series	exclude	https://www.ebi.ac.uk/ena/browser/view/PRJNA492720
run	SRR7899715	pacheco_montealegre_2020_colombia	PRJNA492720	Run does not match the configured, verified bacterial 16S subset	not_verified_16s_subset	Phase I bacterial 16S fermentation time-series	exclude	https://www.ebi.ac.uk/ena/browser/view/PRJNA492720
run	SRR7899716	pacheco_montealegre_2020_colombia	PRJNA492720	ITS/fungal run is outside bacterial 16S scope	non_bacterial_marker	Phase I bacterial 16S fermentation time-series	exclude	https://www.ebi.ac.uk/ena/browser/view/PRJNA492720
run	SRR7899717	pacheco_montealegre_2020_colombia	PRJNA492720	ITS/fungal run is outside bacterial 16S scope	non_bacterial_marker	Phase I bacterial 16S fermentation time-series	exclude	https://www.ebi.ac.uk/ena/browser/view/PRJNA492720
run	SRR7899731	pacheco_montealegre_2020_colombia	PRJNA492720	ITS/fungal run is outside bacterial 16S scope	non_bacterial_marker	Phase I bacterial 16S fermentation time-series	exclude	https://www.ebi.ac.uk/ena/browser/view/PRJNA492720
run	SRR7899732	pacheco_montealegre_2020_colombia	PRJNA492720	ITS/fungal run is outside bacterial 16S scope	non_bacterial_marker	Phase I bacterial 16S fermentation time-series	exclude	https://www.ebi.ac.uk/ena/browser/view/PRJNA492720
run	SRR7899733	pacheco_montealegre_2020_colombia	PRJNA492720	ITS/fungal run is outside bacterial 16S scope	non_bacterial_marker	Phase I bacterial 16S fermentation time-series	exclude	https://www.ebi.ac.uk/ena/browser/view/PRJNA492720
run	SRR7899734	pacheco_montealegre_2020_colombia	PRJNA492720	ITS/fungal run is outside bacterial 16S scope	non_bacterial_marker	Phase I bacterial 16S fermentation time-series	exclude	https://www.ebi.ac.uk/ena/browser/view/PRJNA492720
run	SRR7899735	pacheco_montealegre_2020_colombia	PRJNA492720	ITS/fungal run is outside bacterial 16S scope	non_bacterial_marker	Phase I bacterial 16S fermentation time-series	exclude	https://www.ebi.ac.uk/ena/browser/view/PRJNA492720
run	SRR7899736	pacheco_montealegre_2020_colombia	PRJNA492720	ITS/fungal run is outside bacterial 16S scope	non_bacterial_marker	Phase I bacterial 16S fermentation time-series	exclude	https://www.ebi.ac.uk/ena/browser/view/PRJNA492720
run	SRR7899737	pacheco_montealegre_2020_colombia	PRJNA492720	ITS/fungal run is outside bacterial 16S scope	non_bacterial_marker	Phase I bacterial 16S fermentation time-series	exclude	https://www.ebi.ac.uk/ena/browser/view/PRJNA492720
run	SRR7899738	pacheco_montealegre_2020_colombia	PRJNA492720	ITS/fungal run is outside bacterial 16S scope	non_bacterial_marker	Phase I bacterial 16S fermentation time-series	exclude	https://www.ebi.ac.uk/ena/browser/view/PRJNA492720
run	SRR7899739	pacheco_montealegre_2020_colombia	PRJNA492720	ITS/fungal run is outside bacterial 16S scope	non_bacterial_marker	Phase I bacterial 16S fermentation time-series	exclude	https://www.ebi.ac.uk/ena/browser/view/PRJNA492720
run	SRR7899740	pacheco_montealegre_2020_colombia	PRJNA492720	Run does not match the configured, verified bacterial 16S subset	not_verified_16s_subset	Phase I bacterial 16S fermentation time-series	exclude	https://www.ebi.ac.uk/ena/browser/view/PRJNA492720
run	SRR7899741	pacheco_montealegre_2020_colombia	PRJNA492720	Run does not match the configured, verified bacterial 16S subset	not_verified_16s_subset	Phase I bacterial 16S fermentation time-series	exclude	https://www.ebi.ac.uk/ena/browser/view/PRJNA492720
run	SRR7899742	pacheco_montealegre_2020_colombia	PRJNA492720	ITS/fungal run is outside bacterial 16S scope	non_bacterial_marker	Phase I bacterial 16S fermentation time-series	exclude	https://www.ebi.ac.uk/ena/browser/view/PRJNA492720
run	SRR7899743	pacheco_montealegre_2020_colombia	PRJNA492720	ITS/fungal run is outside bacterial 16S scope	non_bacterial_marker	Phase I bacterial 16S fermentation time-series	exclude	https://www.ebi.ac.uk/ena/browser/view/PRJNA492720
run	SRR7899746	pacheco_montealegre_2020_colombia	PRJNA492720	ITS/fungal run is outside bacterial 16S scope	non_bacterial_marker	Phase I bacterial 16S fermentation time-series	exclude	https://www.ebi.ac.uk/ena/browser/view/PRJNA492720
run	SRR7899747	pacheco_montealegre_2020_colombia	PRJNA492720	ITS/fungal run is outside bacterial 16S scope	non_bacterial_marker	Phase I bacterial 16S fermentation time-series	exclude	https://www.ebi.ac.uk/ena/browser/view/PRJNA492720
run	SRR7899748	pacheco_montealegre_2020_colombia	PRJNA492720	ITS/fungal run is outside bacterial 16S scope	non_bacterial_marker	Phase I bacterial 16S fermentation time-series	exclude	https://www.ebi.ac.uk/ena/browser/view/PRJNA492720
run	SRR7899749	pacheco_montealegre_2020_colombia	PRJNA492720	ITS/fungal run is outside bacterial 16S scope	non_bacterial_marker	Phase I bacterial 16S fermentation time-series	exclude	https://www.ebi.ac.uk/ena/browser/view/PRJNA492720
run	SRR7899750	pacheco_montealegre_2020_colombia	PRJNA492720	ITS/fungal run is outside bacterial 16S scope	non_bacterial_marker	Phase I bacterial 16S fermentation time-series	exclude	https://www.ebi.ac.uk/ena/browser/view/PRJNA492720
run	SRR7899751	pacheco_montealegre_2020_colombia	PRJNA492720	ITS/fungal run is outside bacterial 16S scope	non_bacterial_marker	Phase I bacterial 16S fermentation time-series	exclude	https://www.ebi.ac.uk/ena/browser/view/PRJNA492720
run	SRR7899752	pacheco_montealegre_2020_colombia	PRJNA492720	ITS/fungal run is outside bacterial 16S scope	non_bacterial_marker	Phase I bacterial 16S fermentation time-series	exclude	https://www.ebi.ac.uk/ena/browser/view/PRJNA492720
run	SRR7899753	pacheco_montealegre_2020_colombia	PRJNA492720	ITS/fungal run is outside bacterial 16S scope	non_bacterial_marker	Phase I bacterial 16S fermentation time-series	exclude	https://www.ebi.ac.uk/ena/browser/view/PRJNA492720
run	SRR7899754	pacheco_montealegre_2020_colombia	PRJNA492720	ITS/fungal run is outside bacterial 16S scope	non_bacterial_marker	Phase I bacterial 16S fermentation time-series	exclude	https://www.ebi.ac.uk/ena/browser/view/PRJNA492720
run	SRR7899755	pacheco_montealegre_2020_colombia	PRJNA492720	ITS/fungal run is outside bacterial 16S scope	non_bacterial_marker	Phase I bacterial 16S fermentation time-series	exclude	https://www.ebi.ac.uk/ena/browser/view/PRJNA492720
run	SRR7899756	pacheco_montealegre_2020_colombia	PRJNA492720	ITS/fungal run is outside bacterial 16S scope	non_bacterial_marker	Phase I bacterial 16S fermentation time-series	exclude	https://www.ebi.ac.uk/ena/browser/view/PRJNA492720
run	SRR7899757	pacheco_montealegre_2020_colombia	PRJNA492720	ITS/fungal run is outside bacterial 16S scope	non_bacterial_marker	Phase I bacterial 16S fermentation time-series	exclude	https://www.ebi.ac.uk/ena/browser/view/PRJNA492720
run	SRR7899758	pacheco_montealegre_2020_colombia	PRJNA492720	ITS/fungal run is outside bacterial 16S scope	non_bacterial_marker	Phase I bacterial 16S fermentation time-series	exclude	https://www.ebi.ac.uk/ena/browser/view/PRJNA492720
run	SRR7899759	pacheco_montealegre_2020_colombia	PRJNA492720	ITS/fungal run is outside bacterial 16S scope	non_bacterial_marker	Phase I bacterial 16S fermentation time-series	exclude	https://www.ebi.ac.uk/ena/browser/view/PRJNA492720
run	SRR7899760	pacheco_montealegre_2020_colombia	PRJNA492720	ITS/fungal run is outside bacterial 16S scope	non_bacterial_marker	Phase I bacterial 16S fermentation time-series	exclude	https://www.ebi.ac.uk/ena/browser/view/PRJNA492720
run	SRR7899761	pacheco_montealegre_2020_colombia	PRJNA492720	ITS/fungal run is outside bacterial 16S scope	non_bacterial_marker	Phase I bacterial 16S fermentation time-series	exclude	https://www.ebi.ac.uk/ena/browser/view/PRJNA492720
run	SRR7899762	pacheco_montealegre_2020_colombia	PRJNA492720	ITS/fungal run is outside bacterial 16S scope	non_bacterial_marker	Phase I bacterial 16S fermentation time-series	exclude	https://www.ebi.ac.uk/ena/browser/view/PRJNA492720
run	SRR7899763	pacheco_montealegre_2020_colombia	PRJNA492720	ITS/fungal run is outside bacterial 16S scope	non_bacterial_marker	Phase I bacterial 16S fermentation time-series	exclude	https://www.ebi.ac.uk/ena/browser/view/PRJNA492720
run	SRR7899764	pacheco_montealegre_2020_colombia	PRJNA492720	ITS/fungal run is outside bacterial 16S scope	non_bacterial_marker	Phase I bacterial 16S fermentation time-series	exclude	https://www.ebi.ac.uk/ena/browser/view/PRJNA492720
run	SRR7899765	pacheco_montealegre_2020_colombia	PRJNA492720	Run does not match the configured, verified bacterial 16S subset	not_verified_16s_subset	Phase I bacterial 16S fermentation time-series	exclude	https://www.ebi.ac.uk/ena/browser/view/PRJNA492720
run	SRR7899766	pacheco_montealegre_2020_colombia	PRJNA492720	Run does not match the configured, verified bacterial 16S subset	not_verified_16s_subset	Phase I bacterial 16S fermentation time-series	exclude	https://www.ebi.ac.uk/ena/browser/view/PRJNA492720
run	SRR7899767	pacheco_montealegre_2020_colombia	PRJNA492720	Run does not match the configured, verified bacterial 16S subset	not_verified_16s_subset	Phase I bacterial 16S fermentation time-series	exclude	https://www.ebi.ac.uk/ena/browser/view/PRJNA492720
run	SRR7899768	pacheco_montealegre_2020_colombia	PRJNA492720	Run does not match the configured, verified bacterial 16S subset	not_verified_16s_subset	Phase I bacterial 16S fermentation time-series	exclude	https://www.ebi.ac.uk/ena/browser/view/PRJNA492720
run	SRR7899769	pacheco_montealegre_2020_colombia	PRJNA492720	Run does not match the configured, verified bacterial 16S subset	not_verified_16s_subset	Phase I bacterial 16S fermentation time-series	exclude	https://www.ebi.ac.uk/ena/browser/view/PRJNA492720
run	SRR7899770	pacheco_montealegre_2020_colombia	PRJNA492720	Run does not match the configured, verified bacterial 16S subset	not_verified_16s_subset	Phase I bacterial 16S fermentation time-series	exclude	https://www.ebi.ac.uk/ena/browser/view/PRJNA492720
run	SRR7899771	pacheco_montealegre_2020_colombia	PRJNA492720	Run does not match the configured, verified bacterial 16S subset	not_verified_16s_subset	Phase I bacterial 16S fermentation time-series	exclude	https://www.ebi.ac.uk/ena/browser/view/PRJNA492720
run	SRR7899772	pacheco_montealegre_2020_colombia	PRJNA492720	Run does not match the configured, verified bacterial 16S subset	not_verified_16s_subset	Phase I bacterial 16S fermentation time-series	exclude	https://www.ebi.ac.uk/ena/browser/view/PRJNA492720
run	SRR7899773	pacheco_montealegre_2020_colombia	PRJNA492720	Run does not match the configured, verified bacterial 16S subset	not_verified_16s_subset	Phase I bacterial 16S fermentation time-series	exclude	https://www.ebi.ac.uk/ena/browser/view/PRJNA492720
run	SRR7899774	pacheco_montealegre_2020_colombia	PRJNA492720	Run does not match the configured, verified bacterial 16S subset	not_verified_16s_subset	Phase I bacterial 16S fermentation time-series	exclude	https://www.ebi.ac.uk/ena/browser/view/PRJNA492720
run	SRR7899775	pacheco_montealegre_2020_colombia	PRJNA492720	Run does not match the configured, verified bacterial 16S subset	not_verified_16s_subset	Phase I bacterial 16S fermentation time-series	exclude	https://www.ebi.ac.uk/ena/browser/view/PRJNA492720
run	SRR7899776	pacheco_montealegre_2020_colombia	PRJNA492720	Run does not match the configured, verified bacterial 16S subset	not_verified_16s_subset	Phase I bacterial 16S fermentation time-series	exclude	https://www.ebi.ac.uk/ena/browser/view/PRJNA492720
run	SRR7899778	pacheco_montealegre_2020_colombia	PRJNA492720	ITS/fungal run is outside bacterial 16S scope	non_bacterial_marker	Phase I bacterial 16S fermentation time-series	exclude	https://www.ebi.ac.uk/ena/browser/view/PRJNA492720
run	SRR7899779	pacheco_montealegre_2020_colombia	PRJNA492720	ITS/fungal run is outside bacterial 16S scope	non_bacterial_marker	Phase I bacterial 16S fermentation time-series	exclude	https://www.ebi.ac.uk/ena/browser/view/PRJNA492720
run	SRR7899780	pacheco_montealegre_2020_colombia	PRJNA492720	ITS/fungal run is outside bacterial 16S scope	non_bacterial_marker	Phase I bacterial 16S fermentation time-series	exclude	https://www.ebi.ac.uk/ena/browser/view/PRJNA492720
run	SRR7899781	pacheco_montealegre_2020_colombia	PRJNA492720	ITS/fungal run is outside bacterial 16S scope	non_bacterial_marker	Phase I bacterial 16S fermentation time-series	exclude	https://www.ebi.ac.uk/ena/browser/view/PRJNA492720
run	SRR7899782	pacheco_montealegre_2020_colombia	PRJNA492720	ITS/fungal run is outside bacterial 16S scope	non_bacterial_marker	Phase I bacterial 16S fermentation time-series	exclude	https://www.ebi.ac.uk/ena/browser/view/PRJNA492720
run	SRR7899783	pacheco_montealegre_2020_colombia	PRJNA492720	ITS/fungal run is outside bacterial 16S scope	non_bacterial_marker	Phase I bacterial 16S fermentation time-series	exclude	https://www.ebi.ac.uk/ena/browser/view/PRJNA492720
run	SRR7899784	pacheco_montealegre_2020_colombia	PRJNA492720	ITS/fungal run is outside bacterial 16S scope	non_bacterial_marker	Phase I bacterial 16S fermentation time-series	exclude	https://www.ebi.ac.uk/ena/browser/view/PRJNA492720
run	SRR7899785	pacheco_montealegre_2020_colombia	PRJNA492720	ITS/fungal run is outside bacterial 16S scope	non_bacterial_marker	Phase I bacterial 16S fermentation time-series	exclude	https://www.ebi.ac.uk/ena/browser/view/PRJNA492720
run	SRR7899786	pacheco_montealegre_2020_colombia	PRJNA492720	ITS/fungal run is outside bacterial 16S scope	non_bacterial_marker	Phase I bacterial 16S fermentation time-series	exclude	https://www.ebi.ac.uk/ena/browser/view/PRJNA492720
run	SRR7899787	pacheco_montealegre_2020_colombia	PRJNA492720	ITS/fungal run is outside bacterial 16S scope	non_bacterial_marker	Phase I bacterial 16S fermentation time-series	exclude	https://www.ebi.ac.uk/ena/browser/view/PRJNA492720
run	SRR7899788	pacheco_montealegre_2020_colombia	PRJNA492720	ITS/fungal run is outside bacterial 16S scope	non_bacterial_marker	Phase I bacterial 16S fermentation time-series	exclude	https://www.ebi.ac.uk/ena/browser/view/PRJNA492720
run	SRR7899789	pacheco_montealegre_2020_colombia	PRJNA492720	ITS/fungal run is outside bacterial 16S scope	non_bacterial_marker	Phase I bacterial 16S fermentation time-series	exclude	https://www.ebi.ac.uk/ena/browser/view/PRJNA492720
run	SRR7899790	pacheco_montealegre_2020_colombia	PRJNA492720	ITS/fungal run is outside bacterial 16S scope	non_bacterial_marker	Phase I bacterial 16S fermentation time-series	exclude	https://www.ebi.ac.uk/ena/browser/view/PRJNA492720
run	SRR7899791	pacheco_montealegre_2020_colombia	PRJNA492720	ITS/fungal run is outside bacterial 16S scope	non_bacterial_marker	Phase I bacterial 16S fermentation time-series	exclude	https://www.ebi.ac.uk/ena/browser/view/PRJNA492720
run	SRR7899792	pacheco_montealegre_2020_colombia	PRJNA492720	ITS/fungal run is outside bacterial 16S scope	non_bacterial_marker	Phase I bacterial 16S fermentation time-series	exclude	https://www.ebi.ac.uk/ena/browser/view/PRJNA492720
run	SRR7899793	pacheco_montealegre_2020_colombia	PRJNA492720	ITS/fungal run is outside bacterial 16S scope	non_bacterial_marker	Phase I bacterial 16S fermentation time-series	exclude	https://www.ebi.ac.uk/ena/browser/view/PRJNA492720
run	SRR7899794	pacheco_montealegre_2020_colombia	PRJNA492720	ITS/fungal run is outside bacterial 16S scope	non_bacterial_marker	Phase I bacterial 16S fermentation time-series	exclude	https://www.ebi.ac.uk/ena/browser/view/PRJNA492720
run	SRR7899795	pacheco_montealegre_2020_colombia	PRJNA492720	ITS/fungal run is outside bacterial 16S scope	non_bacterial_marker	Phase I bacterial 16S fermentation time-series	exclude	https://www.ebi.ac.uk/ena/browser/view/PRJNA492720
run	SRR7899796	pacheco_montealegre_2020_colombia	PRJNA492720	ITS/fungal run is outside bacterial 16S scope	non_bacterial_marker	Phase I bacterial 16S fermentation time-series	exclude	https://www.ebi.ac.uk/ena/browser/view/PRJNA492720
run	SRR7899797	pacheco_montealegre_2020_colombia	PRJNA492720	ITS/fungal run is outside bacterial 16S scope	non_bacterial_marker	Phase I bacterial 16S fermentation time-series	exclude	https://www.ebi.ac.uk/ena/browser/view/PRJNA492720
run	SRR7899809	pacheco_montealegre_2020_colombia	PRJNA492720	Run does not match the configured, verified bacterial 16S subset	not_verified_16s_subset	Phase I bacterial 16S fermentation time-series	exclude	https://www.ebi.ac.uk/ena/browser/view/PRJNA492720
run	SRR7899820	pacheco_montealegre_2020_colombia	PRJNA492720	ITS/fungal run is outside bacterial 16S scope	non_bacterial_marker	Phase I bacterial 16S fermentation time-series	exclude	https://www.ebi.ac.uk/ena/browser/view/PRJNA492720
run	SRR7899821	pacheco_montealegre_2020_colombia	PRJNA492720	ITS/fungal run is outside bacterial 16S scope	non_bacterial_marker	Phase I bacterial 16S fermentation time-series	exclude	https://www.ebi.ac.uk/ena/browser/view/PRJNA492720
run	SRR7899822	pacheco_montealegre_2020_colombia	PRJNA492720	ITS/fungal run is outside bacterial 16S scope	non_bacterial_marker	Phase I bacterial 16S fermentation time-series	exclude	https://www.ebi.ac.uk/ena/browser/view/PRJNA492720
run	SRR7899823	pacheco_montealegre_2020_colombia	PRJNA492720	ITS/fungal run is outside bacterial 16S scope	non_bacterial_marker	Phase I bacterial 16S fermentation time-series	exclude	https://www.ebi.ac.uk/ena/browser/view/PRJNA492720
run	SRR7899824	pacheco_montealegre_2020_colombia	PRJNA492720	ITS/fungal run is outside bacterial 16S scope	non_bacterial_marker	Phase I bacterial 16S fermentation time-series	exclude	https://www.ebi.ac.uk/ena/browser/view/PRJNA492720
run	SRR7899825	pacheco_montealegre_2020_colombia	PRJNA492720	ITS/fungal run is outside bacterial 16S scope	non_bacterial_marker	Phase I bacterial 16S fermentation time-series	exclude	https://www.ebi.ac.uk/ena/browser/view/PRJNA492720
run	SRR7899826	pacheco_montealegre_2020_colombia	PRJNA492720	ITS/fungal run is outside bacterial 16S scope	non_bacterial_marker	Phase I bacterial 16S fermentation time-series	exclude	https://www.ebi.ac.uk/ena/browser/view/PRJNA492720
run	SRR7899827	pacheco_montealegre_2020_colombia	PRJNA492720	ITS/fungal run is outside bacterial 16S scope	non_bacterial_marker	Phase I bacterial 16S fermentation time-series	exclude	https://www.ebi.ac.uk/ena/browser/view/PRJNA492720
run	SRR7899828	pacheco_montealegre_2020_colombia	PRJNA492720	ITS/fungal run is outside bacterial 16S scope	non_bacterial_marker	Phase I bacterial 16S fermentation time-series	exclude	https://www.ebi.ac.uk/ena/browser/view/PRJNA492720
run	SRR7899829	pacheco_montealegre_2020_colombia	PRJNA492720	ITS/fungal run is outside bacterial 16S scope	non_bacterial_marker	Phase I bacterial 16S fermentation time-series	exclude	https://www.ebi.ac.uk/ena/browser/view/PRJNA492720
run	SRR7899830	pacheco_montealegre_2020_colombia	PRJNA492720	Run does not match the configured, verified bacterial 16S subset	not_verified_16s_subset	Phase I bacterial 16S fermentation time-series	exclude	https://www.ebi.ac.uk/ena/browser/view/PRJNA492720
run	SRR7899831	pacheco_montealegre_2020_colombia	PRJNA492720	Run does not match the configured, verified bacterial 16S subset	not_verified_16s_subset	Phase I bacterial 16S fermentation time-series	exclude	https://www.ebi.ac.uk/ena/browser/view/PRJNA492720
run	SRR7899833	pacheco_montealegre_2020_colombia	PRJNA492720	ITS/fungal run is outside bacterial 16S scope	non_bacterial_marker	Phase I bacterial 16S fermentation time-series	exclude	https://www.ebi.ac.uk/ena/browser/view/PRJNA492720
run	SRR7899834	pacheco_montealegre_2020_colombia	PRJNA492720	ITS/fungal run is outside bacterial 16S scope	non_bacterial_marker	Phase I bacterial 16S fermentation time-series	exclude	https://www.ebi.ac.uk/ena/browser/view/PRJNA492720
run	SRR7899835	pacheco_montealegre_2020_colombia	PRJNA492720	Run does not match the configured, verified bacterial 16S subset	not_verified_16s_subset	Phase I bacterial 16S fermentation time-series	exclude	https://www.ebi.ac.uk/ena/browser/view/PRJNA492720
run	SRR7899836	pacheco_montealegre_2020_colombia	PRJNA492720	Run does not match the configured, verified bacterial 16S subset	not_verified_16s_subset	Phase I bacterial 16S fermentation time-series	exclude	https://www.ebi.ac.uk/ena/browser/view/PRJNA492720
run	SRR7899838	pacheco_montealegre_2020_colombia	PRJNA492720	Run does not match the configured, verified bacterial 16S subset	not_verified_16s_subset	Phase I bacterial 16S fermentation time-series	exclude	https://www.ebi.ac.uk/ena/browser/view/PRJNA492720
run	SRR7899839	pacheco_montealegre_2020_colombia	PRJNA492720	Run does not match the configured, verified bacterial 16S subset	not_verified_16s_subset	Phase I bacterial 16S fermentation time-series	exclude	https://www.ebi.ac.uk/ena/browser/view/PRJNA492720
run	SRR7899840	pacheco_montealegre_2020_colombia	PRJNA492720	Run does not match the configured, verified bacterial 16S subset	not_verified_16s_subset	Phase I bacterial 16S fermentation time-series	exclude	https://www.ebi.ac.uk/ena/browser/view/PRJNA492720
run	SRR7899842	pacheco_montealegre_2020_colombia	PRJNA492720	Run does not match the configured, verified bacterial 16S subset	not_verified_16s_subset	Phase I bacterial 16S fermentation time-series	exclude	https://www.ebi.ac.uk/ena/browser/view/PRJNA492720
run	SRR7899844	pacheco_montealegre_2020_colombia	PRJNA492720	Run does not match the configured, verified bacterial 16S subset	not_verified_16s_subset	Phase I bacterial 16S fermentation time-series	exclude	https://www.ebi.ac.uk/ena/browser/view/PRJNA492720
run	SRR7899845	pacheco_montealegre_2020_colombia	PRJNA492720	Run does not match the configured, verified bacterial 16S subset	not_verified_16s_subset	Phase I bacterial 16S fermentation time-series	exclude	https://www.ebi.ac.uk/ena/browser/view/PRJNA492720
run	SRR7899846	pacheco_montealegre_2020_colombia	PRJNA492720	Run does not match the configured, verified bacterial 16S subset	not_verified_16s_subset	Phase I bacterial 16S fermentation time-series	exclude	https://www.ebi.ac.uk/ena/browser/view/PRJNA492720
run	SRR7899847	pacheco_montealegre_2020_colombia	PRJNA492720	Run does not match the configured, verified bacterial 16S subset	not_verified_16s_subset	Phase I bacterial 16S fermentation time-series	exclude	https://www.ebi.ac.uk/ena/browser/view/PRJNA492720
run	SRR7899848	pacheco_montealegre_2020_colombia	PRJNA492720	Run does not match the configured, verified bacterial 16S subset	not_verified_16s_subset	Phase I bacterial 16S fermentation time-series	exclude	https://www.ebi.ac.uk/ena/browser/view/PRJNA492720
run	SRR7899850	pacheco_montealegre_2020_colombia	PRJNA492720	Run does not match the configured, verified bacterial 16S subset	not_verified_16s_subset	Phase I bacterial 16S fermentation time-series	exclude	https://www.ebi.ac.uk/ena/browser/view/PRJNA492720
run	SRR7899861	pacheco_montealegre_2020_colombia	PRJNA492720	ITS/fungal run is outside bacterial 16S scope	non_bacterial_marker	Phase I bacterial 16S fermentation time-series	exclude	https://www.ebi.ac.uk/ena/browser/view/PRJNA492720
run	SRR7899862	pacheco_montealegre_2020_colombia	PRJNA492720	ITS/fungal run is outside bacterial 16S scope	non_bacterial_marker	Phase I bacterial 16S fermentation time-series	exclude	https://www.ebi.ac.uk/ena/browser/view/PRJNA492720
run	SRR7899863	pacheco_montealegre_2020_colombia	PRJNA492720	ITS/fungal run is outside bacterial 16S scope	non_bacterial_marker	Phase I bacterial 16S fermentation time-series	exclude	https://www.ebi.ac.uk/ena/browser/view/PRJNA492720
run	SRR7899864	pacheco_montealegre_2020_colombia	PRJNA492720	ITS/fungal run is outside bacterial 16S scope	non_bacterial_marker	Phase I bacterial 16S fermentation time-series	exclude	https://www.ebi.ac.uk/ena/browser/view/PRJNA492720
run	SRR7899865	pacheco_montealegre_2020_colombia	PRJNA492720	ITS/fungal run is outside bacterial 16S scope	non_bacterial_marker	Phase I bacterial 16S fermentation time-series	exclude	https://www.ebi.ac.uk/ena/browser/view/PRJNA492720
run	SRR7899866	pacheco_montealegre_2020_colombia	PRJNA492720	ITS/fungal run is outside bacterial 16S scope	non_bacterial_marker	Phase I bacterial 16S fermentation time-series	exclude	https://www.ebi.ac.uk/ena/browser/view/PRJNA492720
run	SRR7899867	pacheco_montealegre_2020_colombia	PRJNA492720	ITS/fungal run is outside bacterial 16S scope	non_bacterial_marker	Phase I bacterial 16S fermentation time-series	exclude	https://www.ebi.ac.uk/ena/browser/view/PRJNA492720
run	SRR7899868	pacheco_montealegre_2020_colombia	PRJNA492720	ITS/fungal run is outside bacterial 16S scope	non_bacterial_marker	Phase I bacterial 16S fermentation time-series	exclude	https://www.ebi.ac.uk/ena/browser/view/PRJNA492720
run	SRR7899869	pacheco_montealegre_2020_colombia	PRJNA492720	ITS/fungal run is outside bacterial 16S scope	non_bacterial_marker	Phase I bacterial 16S fermentation time-series	exclude	https://www.ebi.ac.uk/ena/browser/view/PRJNA492720
run	SRR7899870	pacheco_montealegre_2020_colombia	PRJNA492720	ITS/fungal run is outside bacterial 16S scope	non_bacterial_marker	Phase I bacterial 16S fermentation time-series	exclude	https://www.ebi.ac.uk/ena/browser/view/PRJNA492720
run	SRR7899871	pacheco_montealegre_2020_colombia	PRJNA492720	Run does not match the configured, verified bacterial 16S subset	not_verified_16s_subset	Phase I bacterial 16S fermentation time-series	exclude	https://www.ebi.ac.uk/ena/browser/view/PRJNA492720
run	SRR7899872	pacheco_montealegre_2020_colombia	PRJNA492720	ITS/fungal run is outside bacterial 16S scope	non_bacterial_marker	Phase I bacterial 16S fermentation time-series	exclude	https://www.ebi.ac.uk/ena/browser/view/PRJNA492720
run	SRR7899873	pacheco_montealegre_2020_colombia	PRJNA492720	ITS/fungal run is outside bacterial 16S scope	non_bacterial_marker	Phase I bacterial 16S fermentation time-series	exclude	https://www.ebi.ac.uk/ena/browser/view/PRJNA492720
run	SRR7899874	pacheco_montealegre_2020_colombia	PRJNA492720	ITS/fungal run is outside bacterial 16S scope	non_bacterial_marker	Phase I bacterial 16S fermentation time-series	exclude	https://www.ebi.ac.uk/ena/browser/view/PRJNA492720
run	SRR7899875	pacheco_montealegre_2020_colombia	PRJNA492720	ITS/fungal run is outside bacterial 16S scope	non_bacterial_marker	Phase I bacterial 16S fermentation time-series	exclude	https://www.ebi.ac.uk/ena/browser/view/PRJNA492720
run	SRR7899876	pacheco_montealegre_2020_colombia	PRJNA492720	ITS/fungal run is outside bacterial 16S scope	non_bacterial_marker	Phase I bacterial 16S fermentation time-series	exclude	https://www.ebi.ac.uk/ena/browser/view/PRJNA492720
run	SRR7899877	pacheco_montealegre_2020_colombia	PRJNA492720	ITS/fungal run is outside bacterial 16S scope	non_bacterial_marker	Phase I bacterial 16S fermentation time-series	exclude	https://www.ebi.ac.uk/ena/browser/view/PRJNA492720
run	SRR7899878	pacheco_montealegre_2020_colombia	PRJNA492720	ITS/fungal run is outside bacterial 16S scope	non_bacterial_marker	Phase I bacterial 16S fermentation time-series	exclude	https://www.ebi.ac.uk/ena/browser/view/PRJNA492720
run	SRR7899879	pacheco_montealegre_2020_colombia	PRJNA492720	ITS/fungal run is outside bacterial 16S scope	non_bacterial_marker	Phase I bacterial 16S fermentation time-series	exclude	https://www.ebi.ac.uk/ena/browser/view/PRJNA492720
run	SRR7899880	pacheco_montealegre_2020_colombia	PRJNA492720	ITS/fungal run is outside bacterial 16S scope	non_bacterial_marker	Phase I bacterial 16S fermentation time-series	exclude	https://www.ebi.ac.uk/ena/browser/view/PRJNA492720
run	SRR7899881	pacheco_montealegre_2020_colombia	PRJNA492720	ITS/fungal run is outside bacterial 16S scope	non_bacterial_marker	Phase I bacterial 16S fermentation time-series	exclude	https://www.ebi.ac.uk/ena/browser/view/PRJNA492720
run	SRR7899882	pacheco_montealegre_2020_colombia	PRJNA492720	ITS/fungal run is outside bacterial 16S scope	non_bacterial_marker	Phase I bacterial 16S fermentation time-series	exclude	https://www.ebi.ac.uk/ena/browser/view/PRJNA492720
run	SRR7899883	pacheco_montealegre_2020_colombia	PRJNA492720	Run does not match the configured, verified bacterial 16S subset	not_verified_16s_subset	Phase I bacterial 16S fermentation time-series	exclude	https://www.ebi.ac.uk/ena/browser/view/PRJNA492720
run	SRR7899885	pacheco_montealegre_2020_colombia	PRJNA492720	ITS/fungal run is outside bacterial 16S scope	non_bacterial_marker	Phase I bacterial 16S fermentation time-series	exclude	https://www.ebi.ac.uk/ena/browser/view/PRJNA492720
run	SRR7899886	pacheco_montealegre_2020_colombia	PRJNA492720	ITS/fungal run is outside bacterial 16S scope	non_bacterial_marker	Phase I bacterial 16S fermentation time-series	exclude	https://www.ebi.ac.uk/ena/browser/view/PRJNA492720
run	SRR7899887	pacheco_montealegre_2020_colombia	PRJNA492720	ITS/fungal run is outside bacterial 16S scope	non_bacterial_marker	Phase I bacterial 16S fermentation time-series	exclude	https://www.ebi.ac.uk/ena/browser/view/PRJNA492720
run	SRR7899888	pacheco_montealegre_2020_colombia	PRJNA492720	ITS/fungal run is outside bacterial 16S scope	non_bacterial_marker	Phase I bacterial 16S fermentation time-series	exclude	https://www.ebi.ac.uk/ena/browser/view/PRJNA492720
run	SRR7899889	pacheco_montealegre_2020_colombia	PRJNA492720	ITS/fungal run is outside bacterial 16S scope	non_bacterial_marker	Phase I bacterial 16S fermentation time-series	exclude	https://www.ebi.ac.uk/ena/browser/view/PRJNA492720
run	SRR7899890	pacheco_montealegre_2020_colombia	PRJNA492720	ITS/fungal run is outside bacterial 16S scope	non_bacterial_marker	Phase I bacterial 16S fermentation time-series	exclude	https://www.ebi.ac.uk/ena/browser/view/PRJNA492720
run	SRR7899891	pacheco_montealegre_2020_colombia	PRJNA492720	ITS/fungal run is outside bacterial 16S scope	non_bacterial_marker	Phase I bacterial 16S fermentation time-series	exclude	https://www.ebi.ac.uk/ena/browser/view/PRJNA492720
run	SRR7899892	pacheco_montealegre_2020_colombia	PRJNA492720	ITS/fungal run is outside bacterial 16S scope	non_bacterial_marker	Phase I bacterial 16S fermentation time-series	exclude	https://www.ebi.ac.uk/ena/browser/view/PRJNA492720
run	SRR7899893	pacheco_montealegre_2020_colombia	PRJNA492720	ITS/fungal run is outside bacterial 16S scope	non_bacterial_marker	Phase I bacterial 16S fermentation time-series	exclude	https://www.ebi.ac.uk/ena/browser/view/PRJNA492720
run	SRR7899894	pacheco_montealegre_2020_colombia	PRJNA492720	Run does not match the configured, verified bacterial 16S subset	not_verified_16s_subset	Phase I bacterial 16S fermentation time-series	exclude	https://www.ebi.ac.uk/ena/browser/view/PRJNA492720
run	SRR7899895	pacheco_montealegre_2020_colombia	PRJNA492720	Run does not match the configured, verified bacterial 16S subset	not_verified_16s_subset	Phase I bacterial 16S fermentation time-series	exclude	https://www.ebi.ac.uk/ena/browser/view/PRJNA492720
run	SRR7899896	pacheco_montealegre_2020_colombia	PRJNA492720	ITS/fungal run is outside bacterial 16S scope	non_bacterial_marker	Phase I bacterial 16S fermentation time-series	exclude	https://www.ebi.ac.uk/ena/browser/view/PRJNA492720
run	SRR7899897	pacheco_montealegre_2020_colombia	PRJNA492720	ITS/fungal run is outside bacterial 16S scope	non_bacterial_marker	Phase I bacterial 16S fermentation time-series	exclude	https://www.ebi.ac.uk/ena/browser/view/PRJNA492720
run	SRR7899898	pacheco_montealegre_2020_colombia	PRJNA492720	Run does not match the configured, verified bacterial 16S subset	not_verified_16s_subset	Phase I bacterial 16S fermentation time-series	exclude	https://www.ebi.ac.uk/ena/browser/view/PRJNA492720
run	SRR7899899	pacheco_montealegre_2020_colombia	PRJNA492720	ITS/fungal run is outside bacterial 16S scope	non_bacterial_marker	Phase I bacterial 16S fermentation time-series	exclude	https://www.ebi.ac.uk/ena/browser/view/PRJNA492720
run	SRR7899900	pacheco_montealegre_2020_colombia	PRJNA492720	ITS/fungal run is outside bacterial 16S scope	non_bacterial_marker	Phase I bacterial 16S fermentation time-series	exclude	https://www.ebi.ac.uk/ena/browser/view/PRJNA492720
run	SRR7899901	pacheco_montealegre_2020_colombia	PRJNA492720	Run does not match the configured, verified bacterial 16S subset	not_verified_16s_subset	Phase I bacterial 16S fermentation time-series	exclude	https://www.ebi.ac.uk/ena/browser/view/PRJNA492720
run	SRR7899902	pacheco_montealegre_2020_colombia	PRJNA492720	ITS/fungal run is outside bacterial 16S scope	non_bacterial_marker	Phase I bacterial 16S fermentation time-series	exclude	https://www.ebi.ac.uk/ena/browser/view/PRJNA492720
run	SRR7899903	pacheco_montealegre_2020_colombia	PRJNA492720	ITS/fungal run is outside bacterial 16S scope	non_bacterial_marker	Phase I bacterial 16S fermentation time-series	exclude	https://www.ebi.ac.uk/ena/browser/view/PRJNA492720
run	SRR7899904	pacheco_montealegre_2020_colombia	PRJNA492720	ITS/fungal run is outside bacterial 16S scope	non_bacterial_marker	Phase I bacterial 16S fermentation time-series	exclude	https://www.ebi.ac.uk/ena/browser/view/PRJNA492720
run	SRR7899905	pacheco_montealegre_2020_colombia	PRJNA492720	ITS/fungal run is outside bacterial 16S scope	non_bacterial_marker	Phase I bacterial 16S fermentation time-series	exclude	https://www.ebi.ac.uk/ena/browser/view/PRJNA492720
run	SRR7899906	pacheco_montealegre_2020_colombia	PRJNA492720	ITS/fungal run is outside bacterial 16S scope	non_bacterial_marker	Phase I bacterial 16S fermentation time-series	exclude	https://www.ebi.ac.uk/ena/browser/view/PRJNA492720
run	SRR7899907	pacheco_montealegre_2020_colombia	PRJNA492720	ITS/fungal run is outside bacterial 16S scope	non_bacterial_marker	Phase I bacterial 16S fermentation time-series	exclude	https://www.ebi.ac.uk/ena/browser/view/PRJNA492720
run	SRR7899908	pacheco_montealegre_2020_colombia	PRJNA492720	ITS/fungal run is outside bacterial 16S scope	non_bacterial_marker	Phase I bacterial 16S fermentation time-series	exclude	https://www.ebi.ac.uk/ena/browser/view/PRJNA492720
run	SRR7899909	pacheco_montealegre_2020_colombia	PRJNA492720	ITS/fungal run is outside bacterial 16S scope	non_bacterial_marker	Phase I bacterial 16S fermentation time-series	exclude	https://www.ebi.ac.uk/ena/browser/view/PRJNA492720
run	SRR7899918	pacheco_montealegre_2020_colombia	PRJNA492720	Run does not match the configured, verified bacterial 16S subset	not_verified_16s_subset	Phase I bacterial 16S fermentation time-series	exclude	https://www.ebi.ac.uk/ena/browser/view/PRJNA492720
run	SRR7899919	pacheco_montealegre_2020_colombia	PRJNA492720	ITS/fungal run is outside bacterial 16S scope	non_bacterial_marker	Phase I bacterial 16S fermentation time-series	exclude	https://www.ebi.ac.uk/ena/browser/view/PRJNA492720
run	SRR7899922	pacheco_montealegre_2020_colombia	PRJNA492720	Run does not match the configured, verified bacterial 16S subset	not_verified_16s_subset	Phase I bacterial 16S fermentation time-series	exclude	https://www.ebi.ac.uk/ena/browser/view/PRJNA492720
run	SRR7899923	pacheco_montealegre_2020_colombia	PRJNA492720	ITS/fungal run is outside bacterial 16S scope	non_bacterial_marker	Phase I bacterial 16S fermentation time-series	exclude	https://www.ebi.ac.uk/ena/browser/view/PRJNA492720
run	SRR7899924	pacheco_montealegre_2020_colombia	PRJNA492720	ITS/fungal run is outside bacterial 16S scope	non_bacterial_marker	Phase I bacterial 16S fermentation time-series	exclude	https://www.ebi.ac.uk/ena/browser/view/PRJNA492720
run	SRR7899925	pacheco_montealegre_2020_colombia	PRJNA492720	ITS/fungal run is outside bacterial 16S scope	non_bacterial_marker	Phase I bacterial 16S fermentation time-series	exclude	https://www.ebi.ac.uk/ena/browser/view/PRJNA492720
run	SRR7899926	pacheco_montealegre_2020_colombia	PRJNA492720	ITS/fungal run is outside bacterial 16S scope	non_bacterial_marker	Phase I bacterial 16S fermentation time-series	exclude	https://www.ebi.ac.uk/ena/browser/view/PRJNA492720
run	SRR7899927	pacheco_montealegre_2020_colombia	PRJNA492720	ITS/fungal run is outside bacterial 16S scope	non_bacterial_marker	Phase I bacterial 16S fermentation time-series	exclude	https://www.ebi.ac.uk/ena/browser/view/PRJNA492720
run	SRR7899928	pacheco_montealegre_2020_colombia	PRJNA492720	ITS/fungal run is outside bacterial 16S scope	non_bacterial_marker	Phase I bacterial 16S fermentation time-series	exclude	https://www.ebi.ac.uk/ena/browser/view/PRJNA492720
run	SRR9640343	procad_biocau_2019_shotgun	PRJNA552479	WGS is outside Phase I bacterial 16S amplicon scope	whole_metagenome_shotgun	Phase I bacterial 16S fermentation time-series	exclude	https://www.ebi.ac.uk/ena/browser/view/PRJNA552479
run	SRR9640344	procad_biocau_2019_shotgun	PRJNA552479	WGS is outside Phase I bacterial 16S amplicon scope	whole_metagenome_shotgun	Phase I bacterial 16S fermentation time-series	exclude	https://www.ebi.ac.uk/ena/browser/view/PRJNA552479
run	SRR9640345	procad_biocau_2019_shotgun	PRJNA552479	WGS is outside Phase I bacterial 16S amplicon scope	whole_metagenome_shotgun	Phase I bacterial 16S fermentation time-series	exclude	https://www.ebi.ac.uk/ena/browser/view/PRJNA552479
run	SRR9640346	procad_biocau_2019_shotgun	PRJNA552479	WGS is outside Phase I bacterial 16S amplicon scope	whole_metagenome_shotgun	Phase I bacterial 16S fermentation time-series	exclude	https://www.ebi.ac.uk/ena/browser/view/PRJNA552479
run	SRR9640347	procad_biocau_2019_shotgun	PRJNA552479	WGS is outside Phase I bacterial 16S amplicon scope	whole_metagenome_shotgun	Phase I bacterial 16S fermentation time-series	exclude	https://www.ebi.ac.uk/ena/browser/view/PRJNA552479
run	SRR9640348	procad_biocau_2019_shotgun	PRJNA552479	WGS is outside Phase I bacterial 16S amplicon scope	whole_metagenome_shotgun	Phase I bacterial 16S fermentation time-series	exclude	https://www.ebi.ac.uk/ena/browser/view/PRJNA552479
run	SRR9640350	procad_biocau_2019_shotgun	PRJNA552479	WGS is outside Phase I bacterial 16S amplicon scope	whole_metagenome_shotgun	Phase I bacterial 16S fermentation time-series	exclude	https://www.ebi.ac.uk/ena/browser/view/PRJNA552479
run	SRR9640351	procad_biocau_2019_shotgun	PRJNA552479	WGS is outside Phase I bacterial 16S amplicon scope	whole_metagenome_shotgun	Phase I bacterial 16S fermentation time-series	exclude	https://www.ebi.ac.uk/ena/browser/view/PRJNA552479
run	SRR9640352	procad_biocau_2019_shotgun	PRJNA552479	WGS is outside Phase I bacterial 16S amplicon scope	whole_metagenome_shotgun	Phase I bacterial 16S fermentation time-series	exclude	https://www.ebi.ac.uk/ena/browser/view/PRJNA552479
run	SRR9640353	procad_biocau_2019_shotgun	PRJNA552479	WGS is outside Phase I bacterial 16S amplicon scope	whole_metagenome_shotgun	Phase I bacterial 16S fermentation time-series	exclude	https://www.ebi.ac.uk/ena/browser/view/PRJNA552479
run	SRR9640354	procad_biocau_2019_shotgun	PRJNA552479	WGS is outside Phase I bacterial 16S amplicon scope	whole_metagenome_shotgun	Phase I bacterial 16S fermentation time-series	exclude	https://www.ebi.ac.uk/ena/browser/view/PRJNA552479
run	SRR9640355	procad_biocau_2019_shotgun	PRJNA552479	WGS is outside Phase I bacterial 16S amplicon scope	whole_metagenome_shotgun	Phase I bacterial 16S fermentation time-series	exclude	https://www.ebi.ac.uk/ena/browser/view/PRJNA552479
run	SRR9640356	procad_biocau_2019_shotgun	PRJNA552479	WGS is outside Phase I bacterial 16S amplicon scope	whole_metagenome_shotgun	Phase I bacterial 16S fermentation time-series	exclude	https://www.ebi.ac.uk/ena/browser/view/PRJNA552479
run	SRR9646966	procad_biocau_2019_shotgun	PRJNA552479	WGS is outside Phase I bacterial 16S amplicon scope	whole_metagenome_shotgun	Phase I bacterial 16S fermentation time-series	exclude	https://www.ebi.ac.uk/ena/browser/view/PRJNA552479
study	PRJNA1264670	colombia_routes_wgs_2025	PRJNA1264670	All public runs are paired-end WGS with RANDOM selection; outside Phase I bacterial 16S amplicon scope.	screening_status	protocol/inclusion_criteria.md	exclude	https://www.ncbi.nlm.nih.gov/bioproject/PRJNA1264670 | https://www.ebi.ac.uk/ena/browser/view/PRJNA1264670
study	PRJNA1257864	ecuador_cacao_wgs_2025	PRJNA1257864	All public runs are ENA WGS/SINGLE; no bacterial 16S amplicon runs were identified.	screening_status	protocol/inclusion_criteria.md	exclude	https://www.ncbi.nlm.nih.gov/bioproject/PRJNA1257864 | https://www.ebi.ac.uk/ena/browser/view/PRJNA1257864
study	PRJNA1104253	gopaulchan_2025_defined_community	PRJNA1104253	High-confidence 16S-labelled runs are controlled in vitro fermentations; non-inoculated controls may support sensitivity analyses but are not yet accepted as primary spontaneous on-farm evidence.	screening_status	protocol/inclusion_criteria.md	pending	https://www.ncbi.nlm.nih.gov/bioproject/PRJNA1104253 | https://www.ebi.ac.uk/ena/browser/view/PRJNA1104253 | https://doi.org/10.1038/s41564-025-02077-6
study	PRJNA865318	hawaii_phyllosphere_ferment_2022	PRJNA865318	Public fermentation-bacteria runs exist, but temporal metadata is limited or ambiguous and no linked paper was verified.	screening_status	protocol/inclusion_criteria.md	pending	https://www.ncbi.nlm.nih.gov/bioproject/PRJNA865318 | https://www.ebi.ac.uk/ena/browser/view/PRJNA865318
study	PRJNA552479	procad_biocau_2019_shotgun	PRJNA552479	ENA reports WGS, RANDOM selection and HiSeq X Ten; outside Phase I bacterial 16S amplicon scope.	screening_status	protocol/inclusion_criteria.md	exclude	https://www.ncbi.nlm.nih.gov/bioproject/PRJNA552479 | https://www.ebi.ac.uk/ena/browser/view/PRJNA552479
