study_id	bioproject	study_accession	secondary_study_accession	run_accession	experiment_accession	biosample	secondary_sample_accession	sample_alias	sample_title	sample_description	experiment_title	scientific_name	tax_id	library_strategy	library_source	library_selection	library_layout	sequencing_platform	sequencing_instrument	base_count	read_count	fastq_bytes	fastq_ftp	fastq_md5	country	collection_date	cultivar	isolation_source	first_public	last_updated	marker_classification	analysis_include	exclusion_reason	source
colombia_routes_wgs_2025	PRJNA1264670	PRJNA1264670	SRP586142	SRR33614750	SRX28843105	SAMN48575824	SRS25073297				Illumina HiSeq 4000 sequencing: 8.fastq.gz			WGS	METAGENOMIC	RANDOM	PAIRED	ILLUMINA	Illumina HiSeq 4000	12134273024	40179712	5473825747	ftp.sra.ebi.ac.uk/vol1/fastq/SRR336/050/SRR33614750/SRR33614750_subreads.fastq.gz	a001e3b31d3ca99164aa419c1673c65c					2025-05-24	2025-05-24	whole_metagenome_shotgun	false	WGS is outside Phase I bacterial 16S amplicon scope	https://www.ebi.ac.uk/ena/browser/view/PRJNA1264670
colombia_routes_wgs_2025	PRJNA1264670	PRJNA1264670	SRP586142	SRR33614751	SRX28843104	SAMN48575823	SRS25073296				Illumina HiSeq 4000 sequencing: 9.fastq.gz			WGS	METAGENOMIC	RANDOM	PAIRED	ILLUMINA	Illumina HiSeq 4000	12225902240	40483120	5373735991	ftp.sra.ebi.ac.uk/vol1/fastq/SRR336/051/SRR33614751/SRR33614751_subreads.fastq.gz	c173cba7863c4beafd09f89a5c51139c					2025-05-24	2025-05-24	whole_metagenome_shotgun	false	WGS is outside Phase I bacterial 16S amplicon scope	https://www.ebi.ac.uk/ena/browser/view/PRJNA1264670
colombia_routes_wgs_2025	PRJNA1264670	PRJNA1264670	SRP586142	SRR33614752	SRX28843103	SAMN48575822	SRS25073295				Illumina HiSeq 4000 sequencing: 2.fastq.gz			WGS	METAGENOMIC	RANDOM	PAIRED	ILLUMINA	Illumina HiSeq 4000	11510524338	38114319	5618052868	ftp.sra.ebi.ac.uk/vol1/fastq/SRR336/052/SRR33614752/SRR33614752_subreads.fastq.gz	1c54e5a97b46627438782eb898092beb					2025-05-24	2025-05-24	whole_metagenome_shotgun	false	WGS is outside Phase I bacterial 16S amplicon scope	https://www.ebi.ac.uk/ena/browser/view/PRJNA1264670
colombia_routes_wgs_2025	PRJNA1264670	PRJNA1264670	SRP586142	SRR33614753	SRX28843102	SAMN48575821	SRS25073294				Illumina HiSeq 4000 sequencing: 3.fastq.gz			WGS	METAGENOMIC	RANDOM	PAIRED	ILLUMINA	Illumina HiSeq 4000	12102950490	40075995	5486108398	ftp.sra.ebi.ac.uk/vol1/fastq/SRR336/053/SRR33614753/SRR33614753_subreads.fastq.gz	897087ae816ff2f57ba8962c496e2d2c					2025-05-24	2025-05-24	whole_metagenome_shotgun	false	WGS is outside Phase I bacterial 16S amplicon scope	https://www.ebi.ac.uk/ena/browser/view/PRJNA1264670
colombia_routes_wgs_2025	PRJNA1264670	PRJNA1264670	SRP586142	SRR33614754	SRX28843101	SAMN48575820	SRS25073293				Illumina HiSeq 4000 sequencing: 18.fastq.gz			WGS	METAGENOMIC	RANDOM	PAIRED	ILLUMINA	Illumina HiSeq 4000	12019580370	39799935	5685157697	ftp.sra.ebi.ac.uk/vol1/fastq/SRR336/054/SRR33614754/SRR33614754_subreads.fastq.gz	aa0908031caa0f77df859594c387ccc4					2025-05-24	2025-05-24	whole_metagenome_shotgun	false	WGS is outside Phase I bacterial 16S amplicon scope	https://www.ebi.ac.uk/ena/browser/view/PRJNA1264670
colombia_routes_wgs_2025	PRJNA1264670	PRJNA1264670	SRP586142	SRR33614755	SRX28843100	SAMN48575819	SRS25073292				Illumina HiSeq 4000 sequencing: 19.fastq.gz			WGS	METAGENOMIC	RANDOM	PAIRED	ILLUMINA	Illumina HiSeq 4000	12018902682	39797691	5706078517	ftp.sra.ebi.ac.uk/vol1/fastq/SRR336/055/SRR33614755/SRR33614755_subreads.fastq.gz	adeab595688dc99bd18e0c2fa7b4f5fc					2025-05-24	2025-05-24	whole_metagenome_shotgun	false	WGS is outside Phase I bacterial 16S amplicon scope	https://www.ebi.ac.uk/ena/browser/view/PRJNA1264670
colombia_routes_wgs_2025	PRJNA1264670	PRJNA1264670	SRP586142	SRR33614756	SRX28843099	SAMN48575818	SRS25073291				Illumina HiSeq 4000 sequencing: 14.fastq.gz			WGS	METAGENOMIC	RANDOM	PAIRED	ILLUMINA	Illumina HiSeq 4000	12384845142	41009421	5553633000	ftp.sra.ebi.ac.uk/vol1/fastq/SRR336/056/SRR33614756/SRR33614756_subreads.fastq.gz	cb7105cbfe447da6a2666098d90fd6c7					2025-05-24	2025-05-24	whole_metagenome_shotgun	false	WGS is outside Phase I bacterial 16S amplicon scope	https://www.ebi.ac.uk/ena/browser/view/PRJNA1264670
colombia_routes_wgs_2025	PRJNA1264670	PRJNA1264670	SRP586142	SRR33614757	SRX28843098	SAMN48575817	SRS25073290				Illumina HiSeq 4000 sequencing: 20.fastq.gz			WGS	METAGENOMIC	RANDOM	PAIRED	ILLUMINA	Illumina HiSeq 4000	11132177228	36861514	5279293122	ftp.sra.ebi.ac.uk/vol1/fastq/SRR336/057/SRR33614757/SRR33614757_subreads.fastq.gz	ec3cdcdbf51f489f4e7b3cf2f134edbc					2025-05-24	2025-05-24	whole_metagenome_shotgun	false	WGS is outside Phase I bacterial 16S amplicon scope	https://www.ebi.ac.uk/ena/browser/view/PRJNA1264670
colombia_routes_wgs_2025	PRJNA1264670	PRJNA1264670	SRP586142	SRR33614758	SRX28843097	SAMN48575816	SRS25073289				Illumina HiSeq 4000 sequencing: 10.fastq.gz			WGS	METAGENOMIC	RANDOM	PAIRED	ILLUMINA	Illumina HiSeq 4000	12044110320	39881160	5409350235	ftp.sra.ebi.ac.uk/vol1/fastq/SRR336/058/SRR33614758/SRR33614758_subreads.fastq.gz	a77ce182a1f847ba4617637cf9a8dbe2					2025-05-24	2025-05-24	whole_metagenome_shotgun	false	WGS is outside Phase I bacterial 16S amplicon scope	https://www.ebi.ac.uk/ena/browser/view/PRJNA1264670
ecuador_cacao_wgs_2025	PRJNA1257864	PRJNA1257864	SRP582654	SRR33402021	SRX28644555	SAMN48286072	SRS24915177	96H	Metagenome or environmental sample from metagenome	Metagenome or environmental sample from metagenome	MinION sequencing: Metagenomic sequencing of cacao beans fermented for 96h	metagenome	256318	WGS	METAGENOMIC	unspecified	SINGLE	OXFORD_NANOPORE	MinION	74155	70	76628	ftp.sra.ebi.ac.uk/vol1/fastq/SRR334/021/SRR33402021/SRR33402021_1.fastq.gz	6c6358b96257a593fdec9c3d13c965f9	Ecuador:Milagro	2021-07-11		fermented cacao bean mass	2025-05-04	2025-05-04	whole_metagenome_shotgun	false	WGS is outside Phase I bacterial 16S amplicon scope	https://www.ebi.ac.uk/ena/browser/view/PRJNA1257864
ecuador_cacao_wgs_2025	PRJNA1257864	PRJNA1257864	SRP582654	SRR33402022	SRX28644554	SAMN48286071	SRS24915176	72H	Metagenome or environmental sample from metagenome	Metagenome or environmental sample from metagenome	MinION sequencing: Metagenomic sequencing of cacao beans fermented for 72h	metagenome	256318	WGS	METAGENOMIC	unspecified	SINGLE	OXFORD_NANOPORE	MinION	176950	360	176969	ftp.sra.ebi.ac.uk/vol1/fastq/SRR334/022/SRR33402022/SRR33402022_1.fastq.gz	7e470ce5726ba8fabfd25a19f12d7b16	Ecuador:Milagro	2021-07-10		fermented cacao bean mass	2025-05-04	2025-05-04	whole_metagenome_shotgun	false	WGS is outside Phase I bacterial 16S amplicon scope	https://www.ebi.ac.uk/ena/browser/view/PRJNA1257864
ecuador_cacao_wgs_2025	PRJNA1257864	PRJNA1257864	SRP582654	SRR33402023	SRX28644553	SAMN48286070	SRS24915175	48H	Metagenome or environmental sample from metagenome	Metagenome or environmental sample from metagenome	MinION sequencing: Metagenomic sequencing of cacao beans fermented for 48h	metagenome	256318	WGS	METAGENOMIC	unspecified	SINGLE	OXFORD_NANOPORE	MinION	242570	242	252411	ftp.sra.ebi.ac.uk/vol1/fastq/SRR334/023/SRR33402023/SRR33402023_1.fastq.gz	2ec9004cbb2425ffb95afbf573266032	Ecuador:Milagro	2021-07-09		fermented cacao bean mass	2025-05-04	2025-05-04	whole_metagenome_shotgun	false	WGS is outside Phase I bacterial 16S amplicon scope	https://www.ebi.ac.uk/ena/browser/view/PRJNA1257864
ecuador_cacao_wgs_2025	PRJNA1257864	PRJNA1257864	SRP582654	SRR33402024	SRX28644552	SAMN48286069	SRS24915174	24H	Metagenome or environmental sample from metagenome	Metagenome or environmental sample from metagenome	MinION sequencing: Metagenomic sequencing of cacao beans fermented for 24h	metagenome	256318	WGS	METAGENOMIC	unspecified	SINGLE	OXFORD_NANOPORE	MinION	195597	368	159773	ftp.sra.ebi.ac.uk/vol1/fastq/SRR334/024/SRR33402024/SRR33402024_1.fastq.gz	da2eead292744101afd11cf2cb4fdc4f	Ecuador:Milagro	2021-07-08		fermented cacao bean mass	2025-05-04	2025-05-04	whole_metagenome_shotgun	false	WGS is outside Phase I bacterial 16S amplicon scope	https://www.ebi.ac.uk/ena/browser/view/PRJNA1257864
ecuador_cacao_wgs_2025	PRJNA1257864	PRJNA1257864	SRP582654	SRR33402025	SRX28644551	SAMN48286068	SRS24915173	0H	Metagenome or environmental sample from metagenome	Metagenome or environmental sample from metagenome	MinION sequencing: Metagenomic sequencing of fresh cacao beans	metagenome	256318	WGS	METAGENOMIC	unspecified	SINGLE	OXFORD_NANOPORE	MinION	616953	706	607161	ftp.sra.ebi.ac.uk/vol1/fastq/SRR334/025/SRR33402025/SRR33402025_1.fastq.gz	f50400211d50d1b9fd556a94e05c2157	Ecuador:Milagro	2021-07-07		fermented cacao bean mass	2025-05-04	2025-05-04	whole_metagenome_shotgun	false	WGS is outside Phase I bacterial 16S amplicon scope	https://www.ebi.ac.uk/ena/browser/view/PRJNA1257864
ecuador_cacao_wgs_2025	PRJNA1257864	PRJNA1257864	SRP582654	SRR33404307	SRX28645779	SAMN48287098	SRS24916401	96H_IL	Metagenome or environmental sample from metagenome	Metagenome or environmental sample from metagenome	Illumina MiSeq sequencing: Metagenomic sequencing of cacao beans fermented for 96h	metagenome	256318	WGS	METAGENOMIC	unspecified	SINGLE	ILLUMINA	Illumina MiSeq	269984921	1977301	206805049	ftp.sra.ebi.ac.uk/vol1/fastq/SRR334/007/SRR33404307/SRR33404307.fastq.gz	bc8736a276514e26d6f5d78164f9a13d	Ecuador:Milagro	2021-07-11		fermented cacao bean mass	2025-05-04	2025-05-04	whole_metagenome_shotgun	false	WGS is outside Phase I bacterial 16S amplicon scope	https://www.ebi.ac.uk/ena/browser/view/PRJNA1257864
ecuador_cacao_wgs_2025	PRJNA1257864	PRJNA1257864	SRP582654	SRR33404308	SRX28645778	SAMN48287097	SRS24916400	72H_IL	Metagenome or environmental sample from metagenome	Metagenome or environmental sample from metagenome	Illumina MiSeq sequencing: Metagenomic sequencing of cacao beans fermented for 72h	metagenome	256318	WGS	METAGENOMIC	unspecified	SINGLE	ILLUMINA	Illumina MiSeq	302290115	2378643	232547653	ftp.sra.ebi.ac.uk/vol1/fastq/SRR334/008/SRR33404308/SRR33404308.fastq.gz	f2f50b079a6fcd4e98f737fcd63004b5	Ecuador:Milagro	2021-07-10		fermented cacao bean mass	2025-05-04	2025-05-04	whole_metagenome_shotgun	false	WGS is outside Phase I bacterial 16S amplicon scope	https://www.ebi.ac.uk/ena/browser/view/PRJNA1257864
ecuador_cacao_wgs_2025	PRJNA1257864	PRJNA1257864	SRP582654	SRR33404309	SRX28645777	SAMN48287096	SRS24916399	48H_IL	Metagenome or environmental sample from metagenome	Metagenome or environmental sample from metagenome	Illumina MiSeq sequencing: Metagenomic sequencing of cacao beans fermented for 48h	metagenome	256318	WGS	METAGENOMIC	unspecified	SINGLE	ILLUMINA	Illumina MiSeq	255743647	1879269	187656407	ftp.sra.ebi.ac.uk/vol1/fastq/SRR334/009/SRR33404309/SRR33404309.fastq.gz	7a89f5ecf408c18c2bb77a6fe70c9cbb	Ecuador:Milagro	2021-07-09		fermented cacao bean mass	2025-05-04	2025-05-04	whole_metagenome_shotgun	false	WGS is outside Phase I bacterial 16S amplicon scope	https://www.ebi.ac.uk/ena/browser/view/PRJNA1257864
ecuador_cacao_wgs_2025	PRJNA1257864	PRJNA1257864	SRP582654	SRR33404310	SRX28645776	SAMN48287095	SRS24916398	24H_IL	Metagenome or environmental sample from metagenome	Metagenome or environmental sample from metagenome	Illumina MiSeq sequencing: Metagenomic sequencing of cacao beans fermented for 24h	metagenome	256318	WGS	METAGENOMIC	unspecified	SINGLE	ILLUMINA	Illumina MiSeq	335892334	2426528	246995149	ftp.sra.ebi.ac.uk/vol1/fastq/SRR334/010/SRR33404310/SRR33404310.fastq.gz	93d3a810922d1ddca4cb890699c4723f	Ecuador:Milagro	2021-07-08		fermented cacao bean mass	2025-05-04	2025-05-04	whole_metagenome_shotgun	false	WGS is outside Phase I bacterial 16S amplicon scope	https://www.ebi.ac.uk/ena/browser/view/PRJNA1257864
ecuador_cacao_wgs_2025	PRJNA1257864	PRJNA1257864	SRP582654	SRR33404311	SRX28645775	SAMN48287094	SRS24916397	0H_IL	Metagenome or environmental sample from metagenome	Metagenome or environmental sample from metagenome	Illumina MiSeq sequencing: Metagenomic sequencing of fresh cacao beans	metagenome	256318	WGS	METAGENOMIC	unspecified	SINGLE	ILLUMINA	Illumina MiSeq	244906634	1807235	182678410	ftp.sra.ebi.ac.uk/vol1/fastq/SRR334/011/SRR33404311/SRR33404311.fastq.gz	a1a235953457beadee8a6a11f8c3bf96	Ecuador:Milagro	2021-07-07		fermented cacao bean mass	2025-05-04	2025-05-04	whole_metagenome_shotgun	false	WGS is outside Phase I bacterial 16S amplicon scope	https://www.ebi.ac.uk/ena/browser/view/PRJNA1257864
gopaulchan_2025_defined_community	PRJNA1104253	PRJNA1104253	SRP503821	SRR28794164	SRX24358468	SAMN41073926	SRS21115898	invitro16S_10	Metagenome or environmental sample from plant metagenome	metagenome of inoculated fermentation mass at 48hr-R1	Illumina MiSeq sequencing: metagenome of inoculated fermentation mass at 48hr-R1	plant metagenome	1297885	AMPLICON	METAGENOMIC	PCR	PAIRED	ILLUMINA	Illumina MiSeq	8131419	15198	1368353;2118812	ftp.sra.ebi.ac.uk/vol1/fastq/SRR287/064/SRR28794164/SRR28794164_1.fastq.gz;ftp.sra.ebi.ac.uk/vol1/fastq/SRR287/064/SRR28794164/SRR28794164_2.fastq.gz	4b3f48579bd9ce31429c6911001d6cce;bb8b2834030bc2d00adb5d497e5833e5		2023		fermenting cacao beans	2025-06-23	2025-06-23	not_verified_16s_subset	false	Run does not match the configured, verified bacterial 16S subset	https://www.ebi.ac.uk/ena/browser/view/PRJNA1104253
gopaulchan_2025_defined_community	PRJNA1104253	PRJNA1104253	SRP503821	SRR28794165	SRX24358467	SAMN41073925	SRS21115897	invitro16S_09	Metagenome or environmental sample from plant metagenome	metagenome of non-inoculated fermentation mass at 0hr-R5	Illumina MiSeq sequencing: metagenome of non-inoculated fermentation mass at 0hr-R5	plant metagenome	1297885	AMPLICON	METAGENOMIC	PCR	PAIRED	ILLUMINA	Illumina MiSeq	16922394	31627	3010420;4570816	ftp.sra.ebi.ac.uk/vol1/fastq/SRR287/065/SRR28794165/SRR28794165_1.fastq.gz;ftp.sra.ebi.ac.uk/vol1/fastq/SRR287/065/SRR28794165/SRR28794165_2.fastq.gz	ca1950850688bfdd6a5eb3c8f19dfab4;ab4f91f39eb1ab4aca9a816bbd80dbc9		2023		fermenting cacao beans	2025-06-23	2025-06-23	bacterial_16s_candidate	pending	High-confidence 16S-labelled runs are controlled in vitro fermentations; non-inoculated controls may support sensitivity analyses but are not yet accepted as primary spontaneous on-farm evidence.	https://www.ebi.ac.uk/ena/browser/view/PRJNA1104253
gopaulchan_2025_defined_community	PRJNA1104253	PRJNA1104253	SRP503821	SRR28794166	SRX24358466	SAMN41073924	SRS21115896	invitro16S_08	Metagenome or environmental sample from plant metagenome	metagenome of non-inoculated fermentation mass at 0hr-R4	Illumina MiSeq sequencing: metagenome of non-inoculated fermentation mass at 0hr-R4	plant metagenome	1297885	AMPLICON	METAGENOMIC	PCR	PAIRED	ILLUMINA	Illumina MiSeq	14420392	26951	2552457;3883000	ftp.sra.ebi.ac.uk/vol1/fastq/SRR287/066/SRR28794166/SRR28794166_1.fastq.gz;ftp.sra.ebi.ac.uk/vol1/fastq/SRR287/066/SRR28794166/SRR28794166_2.fastq.gz	f925e9677ff6539271c021286133e3e0;cb690577f7da19d78cef357956f74773		2023		fermenting cacao beans	2025-06-23	2025-06-23	bacterial_16s_candidate	pending	High-confidence 16S-labelled runs are controlled in vitro fermentations; non-inoculated controls may support sensitivity analyses but are not yet accepted as primary spontaneous on-farm evidence.	https://www.ebi.ac.uk/ena/browser/view/PRJNA1104253
gopaulchan_2025_defined_community	PRJNA1104253	PRJNA1104253	SRP503821	SRR28794167	SRX24358465	SAMN41073923	SRS21115895	invitro16S_07	Metagenome or environmental sample from plant metagenome	metagenome of non-inoculated fermentation mass at 0hr-R3	Illumina MiSeq sequencing: metagenome of non-inoculated fermentation mass at 0hr-R3	plant metagenome	1297885	AMPLICON	METAGENOMIC	PCR	PAIRED	ILLUMINA	Illumina MiSeq	23000879	42988	4101046;6207873	ftp.sra.ebi.ac.uk/vol1/fastq/SRR287/067/SRR28794167/SRR28794167_1.fastq.gz;ftp.sra.ebi.ac.uk/vol1/fastq/SRR287/067/SRR28794167/SRR28794167_2.fastq.gz	4266dc655d4cb9f382162cb4e611b3d8;c80202095d764d4254c287456de7d22f		2023		fermenting cacao beans	2025-06-23	2025-06-23	bacterial_16s_candidate	pending	High-confidence 16S-labelled runs are controlled in vitro fermentations; non-inoculated controls may support sensitivity analyses but are not yet accepted as primary spontaneous on-farm evidence.	https://www.ebi.ac.uk/ena/browser/view/PRJNA1104253
gopaulchan_2025_defined_community	PRJNA1104253	PRJNA1104253	SRP503821	SRR28794168	SRX24358464	SAMN41073922	SRS21115894	invitro16S_06	Metagenome or environmental sample from plant metagenome	metagenome of non-inoculated fermentation mass at 0hr-R2	Illumina MiSeq sequencing: metagenome of non-inoculated fermentation mass at 0hr-R2	plant metagenome	1297885	AMPLICON	METAGENOMIC	PCR	PAIRED	ILLUMINA	Illumina MiSeq	12316416	23019	2102300;3262331	ftp.sra.ebi.ac.uk/vol1/fastq/SRR287/068/SRR28794168/SRR28794168_1.fastq.gz;ftp.sra.ebi.ac.uk/vol1/fastq/SRR287/068/SRR28794168/SRR28794168_2.fastq.gz	1efe9e96a62f8131f16c343ac3ae44d2;8254609f2df6b118389746bbfe47d07b		2023		fermenting cacao beans	2025-06-23	2025-06-23	bacterial_16s_candidate	pending	High-confidence 16S-labelled runs are controlled in vitro fermentations; non-inoculated controls may support sensitivity analyses but are not yet accepted as primary spontaneous on-farm evidence.	https://www.ebi.ac.uk/ena/browser/view/PRJNA1104253
gopaulchan_2025_defined_community	PRJNA1104253	PRJNA1104253	SRP503821	SRR28794169	SRX24358463	SAMN41073921	SRS21115893	invitro16S_05	Metagenome or environmental sample from plant metagenome	metagenome of non-inoculated fermentation mass at 0hr-R1	Illumina MiSeq sequencing: metagenome of non-inoculated fermentation mass at 0hr-R1	plant metagenome	1297885	AMPLICON	METAGENOMIC	PCR	PAIRED	ILLUMINA	Illumina MiSeq	3818258	7136	822033;1163607	ftp.sra.ebi.ac.uk/vol1/fastq/SRR287/069/SRR28794169/SRR28794169_1.fastq.gz;ftp.sra.ebi.ac.uk/vol1/fastq/SRR287/069/SRR28794169/SRR28794169_2.fastq.gz	d01915ab781fce27670d29228ee066f7;5ff27a83b8b02201fe9531aeed456217		2023		fermenting cacao beans	2025-06-23	2025-06-23	bacterial_16s_candidate	pending	High-confidence 16S-labelled runs are controlled in vitro fermentations; non-inoculated controls may support sensitivity analyses but are not yet accepted as primary spontaneous on-farm evidence.	https://www.ebi.ac.uk/ena/browser/view/PRJNA1104253
gopaulchan_2025_defined_community	PRJNA1104253	PRJNA1104253	SRP503821	SRR28794170	SRX24358462	SAMN41073948	SRS21115892	invitro16S_32	Metagenome or environmental sample from plant metagenome	metagenome of non-inoculated fermentation mass at 96hr-R6	Illumina MiSeq sequencing: metagenome of non-inoculated fermentation mass at 96hr-R6	plant metagenome	1297885	AMPLICON	METAGENOMIC	PCR	PAIRED	ILLUMINA	Illumina MiSeq	12218650	22836	2167721;3294543	ftp.sra.ebi.ac.uk/vol1/fastq/SRR287/070/SRR28794170/SRR28794170_1.fastq.gz;ftp.sra.ebi.ac.uk/vol1/fastq/SRR287/070/SRR28794170/SRR28794170_2.fastq.gz	c4289fd08dfeea03bc82b80ff63364e1;581c247b414ec0f50687445768a81230		2023		fermenting cacao beans	2025-06-23	2025-06-23	bacterial_16s_candidate	pending	High-confidence 16S-labelled runs are controlled in vitro fermentations; non-inoculated controls may support sensitivity analyses but are not yet accepted as primary spontaneous on-farm evidence.	https://www.ebi.ac.uk/ena/browser/view/PRJNA1104253
gopaulchan_2025_defined_community	PRJNA1104253	PRJNA1104253	SRP503821	SRR28794171	SRX24358461	SAMN41073947	SRS21115891	invitro16S_31	Metagenome or environmental sample from plant metagenome	metagenome of non-inoculated fermentation mass at 96hr-R5	Illumina MiSeq sequencing: metagenome of non-inoculated fermentation mass at 96hr-R5	plant metagenome	1297885	AMPLICON	METAGENOMIC	PCR	PAIRED	ILLUMINA	Illumina MiSeq	9379071	17529	1673689;2538389	ftp.sra.ebi.ac.uk/vol1/fastq/SRR287/071/SRR28794171/SRR28794171_1.fastq.gz;ftp.sra.ebi.ac.uk/vol1/fastq/SRR287/071/SRR28794171/SRR28794171_2.fastq.gz	2d7be8eda4a9237db6c9ea3247bbac56;a883ad7886e58c8c8b8c4e93da5c5987		2023		fermenting cacao beans	2025-06-23	2025-06-23	bacterial_16s_candidate	pending	High-confidence 16S-labelled runs are controlled in vitro fermentations; non-inoculated controls may support sensitivity analyses but are not yet accepted as primary spontaneous on-farm evidence.	https://www.ebi.ac.uk/ena/browser/view/PRJNA1104253
gopaulchan_2025_defined_community	PRJNA1104253	PRJNA1104253	SRP503821	SRR28794172	SRX24358460	SAMN41073920	SRS21115890	invitro16S_04	Metagenome or environmental sample from plant metagenome	metagenome of inoculated fermentation mass at 0hr-R4	Illumina MiSeq sequencing: metagenome of inoculated fermentation mass at 0hr-R4	plant metagenome	1297885	AMPLICON	METAGENOMIC	PCR	PAIRED	ILLUMINA	Illumina MiSeq	12317775	23019	2190364;3328899	ftp.sra.ebi.ac.uk/vol1/fastq/SRR287/072/SRR28794172/SRR28794172_1.fastq.gz;ftp.sra.ebi.ac.uk/vol1/fastq/SRR287/072/SRR28794172/SRR28794172_2.fastq.gz	5e28492437f11ea751546b85227d9744;a099e2d851ba2194cfbf27e5e0a5d9fa		2023		fermenting cacao beans	2025-06-23	2025-06-23	not_verified_16s_subset	false	Run does not match the configured, verified bacterial 16S subset	https://www.ebi.ac.uk/ena/browser/view/PRJNA1104253
gopaulchan_2025_defined_community	PRJNA1104253	PRJNA1104253	SRP503821	SRR28794173	SRX24358459	SAMN41073946	SRS21115888	invitro16S_30	Metagenome or environmental sample from plant metagenome	metagenome of non-inoculated fermentation mass at 96hr-R4	Illumina MiSeq sequencing: metagenome of non-inoculated fermentation mass at 96hr-R4	plant metagenome	1297885	AMPLICON	METAGENOMIC	PCR	PAIRED	ILLUMINA	Illumina MiSeq	10499663	19623	1877313;2838217	ftp.sra.ebi.ac.uk/vol1/fastq/SRR287/073/SRR28794173/SRR28794173_1.fastq.gz;ftp.sra.ebi.ac.uk/vol1/fastq/SRR287/073/SRR28794173/SRR28794173_2.fastq.gz	96a13589f9d4a7a67cacdbe766cb8836;23d624f42d3d3144620d50051f72b440		2023		fermenting cacao beans	2025-06-23	2025-06-23	bacterial_16s_candidate	pending	High-confidence 16S-labelled runs are controlled in vitro fermentations; non-inoculated controls may support sensitivity analyses but are not yet accepted as primary spontaneous on-farm evidence.	https://www.ebi.ac.uk/ena/browser/view/PRJNA1104253
gopaulchan_2025_defined_community	PRJNA1104253	PRJNA1104253	SRP503821	SRR28794174	SRX24358458	SAMN41073945	SRS21115886	invitro16S_29	Metagenome or environmental sample from plant metagenome	metagenome of non-inoculated fermentation mass at 96hr-R3	Illumina MiSeq sequencing: metagenome of non-inoculated fermentation mass at 96hr-R3	plant metagenome	1297885	AMPLICON	METAGENOMIC	PCR	PAIRED	ILLUMINA	Illumina MiSeq	15715328	29371	2806391;4255698	ftp.sra.ebi.ac.uk/vol1/fastq/SRR287/074/SRR28794174/SRR28794174_1.fastq.gz;ftp.sra.ebi.ac.uk/vol1/fastq/SRR287/074/SRR28794174/SRR28794174_2.fastq.gz	62fdb16dd82aa18ec093e559f8d35c00;707e3722ff716bbf3157cadcdd5b1b07		2023		fermenting cacao beans	2025-06-23	2025-06-23	bacterial_16s_candidate	pending	High-confidence 16S-labelled runs are controlled in vitro fermentations; non-inoculated controls may support sensitivity analyses but are not yet accepted as primary spontaneous on-farm evidence.	https://www.ebi.ac.uk/ena/browser/view/PRJNA1104253
gopaulchan_2025_defined_community	PRJNA1104253	PRJNA1104253	SRP503821	SRR28794175	SRX24358457	SAMN41073944	SRS21115885	invitro16S_28	Metagenome or environmental sample from plant metagenome	metagenome of non-inoculated fermentation mass at 96hr-R2	Illumina MiSeq sequencing: metagenome of non-inoculated fermentation mass at 96hr-R2	plant metagenome	1297885	AMPLICON	METAGENOMIC	PCR	PAIRED	ILLUMINA	Illumina MiSeq	3212982	6005	549107;844280	ftp.sra.ebi.ac.uk/vol1/fastq/SRR287/075/SRR28794175/SRR28794175_1.fastq.gz;ftp.sra.ebi.ac.uk/vol1/fastq/SRR287/075/SRR28794175/SRR28794175_2.fastq.gz	87c17d66186f927cb9a2c7efdd9fb3e8;6b788d1fd298385c59b3bb6e353fac7b		2023		fermenting cacao beans	2025-06-23	2025-06-23	bacterial_16s_candidate	pending	High-confidence 16S-labelled runs are controlled in vitro fermentations; non-inoculated controls may support sensitivity analyses but are not yet accepted as primary spontaneous on-farm evidence.	https://www.ebi.ac.uk/ena/browser/view/PRJNA1104253
gopaulchan_2025_defined_community	PRJNA1104253	PRJNA1104253	SRP503821	SRR28794176	SRX24358456	SAMN41073943	SRS21115883	invitro16S_27	Metagenome or environmental sample from plant metagenome	metagenome of non-inoculated fermentation mass at 96hr-R1	Illumina MiSeq sequencing: metagenome of non-inoculated fermentation mass at 96hr-R1	plant metagenome	1297885	AMPLICON	METAGENOMIC	PCR	PAIRED	ILLUMINA	Illumina MiSeq	2467916	4612	428108;653049	ftp.sra.ebi.ac.uk/vol1/fastq/SRR287/076/SRR28794176/SRR28794176_1.fastq.gz;ftp.sra.ebi.ac.uk/vol1/fastq/SRR287/076/SRR28794176/SRR28794176_2.fastq.gz	3787d55b61ab73ab9cff73f7d13d965d;db72668081bf97a8951e7a542e536f92		2023		fermenting cacao beans	2025-06-23	2025-06-23	bacterial_16s_candidate	pending	High-confidence 16S-labelled runs are controlled in vitro fermentations; non-inoculated controls may support sensitivity analyses but are not yet accepted as primary spontaneous on-farm evidence.	https://www.ebi.ac.uk/ena/browser/view/PRJNA1104253
gopaulchan_2025_defined_community	PRJNA1104253	PRJNA1104253	SRP503821	SRR28794177	SRX24358455	SAMN41073942	SRS21115884	invitro16S_26	Metagenome or environmental sample from plant metagenome	metagenome of non-inoculated fermentation mass at 48hr-R5	Illumina MiSeq sequencing: metagenome of non-inoculated fermentation mass at 48hr-R5	plant metagenome	1297885	AMPLICON	METAGENOMIC	PCR	PAIRED	ILLUMINA	Illumina MiSeq	9932869	18564	1779174;2696888	ftp.sra.ebi.ac.uk/vol1/fastq/SRR287/077/SRR28794177/SRR28794177_1.fastq.gz;ftp.sra.ebi.ac.uk/vol1/fastq/SRR287/077/SRR28794177/SRR28794177_2.fastq.gz	8e0ea61d0e171119658e3b44d0fbe962;5102f1509323c32e16a9a1aed0274703		2023		fermenting cacao beans	2025-06-23	2025-06-23	bacterial_16s_candidate	pending	High-confidence 16S-labelled runs are controlled in vitro fermentations; non-inoculated controls may support sensitivity analyses but are not yet accepted as primary spontaneous on-farm evidence.	https://www.ebi.ac.uk/ena/browser/view/PRJNA1104253
gopaulchan_2025_defined_community	PRJNA1104253	PRJNA1104253	SRP503821	SRR28794178	SRX24358454	SAMN41073941	SRS21115882	invitro16S_25	Metagenome or environmental sample from plant metagenome	metagenome of non-inoculated fermentation mass at 48hr-R4	Illumina MiSeq sequencing: metagenome of non-inoculated fermentation mass at 48hr-R4	plant metagenome	1297885	AMPLICON	METAGENOMIC	PCR	PAIRED	ILLUMINA	Illumina MiSeq	13739414	25678	2444603;3713726	ftp.sra.ebi.ac.uk/vol1/fastq/SRR287/078/SRR28794178/SRR28794178_1.fastq.gz;ftp.sra.ebi.ac.uk/vol1/fastq/SRR287/078/SRR28794178/SRR28794178_2.fastq.gz	5d7351994651ee06b8c0e34a495fac4d;4d456184a7ef094ef9b2e6666fbcd44d		2023		fermenting cacao beans	2025-06-23	2025-06-23	bacterial_16s_candidate	pending	High-confidence 16S-labelled runs are controlled in vitro fermentations; non-inoculated controls may support sensitivity analyses but are not yet accepted as primary spontaneous on-farm evidence.	https://www.ebi.ac.uk/ena/browser/view/PRJNA1104253
gopaulchan_2025_defined_community	PRJNA1104253	PRJNA1104253	SRP503821	SRR28794179	SRX24358453	SAMN41073940	SRS21115881	invitro16S_24	Metagenome or environmental sample from plant metagenome	metagenome of non-inoculated fermentation mass at 48hr-R3	Illumina MiSeq sequencing: metagenome of non-inoculated fermentation mass at 48hr-R3	plant metagenome	1297885	AMPLICON	METAGENOMIC	PCR	PAIRED	ILLUMINA	Illumina MiSeq	15227096	28459	2718634;4112231	ftp.sra.ebi.ac.uk/vol1/fastq/SRR287/079/SRR28794179/SRR28794179_1.fastq.gz;ftp.sra.ebi.ac.uk/vol1/fastq/SRR287/079/SRR28794179/SRR28794179_2.fastq.gz	1c89044b8f7b9027dfa94148bf596c4b;981f47756835bbba3909034d8e09a38b		2023		fermenting cacao beans	2025-06-23	2025-06-23	bacterial_16s_candidate	pending	High-confidence 16S-labelled runs are controlled in vitro fermentations; non-inoculated controls may support sensitivity analyses but are not yet accepted as primary spontaneous on-farm evidence.	https://www.ebi.ac.uk/ena/browser/view/PRJNA1104253
gopaulchan_2025_defined_community	PRJNA1104253	PRJNA1104253	SRP503821	SRR28794180	SRX24358452	SAMN41073939	SRS21115880	invitro16S_23	Metagenome or environmental sample from plant metagenome	metagenome of non-inoculated fermentation mass at 48hr-R2	Illumina MiSeq sequencing: metagenome of non-inoculated fermentation mass at 48hr-R2	plant metagenome	1297885	AMPLICON	METAGENOMIC	PCR	PAIRED	ILLUMINA	Illumina MiSeq	17988709	33620	3214219;4870818	ftp.sra.ebi.ac.uk/vol1/fastq/SRR287/080/SRR28794180/SRR28794180_1.fastq.gz;ftp.sra.ebi.ac.uk/vol1/fastq/SRR287/080/SRR28794180/SRR28794180_2.fastq.gz	6777ed828871c472fab96cf2e84cd360;9ad43179be79fa278664bf372081ba94		2023		fermenting cacao beans	2025-06-23	2025-06-23	bacterial_16s_candidate	pending	High-confidence 16S-labelled runs are controlled in vitro fermentations; non-inoculated controls may support sensitivity analyses but are not yet accepted as primary spontaneous on-farm evidence.	https://www.ebi.ac.uk/ena/browser/view/PRJNA1104253
gopaulchan_2025_defined_community	PRJNA1104253	PRJNA1104253	SRP503821	SRR28794181	SRX24358451	SAMN41073938	SRS21115879	invitro16S_22	Metagenome or environmental sample from plant metagenome	metagenome of non-inoculated fermentation mass at 48hr-R1	Illumina MiSeq sequencing: metagenome of non-inoculated fermentation mass at 48hr-R1	plant metagenome	1297885	AMPLICON	METAGENOMIC	PCR	PAIRED	ILLUMINA	Illumina MiSeq	23001041	42988	3899270;6068838	ftp.sra.ebi.ac.uk/vol1/fastq/SRR287/081/SRR28794181/SRR28794181_1.fastq.gz;ftp.sra.ebi.ac.uk/vol1/fastq/SRR287/081/SRR28794181/SRR28794181_2.fastq.gz	92cc930e7548f1dab59135092294b53e;e65bceabcd1032e8d3dab317ab985410		2023		fermenting cacao beans	2025-06-23	2025-06-23	bacterial_16s_candidate	pending	High-confidence 16S-labelled runs are controlled in vitro fermentations; non-inoculated controls may support sensitivity analyses but are not yet accepted as primary spontaneous on-farm evidence.	https://www.ebi.ac.uk/ena/browser/view/PRJNA1104253
gopaulchan_2025_defined_community	PRJNA1104253	PRJNA1104253	SRP503821	SRR28794182	SRX24358450	SAMN41073937	SRS21115878	invitro16S_21	Metagenome or environmental sample from plant metagenome	metagenome of inoculated fermentation mass at 96hr-R6	Illumina MiSeq sequencing: metagenome of inoculated fermentation mass at 96hr-R6	plant metagenome	1297885	AMPLICON	METAGENOMIC	PCR	PAIRED	ILLUMINA	Illumina MiSeq	16588375	31003	2803154;4282473	ftp.sra.ebi.ac.uk/vol1/fastq/SRR287/082/SRR28794182/SRR28794182_1.fastq.gz;ftp.sra.ebi.ac.uk/vol1/fastq/SRR287/082/SRR28794182/SRR28794182_2.fastq.gz	8dc33fe6e71bf355f28a70cea1c99f78;c4895889bc279391038d2a529c74a2aa		2023		fermenting cacao beans	2025-06-23	2025-06-23	not_verified_16s_subset	false	Run does not match the configured, verified bacterial 16S subset	https://www.ebi.ac.uk/ena/browser/view/PRJNA1104253
gopaulchan_2025_defined_community	PRJNA1104253	PRJNA1104253	SRP503821	SRR28794183	SRX24358449	SAMN41073919	SRS21115877	invitro16S_03	Metagenome or environmental sample from plant metagenome	metagenome of inoculated fermentation mass at 0hr-R3	Illumina MiSeq sequencing: metagenome of inoculated fermentation mass at 0hr-R3	plant metagenome	1297885	AMPLICON	METAGENOMIC	PCR	PAIRED	ILLUMINA	Illumina MiSeq	15226888	28459	2600960;4037500	ftp.sra.ebi.ac.uk/vol1/fastq/SRR287/083/SRR28794183/SRR28794183_1.fastq.gz;ftp.sra.ebi.ac.uk/vol1/fastq/SRR287/083/SRR28794183/SRR28794183_2.fastq.gz	3e9e5f4b7b557adf222e78c0aa0fadd7;55f98bd5d42ba90868e3c654f311e264		2023		fermenting cacao beans	2025-06-23	2025-06-23	not_verified_16s_subset	false	Run does not match the configured, verified bacterial 16S subset	https://www.ebi.ac.uk/ena/browser/view/PRJNA1104253
gopaulchan_2025_defined_community	PRJNA1104253	PRJNA1104253	SRP503821	SRR28794184	SRX24358448	SAMN41073936	SRS21115876	invitro16S_20	Metagenome or environmental sample from plant metagenome	metagenome of inoculated fermentation mass at 96hr-R5	Illumina MiSeq sequencing: metagenome of inoculated fermentation mass at 96hr-R5	plant metagenome	1297885	AMPLICON	METAGENOMIC	PCR	PAIRED	ILLUMINA	Illumina MiSeq	22779438	42574	3812435;5851066	ftp.sra.ebi.ac.uk/vol1/fastq/SRR287/084/SRR28794184/SRR28794184_1.fastq.gz;ftp.sra.ebi.ac.uk/vol1/fastq/SRR287/084/SRR28794184/SRR28794184_2.fastq.gz	467d56abfe715bf527c1338bc1375da3;3d239e4514f4fde175a0fb9f469d2e15		2023		fermenting cacao beans	2025-06-23	2025-06-23	not_verified_16s_subset	false	Run does not match the configured, verified bacterial 16S subset	https://www.ebi.ac.uk/ena/browser/view/PRJNA1104253
gopaulchan_2025_defined_community	PRJNA1104253	PRJNA1104253	SRP503821	SRR28794185	SRX24358447	SAMN41073935	SRS21115875	invitro16S_19	Metagenome or environmental sample from plant metagenome	metagenome of inoculated fermentation mass at 96hr-R4	Illumina MiSeq sequencing: metagenome of inoculated fermentation mass at 96hr-R4	plant metagenome	1297885	AMPLICON	METAGENOMIC	PCR	PAIRED	ILLUMINA	Illumina MiSeq	17463802	32639	2945959;4503523	ftp.sra.ebi.ac.uk/vol1/fastq/SRR287/085/SRR28794185/SRR28794185_1.fastq.gz;ftp.sra.ebi.ac.uk/vol1/fastq/SRR287/085/SRR28794185/SRR28794185_2.fastq.gz	4da1c415ef3e064de04de8d510ef80c5;5fa1c9a1fa024662518eb4d17d34ce9a		2023		fermenting cacao beans	2025-06-23	2025-06-23	not_verified_16s_subset	false	Run does not match the configured, verified bacterial 16S subset	https://www.ebi.ac.uk/ena/browser/view/PRJNA1104253
gopaulchan_2025_defined_community	PRJNA1104253	PRJNA1104253	SRP503821	SRR28794186	SRX24358446	SAMN41073934	SRS21115874	invitro16S_18	Metagenome or environmental sample from plant metagenome	metagenome of inoculated fermentation mass at 96hr-R3	Illumina MiSeq sequencing: metagenome of inoculated fermentation mass at 96hr-R3	plant metagenome	1297885	AMPLICON	METAGENOMIC	PCR	PAIRED	ILLUMINA	Illumina MiSeq	2357301	4406	408985;622692	ftp.sra.ebi.ac.uk/vol1/fastq/SRR287/086/SRR28794186/SRR28794186_1.fastq.gz;ftp.sra.ebi.ac.uk/vol1/fastq/SRR287/086/SRR28794186/SRR28794186_2.fastq.gz	54bfa5f0e960f4c2f111893c4908b753;31a44122bceb756128a029a2c0446038		2023		fermenting cacao beans	2025-06-23	2025-06-23	not_verified_16s_subset	false	Run does not match the configured, verified bacterial 16S subset	https://www.ebi.ac.uk/ena/browser/view/PRJNA1104253
gopaulchan_2025_defined_community	PRJNA1104253	PRJNA1104253	SRP503821	SRR28794187	SRX24358445	SAMN41073933	SRS21115873	invitro16S_17	Metagenome or environmental sample from plant metagenome	metagenome of inoculated fermentation mass at 96hr-R2	Illumina MiSeq sequencing: metagenome of inoculated fermentation mass at 96hr-R2	plant metagenome	1297885	AMPLICON	METAGENOMIC	PCR	PAIRED	ILLUMINA	Illumina MiSeq	23137110	43242	3776968;5838719	ftp.sra.ebi.ac.uk/vol1/fastq/SRR287/087/SRR28794187/SRR28794187_1.fastq.gz;ftp.sra.ebi.ac.uk/vol1/fastq/SRR287/087/SRR28794187/SRR28794187_2.fastq.gz	682faf97c51390a65824375127353022;9844dc1fcf97713de311ec26313cd659		2023		fermenting cacao beans	2025-06-23	2025-06-23	not_verified_16s_subset	false	Run does not match the configured, verified bacterial 16S subset	https://www.ebi.ac.uk/ena/browser/view/PRJNA1104253
gopaulchan_2025_defined_community	PRJNA1104253	PRJNA1104253	SRP503821	SRR28794188	SRX24358444	SAMN41073932	SRS21115872	invitro16S_16	Metagenome or environmental sample from plant metagenome	metagenome of inoculated fermentation mass at 96hr-R1	Illumina MiSeq sequencing: metagenome of inoculated fermentation mass at 96hr-R1	plant metagenome	1297885	AMPLICON	METAGENOMIC	PCR	PAIRED	ILLUMINA	Illumina MiSeq	12324238	23034	2082593;3202702	ftp.sra.ebi.ac.uk/vol1/fastq/SRR287/088/SRR28794188/SRR28794188_1.fastq.gz;ftp.sra.ebi.ac.uk/vol1/fastq/SRR287/088/SRR28794188/SRR28794188_2.fastq.gz	d82b4be7acec30f430333cd0a6e2f48c;14ea8ef9bf2bae998bb3950005e119a4		2023		fermenting cacao beans	2025-06-23	2025-06-23	not_verified_16s_subset	false	Run does not match the configured, verified bacterial 16S subset	https://www.ebi.ac.uk/ena/browser/view/PRJNA1104253
gopaulchan_2025_defined_community	PRJNA1104253	PRJNA1104253	SRP503821	SRR28794189	SRX24358443	SAMN41073931	SRS21115871	invitro16S_15	Metagenome or environmental sample from plant metagenome	metagenome of inoculated fermentation mass at 48hr-R6	Illumina MiSeq sequencing: metagenome of inoculated fermentation mass at 48hr-R6	plant metagenome	1297885	AMPLICON	METAGENOMIC	PCR	PAIRED	ILLUMINA	Illumina MiSeq	9861108	18430	1650310;2566677	ftp.sra.ebi.ac.uk/vol1/fastq/SRR287/089/SRR28794189/SRR28794189_1.fastq.gz;ftp.sra.ebi.ac.uk/vol1/fastq/SRR287/089/SRR28794189/SRR28794189_2.fastq.gz	4d25f457db6e0012582980e0da209a6d;8cbb28fab16a64e5f42f85b1d9e3cd33		2023		fermenting cacao beans	2025-06-23	2025-06-23	not_verified_16s_subset	false	Run does not match the configured, verified bacterial 16S subset	https://www.ebi.ac.uk/ena/browser/view/PRJNA1104253
gopaulchan_2025_defined_community	PRJNA1104253	PRJNA1104253	SRP503821	SRR28794190	SRX24358442	SAMN41073930	SRS21115870	invitro16S_14	Metagenome or environmental sample from plant metagenome	metagenome of inoculated fermentation mass at 48hr-R5	Illumina MiSeq sequencing: metagenome of inoculated fermentation mass at 48hr-R5	plant metagenome	1297885	AMPLICON	METAGENOMIC	PCR	PAIRED	ILLUMINA	Illumina MiSeq	12343222	23069	2066447;3214585	ftp.sra.ebi.ac.uk/vol1/fastq/SRR287/090/SRR28794190/SRR28794190_1.fastq.gz;ftp.sra.ebi.ac.uk/vol1/fastq/SRR287/090/SRR28794190/SRR28794190_2.fastq.gz	4a20598ebc10bd334ef600e300545873;6e90ea795bd041d7bc438396a5917cce		2023		fermenting cacao beans	2025-06-23	2025-06-23	not_verified_16s_subset	false	Run does not match the configured, verified bacterial 16S subset	https://www.ebi.ac.uk/ena/browser/view/PRJNA1104253
gopaulchan_2025_defined_community	PRJNA1104253	PRJNA1104253	SRP503821	SRR28794191	SRX24358441	SAMN41073929	SRS21115869	invitro16S_13	Metagenome or environmental sample from plant metagenome	metagenome of inoculated fermentation mass at 48hr-R4	Illumina MiSeq sequencing: metagenome of inoculated fermentation mass at 48hr-R4	plant metagenome	1297885	AMPLICON	METAGENOMIC	PCR	PAIRED	ILLUMINA	Illumina MiSeq	13152307	24581	2195776;3419755	ftp.sra.ebi.ac.uk/vol1/fastq/SRR287/091/SRR28794191/SRR28794191_1.fastq.gz;ftp.sra.ebi.ac.uk/vol1/fastq/SRR287/091/SRR28794191/SRR28794191_2.fastq.gz	6c4e775fcc7c8d1d7091c371ff03aa92;d0f8ca63356d47e1a6800fb1b1b0d610		2023		fermenting cacao beans	2025-06-23	2025-06-23	not_verified_16s_subset	false	Run does not match the configured, verified bacterial 16S subset	https://www.ebi.ac.uk/ena/browser/view/PRJNA1104253
gopaulchan_2025_defined_community	PRJNA1104253	PRJNA1104253	SRP503821	SRR28794192	SRX24358440	SAMN41073928	SRS21115868	invitro16S_12	Metagenome or environmental sample from plant metagenome	metagenome of inoculated fermentation mass at 48hr-R3	Illumina MiSeq sequencing: metagenome of inoculated fermentation mass at 48hr-R3	plant metagenome	1297885	AMPLICON	METAGENOMIC	PCR	PAIRED	ILLUMINA	Illumina MiSeq	9426454	17617	1591886;2461941	ftp.sra.ebi.ac.uk/vol1/fastq/SRR287/092/SRR28794192/SRR28794192_1.fastq.gz;ftp.sra.ebi.ac.uk/vol1/fastq/SRR287/092/SRR28794192/SRR28794192_2.fastq.gz	abc340e24c85adcbc6d8ed668e03e986;7b659b0e37ca2dc98b1870cf5401802e		2023		fermenting cacao beans	2025-06-23	2025-06-23	not_verified_16s_subset	false	Run does not match the configured, verified bacterial 16S subset	https://www.ebi.ac.uk/ena/browser/view/PRJNA1104253
gopaulchan_2025_defined_community	PRJNA1104253	PRJNA1104253	SRP503821	SRR28794193	SRX24358439	SAMN41073927	SRS21115889	invitro16S_11	Metagenome or environmental sample from plant metagenome	metagenome of inoculated fermentation mass at 48hr-R2	Illumina MiSeq sequencing: metagenome of inoculated fermentation mass at 48hr-R2	plant metagenome	1297885	AMPLICON	METAGENOMIC	PCR	PAIRED	ILLUMINA	Illumina MiSeq	20786457	38849	3351198;5300229	ftp.sra.ebi.ac.uk/vol1/fastq/SRR287/093/SRR28794193/SRR28794193_1.fastq.gz;ftp.sra.ebi.ac.uk/vol1/fastq/SRR287/093/SRR28794193/SRR28794193_2.fastq.gz	548567b364f6c020181060f5c8e1d6ad;b7e1bf1740875323d5c6ad3da31d85c3		2023		fermenting cacao beans	2025-06-23	2025-06-23	not_verified_16s_subset	false	Run does not match the configured, verified bacterial 16S subset	https://www.ebi.ac.uk/ena/browser/view/PRJNA1104253
gopaulchan_2025_defined_community	PRJNA1104253	PRJNA1104253	SRP503821	SRR28794194	SRX24358438	SAMN41073918	SRS21115867	invitro16S_02	Metagenome or environmental sample from plant metagenome	metagenome of inoculated fermentation mass at 0hr-R2	Illumina MiSeq sequencing: metagenome of inoculated fermentation mass at 0hr-R2	plant metagenome	1297885	AMPLICON	METAGENOMIC	PCR	PAIRED	ILLUMINA	Illumina MiSeq	17988801	33620	3064341;4761348	ftp.sra.ebi.ac.uk/vol1/fastq/SRR287/094/SRR28794194/SRR28794194_1.fastq.gz;ftp.sra.ebi.ac.uk/vol1/fastq/SRR287/094/SRR28794194/SRR28794194_2.fastq.gz	7694413379f859273ec2b4d028bb7f01;284028d76d76537c08147fab3fca1c66		2023		fermenting cacao beans	2025-06-23	2025-06-23	not_verified_16s_subset	false	Run does not match the configured, verified bacterial 16S subset	https://www.ebi.ac.uk/ena/browser/view/PRJNA1104253
gopaulchan_2025_defined_community	PRJNA1104253	PRJNA1104253	SRP503821	SRR28794195	SRX24358437	SAMN41073917	SRS21115887	invitro16S_01	Metagenome or environmental sample from plant metagenome	metagenome of inoculated fermentation mass at 0hr-R1	Illumina MiSeq sequencing: metagenome of inoculated fermentation mass at 0hr-R1	plant metagenome	1297885	AMPLICON	METAGENOMIC	PCR	PAIRED	ILLUMINA	Illumina MiSeq	15321891	28636	2528183;4003788	ftp.sra.ebi.ac.uk/vol1/fastq/SRR287/095/SRR28794195/SRR28794195_1.fastq.gz;ftp.sra.ebi.ac.uk/vol1/fastq/SRR287/095/SRR28794195/SRR28794195_2.fastq.gz	e5368b6f6b59ca7a3152a2ac481075e3;3754489b96e94d4ca04ac0a626d109be		2023		fermenting cacao beans	2025-06-23	2025-06-23	not_verified_16s_subset	false	Run does not match the configured, verified bacterial 16S subset	https://www.ebi.ac.uk/ena/browser/view/PRJNA1104253
gopaulchan_2025_defined_community	PRJNA1104253	PRJNA1104253	SRP503821	SRR28815566	SRX24378712	SAMN41082124	SRS21135027	invitroITS_10	Metagenome or environmental sample from plant metagenome	metagenome of inoculated fermentation mass at 48hr-R4	Illumina MiSeq sequencing: metagenome of inoculated fermentation mass at 48hr-R4	plant metagenome	1297885	AMPLICON	METAGENOMIC	PCR	PAIRED	ILLUMINA	Illumina MiSeq	22472246	41835	4257510;5340875	ftp.sra.ebi.ac.uk/vol1/fastq/SRR288/066/SRR28815566/SRR28815566_1.fastq.gz;ftp.sra.ebi.ac.uk/vol1/fastq/SRR288/066/SRR28815566/SRR28815566_2.fastq.gz	699a2aaae9b387e365fb2c19f4035685;0eccce21ddd085c404a239b401a4359a		2023		fermenting cacao beans	2025-06-23	2025-06-23	non_bacterial_marker	false	ITS/fungal run is outside bacterial 16S scope	https://www.ebi.ac.uk/ena/browser/view/PRJNA1104253
gopaulchan_2025_defined_community	PRJNA1104253	PRJNA1104253	SRP503821	SRR28815567	SRX24378711	SAMN41082123	SRS21135025	invitroITS_09	Metagenome or environmental sample from plant metagenome	metagenome of inoculated fermentation mass at 48hr-R3	Illumina MiSeq sequencing: metagenome of inoculated fermentation mass at 48hr-R3	plant metagenome	1297885	AMPLICON	METAGENOMIC	PCR	PAIRED	ILLUMINA	Illumina MiSeq	15731674	29287	2869102;3678963	ftp.sra.ebi.ac.uk/vol1/fastq/SRR288/067/SRR28815567/SRR28815567_1.fastq.gz;ftp.sra.ebi.ac.uk/vol1/fastq/SRR288/067/SRR28815567/SRR28815567_2.fastq.gz	ee3649f48ed31b4d5fef38fc7a452893;276385de52d5d8dd93bfccd600856452		2023		fermenting cacao beans	2025-06-23	2025-06-23	non_bacterial_marker	false	ITS/fungal run is outside bacterial 16S scope	https://www.ebi.ac.uk/ena/browser/view/PRJNA1104253
gopaulchan_2025_defined_community	PRJNA1104253	PRJNA1104253	SRP503821	SRR28815568	SRX24378710	SAMN41082122	SRS21135026	invitroITS_08	Metagenome or environmental sample from plant metagenome	metagenome of inoculated fermentation mass at 48hr-R2	Illumina MiSeq sequencing: metagenome of inoculated fermentation mass at 48hr-R2	plant metagenome	1297885	AMPLICON	METAGENOMIC	PCR	PAIRED	ILLUMINA	Illumina MiSeq	33612818	62576	6608925;8092339	ftp.sra.ebi.ac.uk/vol1/fastq/SRR288/068/SRR28815568/SRR28815568_1.fastq.gz;ftp.sra.ebi.ac.uk/vol1/fastq/SRR288/068/SRR28815568/SRR28815568_2.fastq.gz	492bfd767d506df6731825e2ffc1d736;d0aba10a7d4b39ea01fdb94941d4423c		2023		fermenting cacao beans	2025-06-23	2025-06-23	non_bacterial_marker	false	ITS/fungal run is outside bacterial 16S scope	https://www.ebi.ac.uk/ena/browser/view/PRJNA1104253
gopaulchan_2025_defined_community	PRJNA1104253	PRJNA1104253	SRP503821	SRR28815569	SRX24378709	SAMN41082121	SRS21135024	invitroITS_07	Metagenome or environmental sample from plant metagenome	metagenome of inoculated fermentation mass at 48hr-R1	Illumina MiSeq sequencing: metagenome of inoculated fermentation mass at 48hr-R1	plant metagenome	1297885	AMPLICON	METAGENOMIC	PCR	PAIRED	ILLUMINA	Illumina MiSeq	54794379	102007	9896588;12560111	ftp.sra.ebi.ac.uk/vol1/fastq/SRR288/069/SRR28815569/SRR28815569_1.fastq.gz;ftp.sra.ebi.ac.uk/vol1/fastq/SRR288/069/SRR28815569/SRR28815569_2.fastq.gz	9169b91b9afa332348577f95734904d1;ee840c23e3be6e00a8ba80417177012e		2023		fermenting cacao beans	2025-06-23	2025-06-23	non_bacterial_marker	false	ITS/fungal run is outside bacterial 16S scope	https://www.ebi.ac.uk/ena/browser/view/PRJNA1104253
gopaulchan_2025_defined_community	PRJNA1104253	PRJNA1104253	SRP503821	SRR28815570	SRX24378708	SAMN41082120	SRS21135022	invitroITS_06	Metagenome or environmental sample from plant metagenome	metagenome of non-inoculated fermentation mass at 0hr-R3	Illumina MiSeq sequencing: metagenome of non-inoculated fermentation mass at 0hr-R3	plant metagenome	1297885	AMPLICON	METAGENOMIC	PCR	PAIRED	ILLUMINA	Illumina MiSeq	23573953	43892	8051364;8050376	ftp.sra.ebi.ac.uk/vol1/fastq/SRR288/070/SRR28815570/SRR28815570_1.fastq.gz;ftp.sra.ebi.ac.uk/vol1/fastq/SRR288/070/SRR28815570/SRR28815570_2.fastq.gz	cc942fea9191d2f7f404230daa12ab83;4b8840bccb4e6524019bdde2b4c88119		2023		fermenting cacao beans	2025-06-23	2025-06-23	non_bacterial_marker	false	ITS/fungal run is outside bacterial 16S scope	https://www.ebi.ac.uk/ena/browser/view/PRJNA1104253
gopaulchan_2025_defined_community	PRJNA1104253	PRJNA1104253	SRP503821	SRR28815571	SRX24378707	SAMN41082119	SRS21135023	invitroITS_05	Metagenome or environmental sample from plant metagenome	metagenome of non-inoculated fermentation mass at 0hr-R2	Illumina MiSeq sequencing: metagenome of non-inoculated fermentation mass at 0hr-R2	plant metagenome	1297885	AMPLICON	METAGENOMIC	PCR	PAIRED	ILLUMINA	Illumina MiSeq	13652292	25419	4650035;4664320	ftp.sra.ebi.ac.uk/vol1/fastq/SRR288/071/SRR28815571/SRR28815571_1.fastq.gz;ftp.sra.ebi.ac.uk/vol1/fastq/SRR288/071/SRR28815571/SRR28815571_2.fastq.gz	e4d7b05b9b94e07e44946789734c8c62;a763d77b8e700dd07a19d91d5e95aa9c		2023		fermenting cacao beans	2025-06-23	2025-06-23	non_bacterial_marker	false	ITS/fungal run is outside bacterial 16S scope	https://www.ebi.ac.uk/ena/browser/view/PRJNA1104253
gopaulchan_2025_defined_community	PRJNA1104253	PRJNA1104253	SRP503821	SRR28815572	SRX24378706	SAMN41082118	SRS21135021	invitroITS_04	Metagenome or environmental sample from plant metagenome	metagenome of non-inoculated fermentation mass at 0hr-R1	Illumina MiSeq sequencing: metagenome of non-inoculated fermentation mass at 0hr-R1	plant metagenome	1297885	AMPLICON	METAGENOMIC	PCR	PAIRED	ILLUMINA	Illumina MiSeq	14749754	27463	5038100;5051548	ftp.sra.ebi.ac.uk/vol1/fastq/SRR288/072/SRR28815572/SRR28815572_1.fastq.gz;ftp.sra.ebi.ac.uk/vol1/fastq/SRR288/072/SRR28815572/SRR28815572_2.fastq.gz	d058ee9afaf9ba4c7460c3b245e68ac9;1ea1dda87c99db057b35569a25c04ac6		2023		fermenting cacao beans	2025-06-23	2025-06-23	non_bacterial_marker	false	ITS/fungal run is outside bacterial 16S scope	https://www.ebi.ac.uk/ena/browser/view/PRJNA1104253
gopaulchan_2025_defined_community	PRJNA1104253	PRJNA1104253	SRP503821	SRR28815573	SRX24378705	SAMN41082136	SRS21135020	invitroITS_22	Metagenome or environmental sample from plant metagenome	metagenome of non-inoculated fermentation mass at 96hr-R5	Illumina MiSeq sequencing: metagenome of non-inoculated fermentation mass at 96hr-R5	plant metagenome	1297885	AMPLICON	METAGENOMIC	PCR	PAIRED	ILLUMINA	Illumina MiSeq	13554853	25238	4637913;4650918	ftp.sra.ebi.ac.uk/vol1/fastq/SRR288/073/SRR28815573/SRR28815573_1.fastq.gz;ftp.sra.ebi.ac.uk/vol1/fastq/SRR288/073/SRR28815573/SRR28815573_2.fastq.gz	2764e2545ff06666f6d91a1d3a21c72b;0d791be258a288bc80132c73b3a8ca94		2023		fermenting cacao beans	2025-06-23	2025-06-23	non_bacterial_marker	false	ITS/fungal run is outside bacterial 16S scope	https://www.ebi.ac.uk/ena/browser/view/PRJNA1104253
gopaulchan_2025_defined_community	PRJNA1104253	PRJNA1104253	SRP503821	SRR28815574	SRX24378704	SAMN41082135	SRS21135019	invitroITS_21	Metagenome or environmental sample from plant metagenome	metagenome of non-inoculated fermentation mass at 96hr-R4	Illumina MiSeq sequencing: metagenome of non-inoculated fermentation mass at 96hr-R4	plant metagenome	1297885	AMPLICON	METAGENOMIC	PCR	PAIRED	ILLUMINA	Illumina MiSeq	5036882	9378	1706229;1722875	ftp.sra.ebi.ac.uk/vol1/fastq/SRR288/074/SRR28815574/SRR28815574_1.fastq.gz;ftp.sra.ebi.ac.uk/vol1/fastq/SRR288/074/SRR28815574/SRR28815574_2.fastq.gz	6b239808ac27ed5b94fe835f65c772ae;cf68cd9fe1dedb5db3fe16b4efd81fbd		2023		fermenting cacao beans	2025-06-23	2025-06-23	non_bacterial_marker	false	ITS/fungal run is outside bacterial 16S scope	https://www.ebi.ac.uk/ena/browser/view/PRJNA1104253
gopaulchan_2025_defined_community	PRJNA1104253	PRJNA1104253	SRP503821	SRR28815575	SRX24378703	SAMN41082117	SRS21135018	invitroITS_03	Metagenome or environmental sample from plant metagenome	metagenome of inoculated fermentation mass at 0hr-R3	Illumina MiSeq sequencing: metagenome of inoculated fermentation mass at 0hr-R3	plant metagenome	1297885	AMPLICON	METAGENOMIC	PCR	PAIRED	ILLUMINA	Illumina MiSeq	14813963	27582	5048903;5060912	ftp.sra.ebi.ac.uk/vol1/fastq/SRR288/075/SRR28815575/SRR28815575_1.fastq.gz;ftp.sra.ebi.ac.uk/vol1/fastq/SRR288/075/SRR28815575/SRR28815575_2.fastq.gz	2ff12393e5b4c6868e8c5c5267a19214;88ad76fb5ed0722ed5bf3120ce652b3b		2023		fermenting cacao beans	2025-06-23	2025-06-23	non_bacterial_marker	false	ITS/fungal run is outside bacterial 16S scope	https://www.ebi.ac.uk/ena/browser/view/PRJNA1104253
gopaulchan_2025_defined_community	PRJNA1104253	PRJNA1104253	SRP503821	SRR28815576	SRX24378702	SAMN41082134	SRS21135017	invitroITS_20	Metagenome or environmental sample from plant metagenome	metagenome of non-inoculated fermentation mass at 96hr-R3	Illumina MiSeq sequencing: metagenome of non-inoculated fermentation mass at 96hr-R3	plant metagenome	1297885	AMPLICON	METAGENOMIC	PCR	PAIRED	ILLUMINA	Illumina MiSeq	5277563	9826	1794392;1812130	ftp.sra.ebi.ac.uk/vol1/fastq/SRR288/076/SRR28815576/SRR28815576_1.fastq.gz;ftp.sra.ebi.ac.uk/vol1/fastq/SRR288/076/SRR28815576/SRR28815576_2.fastq.gz	61dd8e31af144d76fb7cc29f24ec2581;8f84538510b4b1a6ae9bdce91ff478b9		2023		fermenting cacao beans	2025-06-23	2025-06-23	non_bacterial_marker	false	ITS/fungal run is outside bacterial 16S scope	https://www.ebi.ac.uk/ena/browser/view/PRJNA1104253
gopaulchan_2025_defined_community	PRJNA1104253	PRJNA1104253	SRP503821	SRR28815577	SRX24378701	SAMN41082133	SRS21135016	invitroITS_19	Metagenome or environmental sample from plant metagenome	metagenome of non-inoculated fermentation mass at 96hr-R2	Illumina MiSeq sequencing: metagenome of non-inoculated fermentation mass at 96hr-R2	plant metagenome	1297885	AMPLICON	METAGENOMIC	PCR	PAIRED	ILLUMINA	Illumina MiSeq	15146345	28201	5162268;5187245	ftp.sra.ebi.ac.uk/vol1/fastq/SRR288/077/SRR28815577/SRR28815577_1.fastq.gz;ftp.sra.ebi.ac.uk/vol1/fastq/SRR288/077/SRR28815577/SRR28815577_2.fastq.gz	9c42e670125602ba734371da20e4da47;46e7a184844985540aaec1e8e3932930		2023		fermenting cacao beans	2025-06-23	2025-06-23	non_bacterial_marker	false	ITS/fungal run is outside bacterial 16S scope	https://www.ebi.ac.uk/ena/browser/view/PRJNA1104253
gopaulchan_2025_defined_community	PRJNA1104253	PRJNA1104253	SRP503821	SRR28815578	SRX24378700	SAMN41082132	SRS21135015	invitroITS_18	Metagenome or environmental sample from plant metagenome	metagenome of non-inoculated fermentation mass at 96hr-R1	Illumina MiSeq sequencing: metagenome of non-inoculated fermentation mass at 96hr-R1	plant metagenome	1297885	AMPLICON	METAGENOMIC	PCR	PAIRED	ILLUMINA	Illumina MiSeq	5415035	10082	1831364;1852037	ftp.sra.ebi.ac.uk/vol1/fastq/SRR288/078/SRR28815578/SRR28815578_1.fastq.gz;ftp.sra.ebi.ac.uk/vol1/fastq/SRR288/078/SRR28815578/SRR28815578_2.fastq.gz	ff0ac234ac362459edd9f8fa3ce5b4e0;5c0cc60474d1ee6b695ca57b21296f6a		2023		fermenting cacao beans	2025-06-23	2025-06-23	non_bacterial_marker	false	ITS/fungal run is outside bacterial 16S scope	https://www.ebi.ac.uk/ena/browser/view/PRJNA1104253
gopaulchan_2025_defined_community	PRJNA1104253	PRJNA1104253	SRP503821	SRR28815579	SRX24378699	SAMN41082131	SRS21135014	invitroITS_17	Metagenome or environmental sample from plant metagenome	metagenome of non-inoculated fermentation mass at 48hr-R3	Illumina MiSeq sequencing: metagenome of non-inoculated fermentation mass at 48hr-R3	plant metagenome	1297885	AMPLICON	METAGENOMIC	PCR	PAIRED	ILLUMINA	Illumina MiSeq	13816288	25724	4696733;4713522	ftp.sra.ebi.ac.uk/vol1/fastq/SRR288/079/SRR28815579/SRR28815579_1.fastq.gz;ftp.sra.ebi.ac.uk/vol1/fastq/SRR288/079/SRR28815579/SRR28815579_2.fastq.gz	26b4fbe0f53ddf35d6572ef65cea01bd;401f66172837e9d7022dff21d65c4482		2023		fermenting cacao beans	2025-06-23	2025-06-23	non_bacterial_marker	false	ITS/fungal run is outside bacterial 16S scope	https://www.ebi.ac.uk/ena/browser/view/PRJNA1104253
gopaulchan_2025_defined_community	PRJNA1104253	PRJNA1104253	SRP503821	SRR28815580	SRX24378698	SAMN41082130	SRS21135013	invitroITS_16	Metagenome or environmental sample from plant metagenome	metagenome of non-inoculated fermentation mass at 48hr-R2	Illumina MiSeq sequencing: metagenome of non-inoculated fermentation mass at 48hr-R2	plant metagenome	1297885	AMPLICON	METAGENOMIC	PCR	PAIRED	ILLUMINA	Illumina MiSeq	14819703	27593	5073940;5090033	ftp.sra.ebi.ac.uk/vol1/fastq/SRR288/080/SRR28815580/SRR28815580_1.fastq.gz;ftp.sra.ebi.ac.uk/vol1/fastq/SRR288/080/SRR28815580/SRR28815580_2.fastq.gz	453e80eed3cde143c6ceb1cc6de09543;a37dbdccee8fffc4b70d4027a7e48d0b		2023		fermenting cacao beans	2025-06-23	2025-06-23	non_bacterial_marker	false	ITS/fungal run is outside bacterial 16S scope	https://www.ebi.ac.uk/ena/browser/view/PRJNA1104253
gopaulchan_2025_defined_community	PRJNA1104253	PRJNA1104253	SRP503821	SRR28815581	SRX24378697	SAMN41082129	SRS21135012	invitroITS_15	Metagenome or environmental sample from plant metagenome	metagenome of non-inoculated fermentation mass at 48hr-R1	Illumina MiSeq sequencing: metagenome of non-inoculated fermentation mass at 48hr-R1	plant metagenome	1297885	AMPLICON	METAGENOMIC	PCR	PAIRED	ILLUMINA	Illumina MiSeq	13877876	25839	4735918;4759827	ftp.sra.ebi.ac.uk/vol1/fastq/SRR288/081/SRR28815581/SRR28815581_1.fastq.gz;ftp.sra.ebi.ac.uk/vol1/fastq/SRR288/081/SRR28815581/SRR28815581_2.fastq.gz	50529aaa6389235eeed2e82dc32aaca0;6c9fda89630f652be3af05d93c7a7a65		2023		fermenting cacao beans	2025-06-23	2025-06-23	non_bacterial_marker	false	ITS/fungal run is outside bacterial 16S scope	https://www.ebi.ac.uk/ena/browser/view/PRJNA1104253
gopaulchan_2025_defined_community	PRJNA1104253	PRJNA1104253	SRP503821	SRR28815582	SRX24378696	SAMN41082128	SRS21135011	invitroITS_14	Metagenome or environmental sample from plant metagenome	metagenome of inoculated fermentation mass at 96hr-R3	Illumina MiSeq sequencing: metagenome of inoculated fermentation mass at 96hr-R3	plant metagenome	1297885	AMPLICON	METAGENOMIC	PCR	PAIRED	ILLUMINA	Illumina MiSeq	59561775	110886	12453185;15365746	ftp.sra.ebi.ac.uk/vol1/fastq/SRR288/082/SRR28815582/SRR28815582_1.fastq.gz;ftp.sra.ebi.ac.uk/vol1/fastq/SRR288/082/SRR28815582/SRR28815582_2.fastq.gz	e42b2a36db0c46d95f5665e3e0559a01;28332db87a09705c03eedeb60c7f7015		2023		fermenting cacao beans	2025-06-23	2025-06-23	non_bacterial_marker	false	ITS/fungal run is outside bacterial 16S scope	https://www.ebi.ac.uk/ena/browser/view/PRJNA1104253
gopaulchan_2025_defined_community	PRJNA1104253	PRJNA1104253	SRP503821	SRR28815583	SRX24378695	SAMN41082127	SRS21135010	invitroITS_13	Metagenome or environmental sample from plant metagenome	metagenome of inoculated fermentation mass at 96hr-R2	Illumina MiSeq sequencing: metagenome of inoculated fermentation mass at 96hr-R2	plant metagenome	1297885	AMPLICON	METAGENOMIC	PCR	PAIRED	ILLUMINA	Illumina MiSeq	61487605	114467	11376751;14551710	ftp.sra.ebi.ac.uk/vol1/fastq/SRR288/083/SRR28815583/SRR28815583_1.fastq.gz;ftp.sra.ebi.ac.uk/vol1/fastq/SRR288/083/SRR28815583/SRR28815583_2.fastq.gz	aaa4173cd8f4c2357f6ee01b8c90b575;86adbc59f938681dc45f2981b1031ddf		2023		fermenting cacao beans	2025-06-23	2025-06-23	non_bacterial_marker	false	ITS/fungal run is outside bacterial 16S scope	https://www.ebi.ac.uk/ena/browser/view/PRJNA1104253
gopaulchan_2025_defined_community	PRJNA1104253	PRJNA1104253	SRP503821	SRR28815584	SRX24378694	SAMN41082126	SRS21135009	invitroITS_12	Metagenome or environmental sample from plant metagenome	metagenome of inoculated fermentation mass at 96hr-R1	Illumina MiSeq sequencing: metagenome of inoculated fermentation mass at 96hr-R1	plant metagenome	1297885	AMPLICON	METAGENOMIC	PCR	PAIRED	ILLUMINA	Illumina MiSeq	14597165	27175	3006119;3646408	ftp.sra.ebi.ac.uk/vol1/fastq/SRR288/084/SRR28815584/SRR28815584_1.fastq.gz;ftp.sra.ebi.ac.uk/vol1/fastq/SRR288/084/SRR28815584/SRR28815584_2.fastq.gz	901ebbb3b187367beb30bee4d2c178cd;aee9b83f2b7246333e0431bc52fb59df		2023		fermenting cacao beans	2025-06-23	2025-06-23	non_bacterial_marker	false	ITS/fungal run is outside bacterial 16S scope	https://www.ebi.ac.uk/ena/browser/view/PRJNA1104253
gopaulchan_2025_defined_community	PRJNA1104253	PRJNA1104253	SRP503821	SRR28815585	SRX24378693	SAMN41082125	SRS21135008	invitroITS_11	Metagenome or environmental sample from plant metagenome	metagenome of inoculated fermentation mass at 48hr-R5	Illumina MiSeq sequencing: metagenome of inoculated fermentation mass at 48hr-R5	plant metagenome	1297885	AMPLICON	METAGENOMIC	PCR	PAIRED	ILLUMINA	Illumina MiSeq	23210225	43210	5288749;6213069	ftp.sra.ebi.ac.uk/vol1/fastq/SRR288/085/SRR28815585/SRR28815585_1.fastq.gz;ftp.sra.ebi.ac.uk/vol1/fastq/SRR288/085/SRR28815585/SRR28815585_2.fastq.gz	516c19a5d5ba93548ccc334cb6c38a65;022a8a85393ce0a5fb7ca63e368d8c53		2023		fermenting cacao beans	2025-06-23	2025-06-23	non_bacterial_marker	false	ITS/fungal run is outside bacterial 16S scope	https://www.ebi.ac.uk/ena/browser/view/PRJNA1104253
gopaulchan_2025_defined_community	PRJNA1104253	PRJNA1104253	SRP503821	SRR28815586	SRX24378692	SAMN41082116	SRS21135006	invitroITS_02	Metagenome or environmental sample from plant metagenome	metagenome of inoculated fermentation mass at 0hr-R2	Illumina MiSeq sequencing: metagenome of inoculated fermentation mass at 0hr-R2	plant metagenome	1297885	AMPLICON	METAGENOMIC	PCR	PAIRED	ILLUMINA	Illumina MiSeq	8228859	15321	2808110;2816514	ftp.sra.ebi.ac.uk/vol1/fastq/SRR288/086/SRR28815586/SRR28815586_1.fastq.gz;ftp.sra.ebi.ac.uk/vol1/fastq/SRR288/086/SRR28815586/SRR28815586_2.fastq.gz	6fe94a20fd14c5044f4d33ac37248c0d;d64dab335157d5630a80dbdeb706fe81		2023		fermenting cacao beans	2025-06-23	2025-06-23	non_bacterial_marker	false	ITS/fungal run is outside bacterial 16S scope	https://www.ebi.ac.uk/ena/browser/view/PRJNA1104253
gopaulchan_2025_defined_community	PRJNA1104253	PRJNA1104253	SRP503821	SRR28815587	SRX24378691	SAMN41082115	SRS21135007	invitroITS_01	Metagenome or environmental sample from plant metagenome	metagenome of inoculated fermentation mass at 0hr-R1	Illumina MiSeq sequencing: metagenome of inoculated fermentation mass at 0hr-R1	plant metagenome	1297885	AMPLICON	METAGENOMIC	PCR	PAIRED	ILLUMINA	Illumina MiSeq	10596938	19730	3627972;3628743	ftp.sra.ebi.ac.uk/vol1/fastq/SRR288/087/SRR28815587/SRR28815587_1.fastq.gz;ftp.sra.ebi.ac.uk/vol1/fastq/SRR288/087/SRR28815587/SRR28815587_2.fastq.gz	5fce56b323caaa9a63371ae5ec86fd5e;5e1b3eb82009183175a76c574722ab7a		2023		fermenting cacao beans	2025-06-23	2025-06-23	non_bacterial_marker	false	ITS/fungal run is outside bacterial 16S scope	https://www.ebi.ac.uk/ena/browser/view/PRJNA1104253
gopaulchan_2025_defined_community	PRJNA1104253	PRJNA1104253	SRP503821	SRR28819962	SRX24383098	SAMN41098706	SRS21139307	colombia_100	Metagenome or environmental sample from plant metagenome	Antioquia harvest 2 fermentation at 72hr-R2	MinION sequencing: Antioquia harvest 2 fermentation at 72hr-R2	plant metagenome	1297885	WGS	METAGENOMIC	RANDOM	SINGLE	OXFORD_NANOPORE	MinION	101723610	27350	106917315	ftp.sra.ebi.ac.uk/vol1/fastq/SRR288/062/SRR28819962/SRR28819962_1.fastq.gz	1db9f5516d1ca0d292424837cdc9553e	Colombia	not applicable		fermenting cacao beans	2025-06-23	2025-06-23	whole_metagenome_shotgun	false	WGS is outside Phase I bacterial 16S amplicon scope	https://www.ebi.ac.uk/ena/browser/view/PRJNA1104253
gopaulchan_2025_defined_community	PRJNA1104253	PRJNA1104253	SRP503821	SRR28819963	SRX24383097	SAMN41098705	SRS21139306	colombia_099	Metagenome or environmental sample from plant metagenome	Antioquia harvest 2 fermentation at 72hr-R1	MinION sequencing: Antioquia harvest 2 fermentation at 72hr-R1	plant metagenome	1297885	WGS	METAGENOMIC	RANDOM	SINGLE	OXFORD_NANOPORE	MinION	549840510	154800	584137573	ftp.sra.ebi.ac.uk/vol1/fastq/SRR288/063/SRR28819963/SRR28819963_1.fastq.gz	532877b77c059d181e21084c412e2625	Colombia	not applicable		fermenting cacao beans	2025-06-23	2025-06-23	whole_metagenome_shotgun	false	WGS is outside Phase I bacterial 16S amplicon scope	https://www.ebi.ac.uk/ena/browser/view/PRJNA1104253
gopaulchan_2025_defined_community	PRJNA1104253	PRJNA1104253	SRP503821	SRR28819964	SRX24383096	SAMN41098704	SRS21139305	colombia_098	Metagenome or environmental sample from plant metagenome	Antioquia harvest 2 fermentation at 48hr-R2	MinION sequencing: Antioquia harvest 2 fermentation at 48hr-R2	plant metagenome	1297885	WGS	METAGENOMIC	RANDOM	SINGLE	OXFORD_NANOPORE	MinION	38760365	11930	41515571	ftp.sra.ebi.ac.uk/vol1/fastq/SRR288/064/SRR28819964/SRR28819964_1.fastq.gz	d18c9a99c5b9fe0a7d57c7e996b45f0e	Colombia	not applicable		fermenting cacao beans	2025-06-23	2025-06-23	whole_metagenome_shotgun	false	WGS is outside Phase I bacterial 16S amplicon scope	https://www.ebi.ac.uk/ena/browser/view/PRJNA1104253
gopaulchan_2025_defined_community	PRJNA1104253	PRJNA1104253	SRP503821	SRR28819965	SRX24383095	SAMN41098703	SRS21139304	colombia_097	Metagenome or environmental sample from plant metagenome	Antioquia harvest 2 fermentation at 48hr-R1	MinION sequencing: Antioquia harvest 2 fermentation at 48hr-R1	plant metagenome	1297885	WGS	METAGENOMIC	RANDOM	SINGLE	OXFORD_NANOPORE	MinION	9142171	2836	9773394	ftp.sra.ebi.ac.uk/vol1/fastq/SRR288/065/SRR28819965/SRR28819965_1.fastq.gz	ac2752511be708855b7c5b8f8f06ab52	Colombia	not applicable		fermenting cacao beans	2025-06-23	2025-06-23	whole_metagenome_shotgun	false	WGS is outside Phase I bacterial 16S amplicon scope	https://www.ebi.ac.uk/ena/browser/view/PRJNA1104253
gopaulchan_2025_defined_community	PRJNA1104253	PRJNA1104253	SRP503821	SRR28819966	SRX24383094	SAMN41098702	SRS21139303	colombia_096	Metagenome or environmental sample from plant metagenome	Antioquia harvest 2 fermentation at 24hr-R2	MinION sequencing: Antioquia harvest 2 fermentation at 24hr-R2	plant metagenome	1297885	WGS	METAGENOMIC	RANDOM	SINGLE	OXFORD_NANOPORE	MinION	49982	13	50354	ftp.sra.ebi.ac.uk/vol1/fastq/SRR288/066/SRR28819966/SRR28819966_1.fastq.gz	21caf707efe6d2d0b3dd87de1100f72c	Colombia	not applicable		fermenting cacao beans	2025-06-23	2025-06-23	whole_metagenome_shotgun	false	WGS is outside Phase I bacterial 16S amplicon scope	https://www.ebi.ac.uk/ena/browser/view/PRJNA1104253
gopaulchan_2025_defined_community	PRJNA1104253	PRJNA1104253	SRP503821	SRR28819967	SRX24383093	SAMN41098701	SRS21139302	colombia_095	Metagenome or environmental sample from plant metagenome	Antioquia harvest 2 fermentation at 24hr-R1	MinION sequencing: Antioquia harvest 2 fermentation at 24hr-R1	plant metagenome	1297885	WGS	METAGENOMIC	RANDOM	SINGLE	OXFORD_NANOPORE	MinION	65209	24	70408	ftp.sra.ebi.ac.uk/vol1/fastq/SRR288/067/SRR28819967/SRR28819967_1.fastq.gz	ea4cabcf22fffff5496a3d8cc5f3b931	Colombia	not applicable		fermenting cacao beans	2025-06-23	2025-06-23	whole_metagenome_shotgun	false	WGS is outside Phase I bacterial 16S amplicon scope	https://www.ebi.ac.uk/ena/browser/view/PRJNA1104253
gopaulchan_2025_defined_community	PRJNA1104253	PRJNA1104253	SRP503821	SRR28819968	SRX24383092	SAMN41098700	SRS21139301	colombia_094	Metagenome or environmental sample from plant metagenome	Antioquia harvest 2 fermentation at 0hr-R1	MinION sequencing: Antioquia harvest 2 fermentation at 0hr-R1	plant metagenome	1297885	WGS	METAGENOMIC	RANDOM	SINGLE	OXFORD_NANOPORE	MinION	220250211	51511	236607344	ftp.sra.ebi.ac.uk/vol1/fastq/SRR288/068/SRR28819968/SRR28819968_1.fastq.gz	bf8af9e46e54906972436cf8bcdcbb96	Colombia	not applicable		fermenting cacao beans	2025-06-23	2025-06-23	whole_metagenome_shotgun	false	WGS is outside Phase I bacterial 16S amplicon scope	https://www.ebi.ac.uk/ena/browser/view/PRJNA1104253
gopaulchan_2025_defined_community	PRJNA1104253	PRJNA1104253	SRP503821	SRR28819969	SRX24383091	SAMN41098699	SRS21139300	colombia_093	Metagenome or environmental sample from metagenome	Huila harvest 2 soil-R1	MinION sequencing: Huila harvest 2 soil-R1	metagenome	256318	WGS	METAGENOMIC	RANDOM	SINGLE	OXFORD_NANOPORE	MinION	89496996	18398	95544007	ftp.sra.ebi.ac.uk/vol1/fastq/SRR288/069/SRR28819969/SRR28819969_1.fastq.gz	c5be2159534157ae2162a5eb666299df	Colombia	not applicable		environment-soil	2025-06-23	2025-06-23	whole_metagenome_shotgun	false	WGS is outside Phase I bacterial 16S amplicon scope	https://www.ebi.ac.uk/ena/browser/view/PRJNA1104253
gopaulchan_2025_defined_community	PRJNA1104253	PRJNA1104253	SRP503821	SRR28819970	SRX24383090	SAMN41098698	SRS21139299	colombia_092	Metagenome or environmental sample from metagenome	Huila harvest 2 pod-R1	MinION sequencing: Huila harvest 2 pod-R1	metagenome	256318	WGS	METAGENOMIC	RANDOM	SINGLE	OXFORD_NANOPORE	MinION	63505613	16742	68354396	ftp.sra.ebi.ac.uk/vol1/fastq/SRR288/070/SRR28819970/SRR28819970_1.fastq.gz	d4951b37b616cba5e639eb96aa67450a	Colombia	not applicable		environment-pod	2025-06-23	2025-06-23	whole_metagenome_shotgun	false	WGS is outside Phase I bacterial 16S amplicon scope	https://www.ebi.ac.uk/ena/browser/view/PRJNA1104253
gopaulchan_2025_defined_community	PRJNA1104253	PRJNA1104253	SRP503821	SRR28819971	SRX24383089	SAMN41098697	SRS21139298	colombia_091	Metagenome or environmental sample from metagenome	Huila harvest 2 leaf-R1	MinION sequencing: Huila harvest 2 leaf-R1	metagenome	256318	WGS	METAGENOMIC	RANDOM	SINGLE	OXFORD_NANOPORE	MinION	403419772	84282	430341430	ftp.sra.ebi.ac.uk/vol1/fastq/SRR288/071/SRR28819971/SRR28819971_1.fastq.gz	c349cc13889e1db4a089385ff7e41d9a	Colombia	not applicable		environment-leaf	2025-06-23	2025-06-23	whole_metagenome_shotgun	false	WGS is outside Phase I bacterial 16S amplicon scope	https://www.ebi.ac.uk/ena/browser/view/PRJNA1104253
gopaulchan_2025_defined_community	PRJNA1104253	PRJNA1104253	SRP503821	SRR28819972	SRX24383088	SAMN41098616	SRS21139297	colombia_010	Metagenome or environmental sample from plant metagenome	Santander harvest 1 fermentation at 72hr-R1	MinION sequencing: Santander harvest 1 fermentation at 72hr-R1	plant metagenome	1297885	WGS	METAGENOMIC	RANDOM	SINGLE	OXFORD_NANOPORE	MinION	396067677	109511	425946362	ftp.sra.ebi.ac.uk/vol1/fastq/SRR288/072/SRR28819972/SRR28819972_1.fastq.gz	034030f0f422a32d7029bd2c55c2c968	Colombia	not applicable		fermenting cacao beans	2025-06-23	2025-06-23	whole_metagenome_shotgun	false	WGS is outside Phase I bacterial 16S amplicon scope	https://www.ebi.ac.uk/ena/browser/view/PRJNA1104253
gopaulchan_2025_defined_community	PRJNA1104253	PRJNA1104253	SRP503821	SRR28819973	SRX24383087	SAMN41098696	SRS21139296	colombia_090	Metagenome or environmental sample from metagenome	Huila harvest 2 hand-R3	MinION sequencing: Huila harvest 2 hand-R3	metagenome	256318	WGS	METAGENOMIC	RANDOM	SINGLE	OXFORD_NANOPORE	MinION	278103403	63372	298134844	ftp.sra.ebi.ac.uk/vol1/fastq/SRR288/073/SRR28819973/SRR28819973_1.fastq.gz	a37f7ae70a9961f7ddf5222a673ca84f	Colombia	not applicable		environment-hand	2025-06-23	2025-06-23	whole_metagenome_shotgun	false	WGS is outside Phase I bacterial 16S amplicon scope	https://www.ebi.ac.uk/ena/browser/view/PRJNA1104253
gopaulchan_2025_defined_community	PRJNA1104253	PRJNA1104253	SRP503821	SRR28819974	SRX24383086	SAMN41098695	SRS21139295	colombia_089	Metagenome or environmental sample from metagenome	Huila harvest 2 hand-R2	MinION sequencing: Huila harvest 2 hand-R2	metagenome	256318	WGS	METAGENOMIC	RANDOM	SINGLE	OXFORD_NANOPORE	MinION	867150578	188075	923195890	ftp.sra.ebi.ac.uk/vol1/fastq/SRR288/074/SRR28819974/SRR28819974_1.fastq.gz	fb65619b605553d3639c6ec506825b74	Colombia	not applicable		environment-hand	2025-06-23	2025-06-23	whole_metagenome_shotgun	false	WGS is outside Phase I bacterial 16S amplicon scope	https://www.ebi.ac.uk/ena/browser/view/PRJNA1104253
gopaulchan_2025_defined_community	PRJNA1104253	PRJNA1104253	SRP503821	SRR28819975	SRX24383085	SAMN41098694	SRS21139294	colombia_088	Metagenome or environmental sample from metagenome	Huila harvest 2 hand-R1	MinION sequencing: Huila harvest 2 hand-R1	metagenome	256318	WGS	METAGENOMIC	RANDOM	SINGLE	OXFORD_NANOPORE	MinION	59722	18	63987	ftp.sra.ebi.ac.uk/vol1/fastq/SRR288/075/SRR28819975/SRR28819975_1.fastq.gz	02238b96f5353a9be70af8744ce5b10f	Colombia	not applicable		environment-hand	2025-06-18	2025-06-18	whole_metagenome_shotgun	false	WGS is outside Phase I bacterial 16S amplicon scope	https://www.ebi.ac.uk/ena/browser/view/PRJNA1104253
gopaulchan_2025_defined_community	PRJNA1104253	PRJNA1104253	SRP503821	SRR28819976	SRX24383084	SAMN41098693	SRS21139293	colombia_087	Metagenome or environmental sample from metagenome	Huila harvest 2 fermentation box-R2	MinION sequencing: Huila harvest 2 fermentation box-R2	metagenome	256318	WGS	METAGENOMIC	RANDOM	SINGLE	OXFORD_NANOPORE	MinION	9323582473	2438788	10035338516	ftp.sra.ebi.ac.uk/vol1/fastq/SRR288/076/SRR28819976/SRR28819976_1.fastq.gz	631c79ea0f24e13ebd56e580363818a7	Colombia	not applicable		environment-box	2025-06-23	2025-06-23	whole_metagenome_shotgun	false	WGS is outside Phase I bacterial 16S amplicon scope	https://www.ebi.ac.uk/ena/browser/view/PRJNA1104253
gopaulchan_2025_defined_community	PRJNA1104253	PRJNA1104253	SRP503821	SRR28819977	SRX24383083	SAMN41098692	SRS21139292	colombia_086	Metagenome or environmental sample from metagenome	Huila harvest 2 fermentation box-R1	MinION sequencing: Huila harvest 2 fermentation box-R1	metagenome	256318	WGS	METAGENOMIC	RANDOM	SINGLE	OXFORD_NANOPORE	MinION	47463651	13017	50890679	ftp.sra.ebi.ac.uk/vol1/fastq/SRR288/077/SRR28819977/SRR28819977_1.fastq.gz	fec264e98c01b5380de3f131504f1b1c	Colombia	not applicable		environment-box	2025-06-23	2025-06-23	whole_metagenome_shotgun	false	WGS is outside Phase I bacterial 16S amplicon scope	https://www.ebi.ac.uk/ena/browser/view/PRJNA1104253
gopaulchan_2025_defined_community	PRJNA1104253	PRJNA1104253	SRP503821	SRR28819978	SRX24383082	SAMN41098691	SRS21139291	colombia_085	Metagenome or environmental sample from plant metagenome	Huila harvest 2 fermentation at 96hr-R1	MinION sequencing: Huila harvest 2 fermentation at 96hr-R1	plant metagenome	1297885	WGS	METAGENOMIC	RANDOM	SINGLE	OXFORD_NANOPORE	MinION	275916852	134888	298987113	ftp.sra.ebi.ac.uk/vol1/fastq/SRR288/078/SRR28819978/SRR28819978_1.fastq.gz	ac7449864462ed372d88952946755cca	Colombia	not applicable		fermenting cacao beans	2025-06-23	2025-06-23	whole_metagenome_shotgun	false	WGS is outside Phase I bacterial 16S amplicon scope	https://www.ebi.ac.uk/ena/browser/view/PRJNA1104253
gopaulchan_2025_defined_community	PRJNA1104253	PRJNA1104253	SRP503821	SRR28819979	SRX24383081	SAMN41098690	SRS21139290	colombia_084	Metagenome or environmental sample from plant metagenome	Huila harvest 2 fermentation at 72hr-R2	MinION sequencing: Huila harvest 2 fermentation at 72hr-R2	plant metagenome	1297885	WGS	METAGENOMIC	RANDOM	SINGLE	OXFORD_NANOPORE	MinION	4854986	1439	5079241	ftp.sra.ebi.ac.uk/vol1/fastq/SRR288/079/SRR28819979/SRR28819979_1.fastq.gz	de24754cc14365c03e2bd3fa421556c6	Colombia	not applicable		fermenting cacao beans	2025-06-23	2025-06-23	whole_metagenome_shotgun	false	WGS is outside Phase I bacterial 16S amplicon scope	https://www.ebi.ac.uk/ena/browser/view/PRJNA1104253
gopaulchan_2025_defined_community	PRJNA1104253	PRJNA1104253	SRP503821	SRR28819980	SRX24383080	SAMN41098689	SRS21139289	colombia_083	Metagenome or environmental sample from plant metagenome	Huila harvest 2 fermentation at 72hr-R1	MinION sequencing: Huila harvest 2 fermentation at 72hr-R1	plant metagenome	1297885	WGS	METAGENOMIC	RANDOM	SINGLE	OXFORD_NANOPORE	MinION	494033	269	521812	ftp.sra.ebi.ac.uk/vol1/fastq/SRR288/080/SRR28819980/SRR28819980_1.fastq.gz	ef0545a5b8c442acd8496eceafaa5d94	Colombia	not applicable		fermenting cacao beans	2025-06-23	2025-06-23	whole_metagenome_shotgun	false	WGS is outside Phase I bacterial 16S amplicon scope	https://www.ebi.ac.uk/ena/browser/view/PRJNA1104253
gopaulchan_2025_defined_community	PRJNA1104253	PRJNA1104253	SRP503821	SRR28819981	SRX24383079	SAMN41098688	SRS21139288	colombia_082	Metagenome or environmental sample from plant metagenome	Huila harvest 2 fermentation at 48hr-R1	MinION sequencing: Huila harvest 2 fermentation at 48hr-R1	plant metagenome	1297885	WGS	METAGENOMIC	RANDOM	SINGLE	OXFORD_NANOPORE	MinION	730823163	336149	789884269	ftp.sra.ebi.ac.uk/vol1/fastq/SRR288/081/SRR28819981/SRR28819981_1.fastq.gz	26b0467078a4c0806b69b89064e509d8	Colombia	not applicable		fermenting cacao beans	2025-06-23	2025-06-23	whole_metagenome_shotgun	false	WGS is outside Phase I bacterial 16S amplicon scope	https://www.ebi.ac.uk/ena/browser/view/PRJNA1104253
gopaulchan_2025_defined_community	PRJNA1104253	PRJNA1104253	SRP503821	SRR28819982	SRX24383078	SAMN41098687	SRS21139287	colombia_081	Metagenome or environmental sample from plant metagenome	Huila harvest 2 fermentation at 24hr-R2	MinION sequencing: Huila harvest 2 fermentation at 24hr-R2	plant metagenome	1297885	WGS	METAGENOMIC	RANDOM	SINGLE	OXFORD_NANOPORE	MinION	1811271706	505840	1951645191	ftp.sra.ebi.ac.uk/vol1/fastq/SRR288/082/SRR28819982/SRR28819982_1.fastq.gz	f9d2d5ce0c65e728a98a2943e25cc6ac	Colombia	not applicable		fermenting cacao beans	2025-06-23	2025-06-23	whole_metagenome_shotgun	false	WGS is outside Phase I bacterial 16S amplicon scope	https://www.ebi.ac.uk/ena/browser/view/PRJNA1104253
gopaulchan_2025_defined_community	PRJNA1104253	PRJNA1104253	SRP503821	SRR28819983	SRX24383077	SAMN41098615	SRS21139286	colombia_009	Metagenome or environmental sample from plant metagenome	Santander harvest 1 fermentation at 48hr-R3	MinION sequencing: Santander harvest 1 fermentation at 48hr-R3	plant metagenome	1297885	WGS	METAGENOMIC	RANDOM	SINGLE	OXFORD_NANOPORE	MinION	2369694486	709335	2553328528	ftp.sra.ebi.ac.uk/vol1/fastq/SRR288/083/SRR28819983/SRR28819983_1.fastq.gz	d010abc5236d83313827245e7d083310	Colombia	not applicable		fermenting cacao beans	2025-06-23	2025-06-23	whole_metagenome_shotgun	false	WGS is outside Phase I bacterial 16S amplicon scope	https://www.ebi.ac.uk/ena/browser/view/PRJNA1104253
gopaulchan_2025_defined_community	PRJNA1104253	PRJNA1104253	SRP503821	SRR28819984	SRX24383076	SAMN41098686	SRS21139285	colombia_080	Metagenome or environmental sample from plant metagenome	Huila harvest 2 fermentation at 24hr-R1	MinION sequencing: Huila harvest 2 fermentation at 24hr-R1	plant metagenome	1297885	WGS	METAGENOMIC	RANDOM	SINGLE	OXFORD_NANOPORE	MinION	263862222	72656	284253373	ftp.sra.ebi.ac.uk/vol1/fastq/SRR288/084/SRR28819984/SRR28819984_1.fastq.gz	4e26855064dcda25822a6785d9661943	Colombia	not applicable		fermenting cacao beans	2025-06-23	2025-06-23	whole_metagenome_shotgun	false	WGS is outside Phase I bacterial 16S amplicon scope	https://www.ebi.ac.uk/ena/browser/view/PRJNA1104253
gopaulchan_2025_defined_community	PRJNA1104253	PRJNA1104253	SRP503821	SRR28819985	SRX24383075	SAMN41098659	SRS21139284	colombia_053	Metagenome or environmental sample from plant metagenome	Huila harvest 1 fermentation at 48hr-R3	MinION sequencing: Huila harvest 1 fermentation at 48hr-R3	plant metagenome	1297885	WGS	METAGENOMIC	RANDOM	SINGLE	OXFORD_NANOPORE	MinION	1930782127	648764	2088377564	ftp.sra.ebi.ac.uk/vol1/fastq/SRR288/085/SRR28819985/SRR28819985_1.fastq.gz	bb7e81314069366e414d7943f2bbdc62	Colombia	not applicable		fermenting cacao beans	2025-06-23	2025-06-23	whole_metagenome_shotgun	false	WGS is outside Phase I bacterial 16S amplicon scope	https://www.ebi.ac.uk/ena/browser/view/PRJNA1104253
gopaulchan_2025_defined_community	PRJNA1104253	PRJNA1104253	SRP503821	SRR28819986	SRX24383074	SAMN41098658	SRS21139283	colombia_052	Metagenome or environmental sample from plant metagenome	Huila harvest 1 fermentation at 48hr-R2	MinION sequencing: Huila harvest 1 fermentation at 48hr-R2	plant metagenome	1297885	WGS	METAGENOMIC	RANDOM	SINGLE	OXFORD_NANOPORE	MinION	1721341493	467853	1855207021	ftp.sra.ebi.ac.uk/vol1/fastq/SRR288/086/SRR28819986/SRR28819986_1.fastq.gz	a93b0f12c1b038c2900eb3f739d8e4c3	Colombia	not applicable		fermenting cacao beans	2025-06-23	2025-06-23	whole_metagenome_shotgun	false	WGS is outside Phase I bacterial 16S amplicon scope	https://www.ebi.ac.uk/ena/browser/view/PRJNA1104253
gopaulchan_2025_defined_community	PRJNA1104253	PRJNA1104253	SRP503821	SRR28819987	SRX24383073	SAMN41098657	SRS21139282	colombia_051	Metagenome or environmental sample from plant metagenome	Huila harvest 1 fermentation at 48hr-R1	MinION sequencing: Huila harvest 1 fermentation at 48hr-R1	plant metagenome	1297885	WGS	METAGENOMIC	RANDOM	SINGLE	OXFORD_NANOPORE	MinION	743599604	207608	803235534	ftp.sra.ebi.ac.uk/vol1/fastq/SRR288/087/SRR28819987/SRR28819987_1.fastq.gz	0eecc3a02628cc13ee0d933741bc4a4b	Colombia	not applicable		fermenting cacao beans	2025-06-23	2025-06-23	whole_metagenome_shotgun	false	WGS is outside Phase I bacterial 16S amplicon scope	https://www.ebi.ac.uk/ena/browser/view/PRJNA1104253
gopaulchan_2025_defined_community	PRJNA1104253	PRJNA1104253	SRP503821	SRR28819988	SRX24383072	SAMN41098612	SRS21139281	colombia_006	Metagenome or environmental sample from plant metagenome	Santander harvest 1 fermentation at 24hr-R3	MinION sequencing: Santander harvest 1 fermentation at 24hr-R3	plant metagenome	1297885	WGS	METAGENOMIC	RANDOM	SINGLE	OXFORD_NANOPORE	MinION	2349673070	679776	2521649228	ftp.sra.ebi.ac.uk/vol1/fastq/SRR288/088/SRR28819988/SRR28819988_1.fastq.gz	8c75592ed1ed78c4995c579833f8075d	Colombia	not applicable		fermenting cacao beans	2025-06-23	2025-06-23	whole_metagenome_shotgun	false	WGS is outside Phase I bacterial 16S amplicon scope	https://www.ebi.ac.uk/ena/browser/view/PRJNA1104253
gopaulchan_2025_defined_community	PRJNA1104253	PRJNA1104253	SRP503821	SRR28819989	SRX24383071	SAMN41098656	SRS21139280	colombia_050	Metagenome or environmental sample from plant metagenome	Huila harvest 1 fermentation at 24hr-R3	MinION sequencing: Huila harvest 1 fermentation at 24hr-R3	plant metagenome	1297885	WGS	METAGENOMIC	RANDOM	SINGLE	OXFORD_NANOPORE	MinION	2209042079	678282	2382735778	ftp.sra.ebi.ac.uk/vol1/fastq/SRR288/089/SRR28819989/SRR28819989_1.fastq.gz	a4c20390f0d8ad68c9167de5997564e7	Colombia	not applicable		fermenting cacao beans	2025-06-23	2025-06-23	whole_metagenome_shotgun	false	WGS is outside Phase I bacterial 16S amplicon scope	https://www.ebi.ac.uk/ena/browser/view/PRJNA1104253
gopaulchan_2025_defined_community	PRJNA1104253	PRJNA1104253	SRP503821	SRR28819990	SRX24383070	SAMN41098655	SRS21139279	colombia_049	Metagenome or environmental sample from plant metagenome	Huila harvest 1 fermentation at 24hr-R2	MinION sequencing: Huila harvest 1 fermentation at 24hr-R2	plant metagenome	1297885	WGS	METAGENOMIC	RANDOM	SINGLE	OXFORD_NANOPORE	MinION	982958169	268138	1058230403	ftp.sra.ebi.ac.uk/vol1/fastq/SRR288/090/SRR28819990/SRR28819990_1.fastq.gz	0d2caa855974b4bea1ff9c23a146386c	Colombia	not applicable		fermenting cacao beans	2025-06-23	2025-06-23	whole_metagenome_shotgun	false	WGS is outside Phase I bacterial 16S amplicon scope	https://www.ebi.ac.uk/ena/browser/view/PRJNA1104253
gopaulchan_2025_defined_community	PRJNA1104253	PRJNA1104253	SRP503821	SRR28819991	SRX24383069	SAMN41098654	SRS21139278	colombia_048	Metagenome or environmental sample from plant metagenome	Huila harvest 1 fermentation at 24hr-R1	MinION sequencing: Huila harvest 1 fermentation at 24hr-R1	plant metagenome	1297885	WGS	METAGENOMIC	RANDOM	SINGLE	OXFORD_NANOPORE	MinION	929188484	268554	1003314205	ftp.sra.ebi.ac.uk/vol1/fastq/SRR288/091/SRR28819991/SRR28819991_1.fastq.gz	df53e14156c50cc25bc830f0e49dc1f0	Colombia	not applicable		fermenting cacao beans	2025-06-23	2025-06-23	whole_metagenome_shotgun	false	WGS is outside Phase I bacterial 16S amplicon scope	https://www.ebi.ac.uk/ena/browser/view/PRJNA1104253
gopaulchan_2025_defined_community	PRJNA1104253	PRJNA1104253	SRP503821	SRR28819992	SRX24383068	SAMN41098653	SRS21139277	colombia_047	Metagenome or environmental sample from plant metagenome	Huila harvest 1 fermentation at 0hr-R3	MinION sequencing: Huila harvest 1 fermentation at 0hr-R3	plant metagenome	1297885	WGS	METAGENOMIC	RANDOM	SINGLE	OXFORD_NANOPORE	MinION	2451355914	770942	2621904581	ftp.sra.ebi.ac.uk/vol1/fastq/SRR288/092/SRR28819992/SRR28819992_1.fastq.gz	cdc5e154c8fc9d7984403ee7c83b559f	Colombia	not applicable		fermenting cacao beans	2025-06-23	2025-06-23	whole_metagenome_shotgun	false	WGS is outside Phase I bacterial 16S amplicon scope	https://www.ebi.ac.uk/ena/browser/view/PRJNA1104253
gopaulchan_2025_defined_community	PRJNA1104253	PRJNA1104253	SRP503821	SRR28819993	SRX24383067	SAMN41098652	SRS21139276	colombia_046	Metagenome or environmental sample from plant metagenome	Huila harvest 1 fermentation at 0hr-R2	MinION sequencing: Huila harvest 1 fermentation at 0hr-R2	plant metagenome	1297885	WGS	METAGENOMIC	RANDOM	SINGLE	OXFORD_NANOPORE	MinION	1605690715	447474	1702653159	ftp.sra.ebi.ac.uk/vol1/fastq/SRR288/093/SRR28819993/SRR28819993_1.fastq.gz	671b7969782e3696c446d96167699bf3	Colombia	not applicable		fermenting cacao beans	2025-06-23	2025-06-23	whole_metagenome_shotgun	false	WGS is outside Phase I bacterial 16S amplicon scope	https://www.ebi.ac.uk/ena/browser/view/PRJNA1104253
gopaulchan_2025_defined_community	PRJNA1104253	PRJNA1104253	SRP503821	SRR28819994	SRX24383066	SAMN41098651	SRS21139275	colombia_045	Metagenome or environmental sample from plant metagenome	Huila harvest 1 fermentation at 0hr-R1	MinION sequencing: Huila harvest 1 fermentation at 0hr-R1	plant metagenome	1297885	WGS	METAGENOMIC	RANDOM	SINGLE	OXFORD_NANOPORE	MinION	962534054	276213	1023532524	ftp.sra.ebi.ac.uk/vol1/fastq/SRR288/094/SRR28819994/SRR28819994_1.fastq.gz	37860c6da6d21a2e7b4afe216a487133	Colombia	not applicable		fermenting cacao beans	2025-06-23	2025-06-23	whole_metagenome_shotgun	false	WGS is outside Phase I bacterial 16S amplicon scope	https://www.ebi.ac.uk/ena/browser/view/PRJNA1104253
gopaulchan_2025_defined_community	PRJNA1104253	PRJNA1104253	SRP503821	SRR28819995	SRX24383065	SAMN41098650	SRS21139274	colombia_044	Metagenome or environmental sample from metagenome	Santander harvest 2 soil-R1	MinION sequencing: Santander harvest 2 soil-R1	metagenome	256318	WGS	METAGENOMIC	RANDOM	SINGLE	OXFORD_NANOPORE	MinION	262743383	65557	282180096	ftp.sra.ebi.ac.uk/vol1/fastq/SRR288/095/SRR28819995/SRR28819995_1.fastq.gz	a29198b64ed0765bd8a8568ab34c3eae	Colombia	not applicable		environment-soil	2025-06-23	2025-06-23	whole_metagenome_shotgun	false	WGS is outside Phase I bacterial 16S amplicon scope	https://www.ebi.ac.uk/ena/browser/view/PRJNA1104253
gopaulchan_2025_defined_community	PRJNA1104253	PRJNA1104253	SRP503821	SRR28819996	SRX24383064	SAMN41098649	SRS21139272	colombia_043	Metagenome or environmental sample from metagenome	Santander harvest 2 pod-R1	MinION sequencing: Santander harvest 2 pod-R1	metagenome	256318	WGS	METAGENOMIC	RANDOM	SINGLE	OXFORD_NANOPORE	MinION	63111506	14959	67600584	ftp.sra.ebi.ac.uk/vol1/fastq/SRR288/096/SRR28819996/SRR28819996_1.fastq.gz	326e14acb485ab3740dbe9f10c2423ca	Colombia	not applicable		environment-pod	2025-06-23	2025-06-23	whole_metagenome_shotgun	false	WGS is outside Phase I bacterial 16S amplicon scope	https://www.ebi.ac.uk/ena/browser/view/PRJNA1104253
gopaulchan_2025_defined_community	PRJNA1104253	PRJNA1104253	SRP503821	SRR28819997	SRX24383063	SAMN41098648	SRS21139273	colombia_042	Metagenome or environmental sample from metagenome	Santander harvest 2 leaf-R1	MinION sequencing: Santander harvest 2 leaf-R1	metagenome	256318	WGS	METAGENOMIC	RANDOM	SINGLE	OXFORD_NANOPORE	MinION	112757601	32841	121741805	ftp.sra.ebi.ac.uk/vol1/fastq/SRR288/097/SRR28819997/SRR28819997_1.fastq.gz	b51037264095e5af381002b5830b0fe3	Colombia	not applicable		environment-leaf	2025-06-23	2025-06-23	whole_metagenome_shotgun	false	WGS is outside Phase I bacterial 16S amplicon scope	https://www.ebi.ac.uk/ena/browser/view/PRJNA1104253
gopaulchan_2025_defined_community	PRJNA1104253	PRJNA1104253	SRP503821	SRR28819998	SRX24383062	SAMN41098647	SRS21139271	colombia_041	Metagenome or environmental sample from metagenome	Santander harvest 2 hand-R2	MinION sequencing: Santander harvest 2 hand-R2	metagenome	256318	WGS	METAGENOMIC	RANDOM	SINGLE	OXFORD_NANOPORE	MinION	2371435031	861539	2552847531	ftp.sra.ebi.ac.uk/vol1/fastq/SRR288/098/SRR28819998/SRR28819998_1.fastq.gz	0abb2251bcdd0925db58d42bcee2b246	Colombia	not applicable		environment-hand	2025-06-23	2025-06-23	whole_metagenome_shotgun	false	WGS is outside Phase I bacterial 16S amplicon scope	https://www.ebi.ac.uk/ena/browser/view/PRJNA1104253
gopaulchan_2025_defined_community	PRJNA1104253	PRJNA1104253	SRP503821	SRR28819999	SRX24383061	SAMN41098611	SRS21139270	colombia_005	Metagenome or environmental sample from plant metagenome	Santander harvest 1 fermentation at 24hr-R2	MinION sequencing: Santander harvest 1 fermentation at 24hr-R2	plant metagenome	1297885	WGS	METAGENOMIC	RANDOM	SINGLE	OXFORD_NANOPORE	MinION	514495260	147470	551737092	ftp.sra.ebi.ac.uk/vol1/fastq/SRR288/099/SRR28819999/SRR28819999_1.fastq.gz	a87ef8d7e39cbbcd3e9fc557af9fd421	Colombia	not applicable		fermenting cacao beans	2025-06-23	2025-06-23	whole_metagenome_shotgun	false	WGS is outside Phase I bacterial 16S amplicon scope	https://www.ebi.ac.uk/ena/browser/view/PRJNA1104253
gopaulchan_2025_defined_community	PRJNA1104253	PRJNA1104253	SRP503821	SRR28820000	SRX24383060	SAMN41098646	SRS21139269	colombia_040	Metagenome or environmental sample from metagenome	Santander harvest 2 hand-R1	MinION sequencing: Santander harvest 2 hand-R1	metagenome	256318	WGS	METAGENOMIC	RANDOM	SINGLE	OXFORD_NANOPORE	MinION	2090690383	735040	2249434795	ftp.sra.ebi.ac.uk/vol1/fastq/SRR288/000/SRR28820000/SRR28820000_1.fastq.gz	ffb1a5b50ab20369f876da12d2825e4b	Colombia	not applicable		environment-hand	2025-06-23	2025-06-23	whole_metagenome_shotgun	false	WGS is outside Phase I bacterial 16S amplicon scope	https://www.ebi.ac.uk/ena/browser/view/PRJNA1104253
gopaulchan_2025_defined_community	PRJNA1104253	PRJNA1104253	SRP503821	SRR28820001	SRX24383059	SAMN41098645	SRS21139268	colombia_039	Metagenome or environmental sample from metagenome	Santander harvest 2 fermentation box-R2	MinION sequencing: Santander harvest 2 fermentation box-R2	metagenome	256318	WGS	METAGENOMIC	RANDOM	SINGLE	OXFORD_NANOPORE	MinION	16926	5	17894	ftp.sra.ebi.ac.uk/vol1/fastq/SRR288/001/SRR28820001/SRR28820001_1.fastq.gz	d2cda694ac900648d2c8e208d6e5a3eb	Colombia	not applicable		environment-box	2025-06-23	2025-06-23	whole_metagenome_shotgun	false	WGS is outside Phase I bacterial 16S amplicon scope	https://www.ebi.ac.uk/ena/browser/view/PRJNA1104253
gopaulchan_2025_defined_community	PRJNA1104253	PRJNA1104253	SRP503821	SRR28820002	SRX24383058	SAMN41098644	SRS21139267	colombia_038	Metagenome or environmental sample from metagenome	Santander harvest 2 fermentation box-R1	MinION sequencing: Santander harvest 2 fermentation box-R1	metagenome	256318	WGS	METAGENOMIC	RANDOM	SINGLE	OXFORD_NANOPORE	MinION	59185	17	61793	ftp.sra.ebi.ac.uk/vol1/fastq/SRR288/002/SRR28820002/SRR28820002_1.fastq.gz	a0f807245d726827f10458e0dcc8b346	Colombia	not applicable		environment-box	2025-06-23	2025-06-23	whole_metagenome_shotgun	false	WGS is outside Phase I bacterial 16S amplicon scope	https://www.ebi.ac.uk/ena/browser/view/PRJNA1104253
gopaulchan_2025_defined_community	PRJNA1104253	PRJNA1104253	SRP503821	SRR28820003	SRX24383057	SAMN41098643	SRS21139266	colombia_037	Metagenome or environmental sample from plant metagenome	Santander harvest 2 fermentation at 96hr-R2	MinION sequencing: Santander harvest 2 fermentation at 96hr-R2	plant metagenome	1297885	WGS	METAGENOMIC	RANDOM	SINGLE	OXFORD_NANOPORE	MinION	256474315	71583	273978398	ftp.sra.ebi.ac.uk/vol1/fastq/SRR288/003/SRR28820003/SRR28820003_1.fastq.gz	e913dcc3d3c88f250366a48bb9bf484d	Colombia	not applicable		fermenting cacao beans	2025-06-23	2025-06-23	whole_metagenome_shotgun	false	WGS is outside Phase I bacterial 16S amplicon scope	https://www.ebi.ac.uk/ena/browser/view/PRJNA1104253
gopaulchan_2025_defined_community	PRJNA1104253	PRJNA1104253	SRP503821	SRR28820004	SRX24383056	SAMN41098642	SRS21139265	colombia_036	Metagenome or environmental sample from plant metagenome	Santander harvest 2 fermentation at 96hr-R1	MinION sequencing: Santander harvest 2 fermentation at 96hr-R1	plant metagenome	1297885	WGS	METAGENOMIC	RANDOM	SINGLE	OXFORD_NANOPORE	MinION	521648531	146287	554210355	ftp.sra.ebi.ac.uk/vol1/fastq/SRR288/004/SRR28820004/SRR28820004_1.fastq.gz	b00ab255a2cd9e491a47f27859a0656f	Colombia	not applicable		fermenting cacao beans	2025-06-23	2025-06-23	whole_metagenome_shotgun	false	WGS is outside Phase I bacterial 16S amplicon scope	https://www.ebi.ac.uk/ena/browser/view/PRJNA1104253
gopaulchan_2025_defined_community	PRJNA1104253	PRJNA1104253	SRP503821	SRR28820005	SRX24383055	SAMN41098641	SRS21139264	colombia_035	Metagenome or environmental sample from plant metagenome	Santander harvest 2 fermentation at 72hr-R1	MinION sequencing: Santander harvest 2 fermentation at 72hr-R1	plant metagenome	1297885	WGS	METAGENOMIC	RANDOM	SINGLE	OXFORD_NANOPORE	MinION	653564689	250189	705672998	ftp.sra.ebi.ac.uk/vol1/fastq/SRR288/005/SRR28820005/SRR28820005_1.fastq.gz	94ffe71b35ed670a9b5a69187c282bc3	Colombia	not applicable		fermenting cacao beans	2025-06-23	2025-06-23	whole_metagenome_shotgun	false	WGS is outside Phase I bacterial 16S amplicon scope	https://www.ebi.ac.uk/ena/browser/view/PRJNA1104253
gopaulchan_2025_defined_community	PRJNA1104253	PRJNA1104253	SRP503821	SRR28820006	SRX24383054	SAMN41098640	SRS21139263	colombia_034	Metagenome or environmental sample from plant metagenome	Santander harvest 2 fermentation at 48hr-R2	MinION sequencing: Santander harvest 2 fermentation at 48hr-R2	plant metagenome	1297885	WGS	METAGENOMIC	RANDOM	SINGLE	OXFORD_NANOPORE	MinION	89668	23	94600	ftp.sra.ebi.ac.uk/vol1/fastq/SRR288/006/SRR28820006/SRR28820006_1.fastq.gz	e586900c97d3e36966484cd991aef9f7	Colombia	not applicable		fermenting cacao beans	2025-06-23	2025-06-23	whole_metagenome_shotgun	false	WGS is outside Phase I bacterial 16S amplicon scope	https://www.ebi.ac.uk/ena/browser/view/PRJNA1104253
gopaulchan_2025_defined_community	PRJNA1104253	PRJNA1104253	SRP503821	SRR28820007	SRX24383053	SAMN41098639	SRS21139262	colombia_033	Metagenome or environmental sample from plant metagenome	Santander harvest 2 fermentation at 48hr-R1	MinION sequencing: Santander harvest 2 fermentation at 48hr-R1	plant metagenome	1297885	WGS	METAGENOMIC	RANDOM	SINGLE	OXFORD_NANOPORE	MinION	27865633	6018	29788562	ftp.sra.ebi.ac.uk/vol1/fastq/SRR288/007/SRR28820007/SRR28820007_1.fastq.gz	f059d57c444452b90e9cce5d4800b890	Colombia	not applicable		fermenting cacao beans	2025-06-23	2025-06-23	whole_metagenome_shotgun	false	WGS is outside Phase I bacterial 16S amplicon scope	https://www.ebi.ac.uk/ena/browser/view/PRJNA1104253
gopaulchan_2025_defined_community	PRJNA1104253	PRJNA1104253	SRP503821	SRR28820008	SRX24383052	SAMN41098638	SRS21139261	colombia_032	Metagenome or environmental sample from plant metagenome	Santander harvest 2 fermentation at 24hr-R3	MinION sequencing: Santander harvest 2 fermentation at 24hr-R3	plant metagenome	1297885	WGS	METAGENOMIC	RANDOM	SINGLE	OXFORD_NANOPORE	MinION	372878	137	389301	ftp.sra.ebi.ac.uk/vol1/fastq/SRR288/008/SRR28820008/SRR28820008_1.fastq.gz	c709baf528c6d6d8f4ebc8051c99a098	Colombia	not applicable		fermenting cacao beans	2025-06-23	2025-06-23	whole_metagenome_shotgun	false	WGS is outside Phase I bacterial 16S amplicon scope	https://www.ebi.ac.uk/ena/browser/view/PRJNA1104253
gopaulchan_2025_defined_community	PRJNA1104253	PRJNA1104253	SRP503821	SRR28820009	SRX24383051	SAMN41098637	SRS21139260	colombia_031	Metagenome or environmental sample from plant metagenome	Santander harvest 2 fermentation at 24hr-R2	MinION sequencing: Santander harvest 2 fermentation at 24hr-R2	plant metagenome	1297885	WGS	METAGENOMIC	RANDOM	SINGLE	OXFORD_NANOPORE	MinION	294262	104	304440	ftp.sra.ebi.ac.uk/vol1/fastq/SRR288/009/SRR28820009/SRR28820009_1.fastq.gz	22b893b82bc6a29f3923d6630bbf84a4	Colombia	not applicable		fermenting cacao beans	2025-06-23	2025-06-23	whole_metagenome_shotgun	false	WGS is outside Phase I bacterial 16S amplicon scope	https://www.ebi.ac.uk/ena/browser/view/PRJNA1104253
gopaulchan_2025_defined_community	PRJNA1104253	PRJNA1104253	SRP503821	SRR28820010	SRX24383050	SAMN41098610	SRS21139259	colombia_004	Metagenome or environmental sample from plant metagenome	Santander harvest 1 fermentation at 24hr-R1	MinION sequencing: Santander harvest 1 fermentation at 24hr-R1	plant metagenome	1297885	WGS	METAGENOMIC	RANDOM	SINGLE	OXFORD_NANOPORE	MinION	494848618	148053	530976448	ftp.sra.ebi.ac.uk/vol1/fastq/SRR288/010/SRR28820010/SRR28820010_1.fastq.gz	d3709d05ddad83099d6880b2be9e3cea	Colombia	not applicable		fermenting cacao beans	2025-06-23	2025-06-23	whole_metagenome_shotgun	false	WGS is outside Phase I bacterial 16S amplicon scope	https://www.ebi.ac.uk/ena/browser/view/PRJNA1104253
gopaulchan_2025_defined_community	PRJNA1104253	PRJNA1104253	SRP503821	SRR28820011	SRX24383049	SAMN41098636	SRS21139258	colombia_030	Metagenome or environmental sample from plant metagenome	Santander harvest 2 fermentation at 24hr-R1	MinION sequencing: Santander harvest 2 fermentation at 24hr-R1	plant metagenome	1297885	WGS	METAGENOMIC	RANDOM	SINGLE	OXFORD_NANOPORE	MinION	140120747	37410	150414361	ftp.sra.ebi.ac.uk/vol1/fastq/SRR288/011/SRR28820011/SRR28820011_1.fastq.gz	eab8cca32784ca7d917807445d11545b	Colombia	not applicable		fermenting cacao beans	2025-06-23	2025-06-23	whole_metagenome_shotgun	false	WGS is outside Phase I bacterial 16S amplicon scope	https://www.ebi.ac.uk/ena/browser/view/PRJNA1104253
gopaulchan_2025_defined_community	PRJNA1104253	PRJNA1104253	SRP503821	SRR28820012	SRX24383048	SAMN41098635	SRS21139257	colombia_029	Metagenome or environmental sample from plant metagenome	Santander harvest 2 fermentation at 0hr-R2	MinION sequencing: Santander harvest 2 fermentation at 0hr-R2	plant metagenome	1297885	WGS	METAGENOMIC	RANDOM	SINGLE	OXFORD_NANOPORE	MinION	1108177604	635726	1202997700	ftp.sra.ebi.ac.uk/vol1/fastq/SRR288/012/SRR28820012/SRR28820012_1.fastq.gz	d3ff013a5d4504b61e8a1f5d36be7313	Colombia	not applicable		fermenting cacao beans	2025-06-23	2025-06-23	whole_metagenome_shotgun	false	WGS is outside Phase I bacterial 16S amplicon scope	https://www.ebi.ac.uk/ena/browser/view/PRJNA1104253
gopaulchan_2025_defined_community	PRJNA1104253	PRJNA1104253	SRP503821	SRR28820013	SRX24383047	SAMN41098685	SRS21139256	colombia_079	Metagenome or environmental sample from plant metagenome	Huila harvest 2 fermentation at 0hr-R4	MinION sequencing: Huila harvest 2 fermentation at 0hr-R4	plant metagenome	1297885	WGS	METAGENOMIC	RANDOM	SINGLE	OXFORD_NANOPORE	MinION	17666079	7926	19034304	ftp.sra.ebi.ac.uk/vol1/fastq/SRR288/013/SRR28820013/SRR28820013_1.fastq.gz	d49d6b11575f4f2e96a5f6a23275d690	Colombia	not applicable		fermenting cacao beans	2025-06-23	2025-06-23	whole_metagenome_shotgun	false	WGS is outside Phase I bacterial 16S amplicon scope	https://www.ebi.ac.uk/ena/browser/view/PRJNA1104253
gopaulchan_2025_defined_community	PRJNA1104253	PRJNA1104253	SRP503821	SRR28820014	SRX24383046	SAMN41098684	SRS21139255	colombia_078	Metagenome or environmental sample from plant metagenome	Huila harvest 2 fermentation at 0hr-R3	MinION sequencing: Huila harvest 2 fermentation at 0hr-R3	plant metagenome	1297885	WGS	METAGENOMIC	RANDOM	SINGLE	OXFORD_NANOPORE	MinION	69645062	31215	74917192	ftp.sra.ebi.ac.uk/vol1/fastq/SRR288/014/SRR28820014/SRR28820014_1.fastq.gz	bf669a22d7f5877f3769d79e5392c87b	Colombia	not applicable		fermenting cacao beans	2025-06-23	2025-06-23	whole_metagenome_shotgun	false	WGS is outside Phase I bacterial 16S amplicon scope	https://www.ebi.ac.uk/ena/browser/view/PRJNA1104253
gopaulchan_2025_defined_community	PRJNA1104253	PRJNA1104253	SRP503821	SRR28820015	SRX24383045	SAMN41098683	SRS21139254	colombia_077	Metagenome or environmental sample from plant metagenome	Huila harvest 2 fermentation at 0hr-R2	MinION sequencing: Huila harvest 2 fermentation at 0hr-R2	plant metagenome	1297885	WGS	METAGENOMIC	RANDOM	SINGLE	OXFORD_NANOPORE	MinION	141389388	36964	149829615	ftp.sra.ebi.ac.uk/vol1/fastq/SRR288/015/SRR28820015/SRR28820015_1.fastq.gz	d47bd4e9c4ca1408cbf01354c178f82e	Colombia	not applicable		fermenting cacao beans	2025-06-23	2025-06-23	whole_metagenome_shotgun	false	WGS is outside Phase I bacterial 16S amplicon scope	https://www.ebi.ac.uk/ena/browser/view/PRJNA1104253
gopaulchan_2025_defined_community	PRJNA1104253	PRJNA1104253	SRP503821	SRR28820016	SRX24383044	SAMN41098682	SRS21139253	colombia_076	Metagenome or environmental sample from plant metagenome	Huila harvest 2 fermentation at 0hr-R1	MinION sequencing: Huila harvest 2 fermentation at 0hr-R1	plant metagenome	1297885	WGS	METAGENOMIC	RANDOM	SINGLE	OXFORD_NANOPORE	MinION	1834283	471	1911988	ftp.sra.ebi.ac.uk/vol1/fastq/SRR288/016/SRR28820016/SRR28820016_1.fastq.gz	e43259a9671cec0c4a8eeae1a47c5c56	Colombia	not applicable		fermenting cacao beans	2025-06-23	2025-06-23	whole_metagenome_shotgun	false	WGS is outside Phase I bacterial 16S amplicon scope	https://www.ebi.ac.uk/ena/browser/view/PRJNA1104253
gopaulchan_2025_defined_community	PRJNA1104253	PRJNA1104253	SRP503821	SRR28820017	SRX24383043	SAMN41098681	SRS21139252	colombia_075	Metagenome or environmental sample from metagenome	Huila harvest 1 tool-R2	MinION sequencing: Huila harvest 1 tool-R2	metagenome	256318	WGS	METAGENOMIC	RANDOM	SINGLE	OXFORD_NANOPORE	MinION	1316387393	414301	1419916431	ftp.sra.ebi.ac.uk/vol1/fastq/SRR288/017/SRR28820017/SRR28820017_1.fastq.gz	900c094b77b8ac948dfa7c2cea86c696	Colombia	not applicable		environment-tool	2025-06-23	2025-06-23	whole_metagenome_shotgun	false	WGS is outside Phase I bacterial 16S amplicon scope	https://www.ebi.ac.uk/ena/browser/view/PRJNA1104253
gopaulchan_2025_defined_community	PRJNA1104253	PRJNA1104253	SRP503821	SRR28820018	SRX24383042	SAMN41098680	SRS21139251	colombia_074	Metagenome or environmental sample from metagenome	Huila harvest 1 tool-R1	MinION sequencing: Huila harvest 1 tool-R1	metagenome	256318	WGS	METAGENOMIC	RANDOM	SINGLE	OXFORD_NANOPORE	MinION	660558648	211343	711127747	ftp.sra.ebi.ac.uk/vol1/fastq/SRR288/018/SRR28820018/SRR28820018_1.fastq.gz	91a2be91800d6e32a5a0ed76e755f9f5	Colombia	not applicable		environment-tool	2025-06-23	2025-06-23	whole_metagenome_shotgun	false	WGS is outside Phase I bacterial 16S amplicon scope	https://www.ebi.ac.uk/ena/browser/view/PRJNA1104253
gopaulchan_2025_defined_community	PRJNA1104253	PRJNA1104253	SRP503821	SRR28820019	SRX24383041	SAMN41098679	SRS21139250	colombia_073	Metagenome or environmental sample from metagenome	Huila harvest 1 soil-R5	MinION sequencing: Huila harvest 1 soil-R5	metagenome	256318	WGS	METAGENOMIC	RANDOM	SINGLE	OXFORD_NANOPORE	MinION	17781579	6352	19190821	ftp.sra.ebi.ac.uk/vol1/fastq/SRR288/019/SRR28820019/SRR28820019_1.fastq.gz	7a90bc00c8fbbae2b7174f2456efa6c6	Colombia	not applicable		environment-soil	2025-06-23	2025-06-23	whole_metagenome_shotgun	false	WGS is outside Phase I bacterial 16S amplicon scope	https://www.ebi.ac.uk/ena/browser/view/PRJNA1104253
gopaulchan_2025_defined_community	PRJNA1104253	PRJNA1104253	SRP503821	SRR28820020	SRX24383040	SAMN41098678	SRS21139249	colombia_072	Metagenome or environmental sample from metagenome	Huila harvest 1 soil-R4	MinION sequencing: Huila harvest 1 soil-R4	metagenome	256318	WGS	METAGENOMIC	RANDOM	SINGLE	OXFORD_NANOPORE	MinION	16235629	5444	17466117	ftp.sra.ebi.ac.uk/vol1/fastq/SRR288/020/SRR28820020/SRR28820020_1.fastq.gz	81c5826f98643531c2e16edf3d5d4626	Colombia	not applicable		environment-soil	2025-06-23	2025-06-23	whole_metagenome_shotgun	false	WGS is outside Phase I bacterial 16S amplicon scope	https://www.ebi.ac.uk/ena/browser/view/PRJNA1104253
gopaulchan_2025_defined_community	PRJNA1104253	PRJNA1104253	SRP503821	SRR28820021	SRX24383039	SAMN41098677	SRS21139247	colombia_071	Metagenome or environmental sample from metagenome	Huila harvest 1 soil-R3	MinION sequencing: Huila harvest 1 soil-R3	metagenome	256318	WGS	METAGENOMIC	RANDOM	SINGLE	OXFORD_NANOPORE	MinION	106588116	31378	114427042	ftp.sra.ebi.ac.uk/vol1/fastq/SRR288/021/SRR28820021/SRR28820021_1.fastq.gz	fabfeb73d3e307726b712705acef5a43	Colombia	not applicable		environment-soil	2025-06-23	2025-06-23	whole_metagenome_shotgun	false	WGS is outside Phase I bacterial 16S amplicon scope	https://www.ebi.ac.uk/ena/browser/view/PRJNA1104253
gopaulchan_2025_defined_community	PRJNA1104253	PRJNA1104253	SRP503821	SRR28820022	SRX24383038	SAMN41098614	SRS21139248	colombia_008	Metagenome or environmental sample from plant metagenome	Santander harvest 1 fermentation at 48hr-R2	MinION sequencing: Santander harvest 1 fermentation at 48hr-R2	plant metagenome	1297885	WGS	METAGENOMIC	RANDOM	SINGLE	OXFORD_NANOPORE	MinION	1473825429	495330	1590834312	ftp.sra.ebi.ac.uk/vol1/fastq/SRR288/022/SRR28820022/SRR28820022_1.fastq.gz	cb67244452f8e83faa99cc3e81925f79	Colombia	not applicable		fermenting cacao beans	2025-06-23	2025-06-23	whole_metagenome_shotgun	false	WGS is outside Phase I bacterial 16S amplicon scope	https://www.ebi.ac.uk/ena/browser/view/PRJNA1104253
gopaulchan_2025_defined_community	PRJNA1104253	PRJNA1104253	SRP503821	SRR28820023	SRX24383037	SAMN41098676	SRS21139245	colombia_070	Metagenome or environmental sample from metagenome	Huila harvest 1 soil-R2	MinION sequencing: Huila harvest 1 soil-R2	metagenome	256318	WGS	METAGENOMIC	RANDOM	SINGLE	OXFORD_NANOPORE	MinION	25229232	7577	27055720	ftp.sra.ebi.ac.uk/vol1/fastq/SRR288/023/SRR28820023/SRR28820023_1.fastq.gz	729163e220f7a1cd46133c9362c997e3	Colombia	not applicable		environment-soil	2025-06-23	2025-06-23	whole_metagenome_shotgun	false	WGS is outside Phase I bacterial 16S amplicon scope	https://www.ebi.ac.uk/ena/browser/view/PRJNA1104253
gopaulchan_2025_defined_community	PRJNA1104253	PRJNA1104253	SRP503821	SRR28820024	SRX24383036	SAMN41098675	SRS21139246	colombia_069	Metagenome or environmental sample from metagenome	Huila harvest 1 soil-R1	MinION sequencing: Huila harvest 1 soil-R1	metagenome	256318	WGS	METAGENOMIC	RANDOM	SINGLE	OXFORD_NANOPORE	MinION	246570292	64272	265192519	ftp.sra.ebi.ac.uk/vol1/fastq/SRR288/024/SRR28820024/SRR28820024_1.fastq.gz	1f6f9eee0f81a2ac4a4117f8dced214b	Colombia	not applicable		environment-soil	2025-06-23	2025-06-23	whole_metagenome_shotgun	false	WGS is outside Phase I bacterial 16S amplicon scope	https://www.ebi.ac.uk/ena/browser/view/PRJNA1104253
gopaulchan_2025_defined_community	PRJNA1104253	PRJNA1104253	SRP503821	SRR28820025	SRX24383035	SAMN41098674	SRS21139244	colombia_068	Metagenome or environmental sample from metagenome	Huila harvest 1 pod-R2	MinION sequencing: Huila harvest 1 pod-R2	metagenome	256318	WGS	METAGENOMIC	RANDOM	SINGLE	OXFORD_NANOPORE	MinION	1647066516	518460	1768352230	ftp.sra.ebi.ac.uk/vol1/fastq/SRR288/025/SRR28820025/SRR28820025_1.fastq.gz	990430ba0e1065b30e4c08547834139b	Colombia	not applicable		environment-pod	2025-06-23	2025-06-23	whole_metagenome_shotgun	false	WGS is outside Phase I bacterial 16S amplicon scope	https://www.ebi.ac.uk/ena/browser/view/PRJNA1104253
gopaulchan_2025_defined_community	PRJNA1104253	PRJNA1104253	SRP503821	SRR28820026	SRX24383034	SAMN41098673	SRS21139243	colombia_067	Metagenome or environmental sample from metagenome	Huila harvest 1 pod-R1	MinION sequencing: Huila harvest 1 pod-R1	metagenome	256318	WGS	METAGENOMIC	RANDOM	SINGLE	OXFORD_NANOPORE	MinION	1024362946	293504	1103129502	ftp.sra.ebi.ac.uk/vol1/fastq/SRR288/026/SRR28820026/SRR28820026_1.fastq.gz	e9f0dad3ab69042c99861373eea0221e	Colombia	not applicable		environment-pod	2025-06-23	2025-06-23	whole_metagenome_shotgun	false	WGS is outside Phase I bacterial 16S amplicon scope	https://www.ebi.ac.uk/ena/browser/view/PRJNA1104253
gopaulchan_2025_defined_community	PRJNA1104253	PRJNA1104253	SRP503821	SRR28820027	SRX24383033	SAMN41098672	SRS21139242	colombia_066	Metagenome or environmental sample from metagenome	Huila harvest 1 leaf-R3	MinION sequencing: Huila harvest 1 leaf-R3	metagenome	256318	WGS	METAGENOMIC	RANDOM	SINGLE	OXFORD_NANOPORE	MinION	1511215554	462829	1630377071	ftp.sra.ebi.ac.uk/vol1/fastq/SRR288/027/SRR28820027/SRR28820027_1.fastq.gz	6262a2998a8e92fda89e86d06d88927f	Colombia	not applicable		environment-leaf	2025-06-23	2025-06-23	whole_metagenome_shotgun	false	WGS is outside Phase I bacterial 16S amplicon scope	https://www.ebi.ac.uk/ena/browser/view/PRJNA1104253
gopaulchan_2025_defined_community	PRJNA1104253	PRJNA1104253	SRP503821	SRR28820028	SRX24383032	SAMN41098671	SRS21139241	colombia_065	Metagenome or environmental sample from metagenome	Huila harvest 1 leaf-R2	MinION sequencing: Huila harvest 1 leaf-R2	metagenome	256318	WGS	METAGENOMIC	RANDOM	SINGLE	OXFORD_NANOPORE	MinION	1613302582	405642	1733754573	ftp.sra.ebi.ac.uk/vol1/fastq/SRR288/028/SRR28820028/SRR28820028_1.fastq.gz	f173a30c38db19e5c99e35aae65d4d7a	Colombia	not applicable		environment-leaf	2025-06-23	2025-06-23	whole_metagenome_shotgun	false	WGS is outside Phase I bacterial 16S amplicon scope	https://www.ebi.ac.uk/ena/browser/view/PRJNA1104253
gopaulchan_2025_defined_community	PRJNA1104253	PRJNA1104253	SRP503821	SRR28820029	SRX24383031	SAMN41098670	SRS21139240	colombia_064	Metagenome or environmental sample from metagenome	Huila harvest 1 leaf-R1	MinION sequencing: Huila harvest 1 leaf-R1	metagenome	256318	WGS	METAGENOMIC	RANDOM	SINGLE	OXFORD_NANOPORE	MinION	852376236	229935	918675176	ftp.sra.ebi.ac.uk/vol1/fastq/SRR288/029/SRR28820029/SRR28820029_1.fastq.gz	823cbe38689b88b8081d3a8d6272d6a7	Colombia	not applicable		environment-leaf	2025-06-23	2025-06-23	whole_metagenome_shotgun	false	WGS is outside Phase I bacterial 16S amplicon scope	https://www.ebi.ac.uk/ena/browser/view/PRJNA1104253
gopaulchan_2025_defined_community	PRJNA1104253	PRJNA1104253	SRP503821	SRR28820030	SRX24383030	SAMN41098669	SRS21139239	colombia_063	Metagenome or environmental sample from metagenome	Huila harvest 1 hand-R2	MinION sequencing: Huila harvest 1 hand-R2	metagenome	256318	WGS	METAGENOMIC	RANDOM	SINGLE	OXFORD_NANOPORE	MinION	1004213879	300451	1080199224	ftp.sra.ebi.ac.uk/vol1/fastq/SRR288/030/SRR28820030/SRR28820030_1.fastq.gz	0a1d1baafb12e3efebad5b7c6e114f9b	Colombia	not applicable		environment-hand	2025-06-23	2025-06-23	whole_metagenome_shotgun	false	WGS is outside Phase I bacterial 16S amplicon scope	https://www.ebi.ac.uk/ena/browser/view/PRJNA1104253
gopaulchan_2025_defined_community	PRJNA1104253	PRJNA1104253	SRP503821	SRR28820031	SRX24383029	SAMN41098668	SRS21139238	colombia_062	Metagenome or environmental sample from metagenome	Huila harvest 1 hand-R1	MinION sequencing: Huila harvest 1 hand-R1	metagenome	256318	WGS	METAGENOMIC	RANDOM	SINGLE	OXFORD_NANOPORE	MinION	1282414332	370327	1381079978	ftp.sra.ebi.ac.uk/vol1/fastq/SRR288/031/SRR28820031/SRR28820031_1.fastq.gz	f44d7ca6d778fd57b6be110d5d3d9ca9	Colombia	not applicable		environment-hand	2025-06-23	2025-06-23	whole_metagenome_shotgun	false	WGS is outside Phase I bacterial 16S amplicon scope	https://www.ebi.ac.uk/ena/browser/view/PRJNA1104253
gopaulchan_2025_defined_community	PRJNA1104253	PRJNA1104253	SRP503821	SRR28820032	SRX24383028	SAMN41098667	SRS21139237	colombia_061	Metagenome or environmental sample from metagenome	Huila harvest 1 fly-R1	MinION sequencing: Huila harvest 1 fly-R1	metagenome	256318	WGS	METAGENOMIC	RANDOM	SINGLE	OXFORD_NANOPORE	MinION	734427052	199639	789392359	ftp.sra.ebi.ac.uk/vol1/fastq/SRR288/032/SRR28820032/SRR28820032_1.fastq.gz	49fec64c7430df14c2b863ab721d67ad	Colombia	not applicable		environment-fly	2025-06-23	2025-06-23	whole_metagenome_shotgun	false	WGS is outside Phase I bacterial 16S amplicon scope	https://www.ebi.ac.uk/ena/browser/view/PRJNA1104253
gopaulchan_2025_defined_community	PRJNA1104253	PRJNA1104253	SRP503821	SRR28820033	SRX24383027	SAMN41098613	SRS21139236	colombia_007	Metagenome or environmental sample from plant metagenome	Santander harvest 1 fermentation at 48hr-R1	MinION sequencing: Santander harvest 1 fermentation at 48hr-R1	plant metagenome	1297885	WGS	METAGENOMIC	RANDOM	SINGLE	OXFORD_NANOPORE	MinION	557165234	173404	599733731	ftp.sra.ebi.ac.uk/vol1/fastq/SRR288/033/SRR28820033/SRR28820033_1.fastq.gz	529e7af7e64e6ea2277a5969e58f43c1	Colombia	not applicable		fermenting cacao beans	2025-06-23	2025-06-23	whole_metagenome_shotgun	false	WGS is outside Phase I bacterial 16S amplicon scope	https://www.ebi.ac.uk/ena/browser/view/PRJNA1104253
gopaulchan_2025_defined_community	PRJNA1104253	PRJNA1104253	SRP503821	SRR28820034	SRX24383026	SAMN41098666	SRS21139235	colombia_060	Metagenome or environmental sample from metagenome	Huila harvest 1 fermentation box-R2	MinION sequencing: Huila harvest 1 fermentation box-R2	metagenome	256318	WGS	METAGENOMIC	RANDOM	SINGLE	OXFORD_NANOPORE	MinION	1800981371	492918	1931041162	ftp.sra.ebi.ac.uk/vol1/fastq/SRR288/034/SRR28820034/SRR28820034_1.fastq.gz	816e9ae18af3c635776c743da0829469	Colombia	not applicable		environment-box	2025-06-23	2025-06-23	whole_metagenome_shotgun	false	WGS is outside Phase I bacterial 16S amplicon scope	https://www.ebi.ac.uk/ena/browser/view/PRJNA1104253
gopaulchan_2025_defined_community	PRJNA1104253	PRJNA1104253	SRP503821	SRR28820035	SRX24383025	SAMN41098665	SRS21139234	colombia_059	Metagenome or environmental sample from metagenome	Huila harvest 1 fermentation box-R1	MinION sequencing: Huila harvest 1 fermentation box-R1	metagenome	256318	WGS	METAGENOMIC	RANDOM	SINGLE	OXFORD_NANOPORE	MinION	388863141	116002	418521714	ftp.sra.ebi.ac.uk/vol1/fastq/SRR288/035/SRR28820035/SRR28820035_1.fastq.gz	0b5726b7df185ea0a3e00cff527c057b	Colombia	not applicable		environment-box	2025-06-23	2025-06-23	whole_metagenome_shotgun	false	WGS is outside Phase I bacterial 16S amplicon scope	https://www.ebi.ac.uk/ena/browser/view/PRJNA1104253
gopaulchan_2025_defined_community	PRJNA1104253	PRJNA1104253	SRP503821	SRR28820036	SRX24383024	SAMN41098664	SRS21139233	colombia_058	Metagenome or environmental sample from plant metagenome	Huila harvest 1 fermentation at 96hr-R3	MinION sequencing: Huila harvest 1 fermentation at 96hr-R3	plant metagenome	1297885	WGS	METAGENOMIC	RANDOM	SINGLE	OXFORD_NANOPORE	MinION	1980428711	699042	2136362118	ftp.sra.ebi.ac.uk/vol1/fastq/SRR288/036/SRR28820036/SRR28820036_1.fastq.gz	17fc2aa67a90b914369f8de50a9cda8b	Colombia	not applicable		fermenting cacao beans	2025-06-23	2025-06-23	whole_metagenome_shotgun	false	WGS is outside Phase I bacterial 16S amplicon scope	https://www.ebi.ac.uk/ena/browser/view/PRJNA1104253
gopaulchan_2025_defined_community	PRJNA1104253	PRJNA1104253	SRP503821	SRR28820037	SRX24383023	SAMN41098663	SRS21139232	colombia_057	Metagenome or environmental sample from plant metagenome	Huila harvest 1 fermentation at 96hr-R2	MinION sequencing: Huila harvest 1 fermentation at 96hr-R2	plant metagenome	1297885	WGS	METAGENOMIC	RANDOM	SINGLE	OXFORD_NANOPORE	MinION	761810706	301720	822929385	ftp.sra.ebi.ac.uk/vol1/fastq/SRR288/037/SRR28820037/SRR28820037_1.fastq.gz	68d6489ddc67ef329e327bc2184ffabb	Colombia	not applicable		fermenting cacao beans	2025-06-23	2025-06-23	whole_metagenome_shotgun	false	WGS is outside Phase I bacterial 16S amplicon scope	https://www.ebi.ac.uk/ena/browser/view/PRJNA1104253
gopaulchan_2025_defined_community	PRJNA1104253	PRJNA1104253	SRP503821	SRR28820038	SRX24383022	SAMN41098662	SRS21139231	colombia_056	Metagenome or environmental sample from plant metagenome	Huila harvest 1 fermentation at 96hr-R1	MinION sequencing: Huila harvest 1 fermentation at 96hr-R1	plant metagenome	1297885	WGS	METAGENOMIC	RANDOM	SINGLE	OXFORD_NANOPORE	MinION	32660714	11823	35175179	ftp.sra.ebi.ac.uk/vol1/fastq/SRR288/038/SRR28820038/SRR28820038_1.fastq.gz	e84112b1321daaa283b03306780b87a8	Colombia	not applicable		fermenting cacao beans	2025-06-23	2025-06-23	whole_metagenome_shotgun	false	WGS is outside Phase I bacterial 16S amplicon scope	https://www.ebi.ac.uk/ena/browser/view/PRJNA1104253
gopaulchan_2025_defined_community	PRJNA1104253	PRJNA1104253	SRP503821	SRR28820039	SRX24383021	SAMN41098661	SRS21139230	colombia_055	Metagenome or environmental sample from plant metagenome	Huila harvest 1 fermentation at 72hr-R2	MinION sequencing: Huila harvest 1 fermentation at 72hr-R2	plant metagenome	1297885	WGS	METAGENOMIC	RANDOM	SINGLE	OXFORD_NANOPORE	MinION	1757618476	544361	1889051127	ftp.sra.ebi.ac.uk/vol1/fastq/SRR288/039/SRR28820039/SRR28820039_1.fastq.gz	92f7690b1cdba1eb317b36fd97171195	Colombia	not applicable		fermenting cacao beans	2025-06-23	2025-06-23	whole_metagenome_shotgun	false	WGS is outside Phase I bacterial 16S amplicon scope	https://www.ebi.ac.uk/ena/browser/view/PRJNA1104253
gopaulchan_2025_defined_community	PRJNA1104253	PRJNA1104253	SRP503821	SRR28820040	SRX24383020	SAMN41098660	SRS21139229	colombia_054	Metagenome or environmental sample from plant metagenome	Huila harvest 1 fermentation at 72hr-R1	MinION sequencing: Huila harvest 1 fermentation at 72hr-R1	plant metagenome	1297885	WGS	METAGENOMIC	RANDOM	SINGLE	OXFORD_NANOPORE	MinION	514755140	160663	550090059	ftp.sra.ebi.ac.uk/vol1/fastq/SRR288/040/SRR28820040/SRR28820040_1.fastq.gz	76c983d921f0ffd9e75426e4fd7ba3b8	Colombia	not applicable		fermenting cacao beans	2025-06-23	2025-06-23	whole_metagenome_shotgun	false	WGS is outside Phase I bacterial 16S amplicon scope	https://www.ebi.ac.uk/ena/browser/view/PRJNA1104253
gopaulchan_2025_defined_community	PRJNA1104253	PRJNA1104253	SRP503821	SRR28820041	SRX24383019	SAMN41098634	SRS21139228	colombia_028	Metagenome or environmental sample from plant metagenome	Santander harvest 2 fermentation at 0hr-R1	MinION sequencing: Santander harvest 2 fermentation at 0hr-R1	plant metagenome	1297885	WGS	METAGENOMIC	RANDOM	SINGLE	OXFORD_NANOPORE	MinION	1234134433	540948	1329814721	ftp.sra.ebi.ac.uk/vol1/fastq/SRR288/041/SRR28820041/SRR28820041_1.fastq.gz	12bf94871115d03bf37012c71b196cf7	Colombia	not applicable		fermenting cacao beans	2025-06-23	2025-06-23	whole_metagenome_shotgun	false	WGS is outside Phase I bacterial 16S amplicon scope	https://www.ebi.ac.uk/ena/browser/view/PRJNA1104253
gopaulchan_2025_defined_community	PRJNA1104253	PRJNA1104253	SRP503821	SRR28820042	SRX24383018	SAMN41098633	SRS21139227	colombia_027	Metagenome or environmental sample from metagenome	Santander harvest 1 soil-R4	MinION sequencing: Santander harvest 1 soil-R4	metagenome	256318	WGS	METAGENOMIC	RANDOM	SINGLE	OXFORD_NANOPORE	MinION	264018773	83260	284827941	ftp.sra.ebi.ac.uk/vol1/fastq/SRR288/042/SRR28820042/SRR28820042_1.fastq.gz	e723e2996efa6178b15ffe16662c5113	Colombia	not applicable		environment-soil	2025-06-23	2025-06-23	whole_metagenome_shotgun	false	WGS is outside Phase I bacterial 16S amplicon scope	https://www.ebi.ac.uk/ena/browser/view/PRJNA1104253
gopaulchan_2025_defined_community	PRJNA1104253	PRJNA1104253	SRP503821	SRR28820043	SRX24383017	SAMN41098632	SRS21139226	colombia_026	Metagenome or environmental sample from metagenome	Santander harvest 1 soil-R3	MinION sequencing: Santander harvest 1 soil-R3	metagenome	256318	WGS	METAGENOMIC	RANDOM	SINGLE	OXFORD_NANOPORE	MinION	1071341368	353682	1154939432	ftp.sra.ebi.ac.uk/vol1/fastq/SRR288/043/SRR28820043/SRR28820043_1.fastq.gz	dc5f954dbf0da6b6decd3738fe0607de	Colombia	not applicable		environment-soil	2025-06-23	2025-06-23	whole_metagenome_shotgun	false	WGS is outside Phase I bacterial 16S amplicon scope	https://www.ebi.ac.uk/ena/browser/view/PRJNA1104253
gopaulchan_2025_defined_community	PRJNA1104253	PRJNA1104253	SRP503821	SRR28820044	SRX24383016	SAMN41098631	SRS21139225	colombia_025	Metagenome or environmental sample from metagenome	Santander harvest 1 soil-R2	MinION sequencing: Santander harvest 1 soil-R2	metagenome	256318	WGS	METAGENOMIC	RANDOM	SINGLE	OXFORD_NANOPORE	MinION	575022269	167618	620239198	ftp.sra.ebi.ac.uk/vol1/fastq/SRR288/044/SRR28820044/SRR28820044_1.fastq.gz	661ead001de833b16cfe631c5f7b2c1b	Colombia	not applicable		environment-soil	2025-06-23	2025-06-23	whole_metagenome_shotgun	false	WGS is outside Phase I bacterial 16S amplicon scope	https://www.ebi.ac.uk/ena/browser/view/PRJNA1104253
gopaulchan_2025_defined_community	PRJNA1104253	PRJNA1104253	SRP503821	SRR28820045	SRX24383015	SAMN41098630	SRS21139224	colombia_024	Metagenome or environmental sample from metagenome	Santander harvest 1 soil-R1	MinION sequencing: Santander harvest 1 soil-R1	metagenome	256318	WGS	METAGENOMIC	RANDOM	SINGLE	OXFORD_NANOPORE	MinION	512082825	135944	550426338	ftp.sra.ebi.ac.uk/vol1/fastq/SRR288/045/SRR28820045/SRR28820045_1.fastq.gz	976048ab7ae9edc7f1abea294cff99db	Colombia	not applicable		environment-soil	2025-06-23	2025-06-23	whole_metagenome_shotgun	false	WGS is outside Phase I bacterial 16S amplicon scope	https://www.ebi.ac.uk/ena/browser/view/PRJNA1104253
gopaulchan_2025_defined_community	PRJNA1104253	PRJNA1104253	SRP503821	SRR28820046	SRX24383014	SAMN41098629	SRS21139223	colombia_023	Metagenome or environmental sample from metagenome	Santander harvest 1 pod-R3	MinION sequencing: Santander harvest 1 pod-R3	metagenome	256318	WGS	METAGENOMIC	RANDOM	SINGLE	OXFORD_NANOPORE	MinION	1410831104	472053	1521787149	ftp.sra.ebi.ac.uk/vol1/fastq/SRR288/046/SRR28820046/SRR28820046_1.fastq.gz	8cea85e6392821702c63a87bc3fc1606	Colombia	not applicable		environment-pod	2025-06-23	2025-06-23	whole_metagenome_shotgun	false	WGS is outside Phase I bacterial 16S amplicon scope	https://www.ebi.ac.uk/ena/browser/view/PRJNA1104253
gopaulchan_2025_defined_community	PRJNA1104253	PRJNA1104253	SRP503821	SRR28820047	SRX24383013	SAMN41098628	SRS21139222	colombia_022	Metagenome or environmental sample from metagenome	Santander harvest 1 pod-R2	MinION sequencing: Santander harvest 1 pod-R2	metagenome	256318	WGS	METAGENOMIC	RANDOM	SINGLE	OXFORD_NANOPORE	MinION	870694411	262976	939105956	ftp.sra.ebi.ac.uk/vol1/fastq/SRR288/047/SRR28820047/SRR28820047_1.fastq.gz	6570cfacd876cc92183407ba6087911f	Colombia	not applicable		environment-pod	2025-06-23	2025-06-23	whole_metagenome_shotgun	false	WGS is outside Phase I bacterial 16S amplicon scope	https://www.ebi.ac.uk/ena/browser/view/PRJNA1104253
gopaulchan_2025_defined_community	PRJNA1104253	PRJNA1104253	SRP503821	SRR28820048	SRX24383012	SAMN41098627	SRS21139221	colombia_021	Metagenome or environmental sample from metagenome	Santander harvest 1 pod-R1	MinION sequencing: Santander harvest 1 pod-R1	metagenome	256318	WGS	METAGENOMIC	RANDOM	SINGLE	OXFORD_NANOPORE	MinION	24343505	7389	26239256	ftp.sra.ebi.ac.uk/vol1/fastq/SRR288/048/SRR28820048/SRR28820048_1.fastq.gz	37cd560fea34f084a1408a0048b02793	Colombia	not applicable		environment-pod	2025-06-18	2025-06-18	whole_metagenome_shotgun	false	WGS is outside Phase I bacterial 16S amplicon scope	https://www.ebi.ac.uk/ena/browser/view/PRJNA1104253
gopaulchan_2025_defined_community	PRJNA1104253	PRJNA1104253	SRP503821	SRR28820049	SRX24383011	SAMN41098609	SRS21139220	colombia_003	Metagenome or environmental sample from plant metagenome	Santander harvest 1 fermentation at 0hr-R3	MinION sequencing: Santander harvest 1 fermentation at 0hr-R3	plant metagenome	1297885	WGS	METAGENOMIC	RANDOM	SINGLE	OXFORD_NANOPORE	MinION	2536334554	933529	2707024062	ftp.sra.ebi.ac.uk/vol1/fastq/SRR288/049/SRR28820049/SRR28820049_1.fastq.gz	2dab65dd0ac18b2794b73af0fd003df4	Colombia	not applicable		fermenting cacao beans	2025-06-23	2025-06-23	whole_metagenome_shotgun	false	WGS is outside Phase I bacterial 16S amplicon scope	https://www.ebi.ac.uk/ena/browser/view/PRJNA1104253
gopaulchan_2025_defined_community	PRJNA1104253	PRJNA1104253	SRP503821	SRR28820050	SRX24383010	SAMN41098626	SRS21139219	colombia_020	Metagenome or environmental sample from metagenome	Santander harvest 1 leaf-R2	MinION sequencing: Santander harvest 1 leaf-R2	metagenome	256318	WGS	METAGENOMIC	RANDOM	SINGLE	OXFORD_NANOPORE	MinION	1492226839	610841	1619060730	ftp.sra.ebi.ac.uk/vol1/fastq/SRR288/050/SRR28820050/SRR28820050_1.fastq.gz	7306cbf2703735b5228ddc475dbf0409	Colombia	not applicable		environment-leaf	2025-06-23	2025-06-23	whole_metagenome_shotgun	false	WGS is outside Phase I bacterial 16S amplicon scope	https://www.ebi.ac.uk/ena/browser/view/PRJNA1104253
gopaulchan_2025_defined_community	PRJNA1104253	PRJNA1104253	SRP503821	SRR28820051	SRX24383009	SAMN41098625	SRS21139218	colombia_019	Metagenome or environmental sample from metagenome	Santander harvest 1 leaf-R1	MinION sequencing: Santander harvest 1 leaf-R1	metagenome	256318	WGS	METAGENOMIC	RANDOM	SINGLE	OXFORD_NANOPORE	MinION	895456617	232595	964188662	ftp.sra.ebi.ac.uk/vol1/fastq/SRR288/051/SRR28820051/SRR28820051_1.fastq.gz	bc485ad1c99e5bf8ee78666c699ab4d1	Colombia	not applicable		environment-leaf	2025-06-23	2025-06-23	whole_metagenome_shotgun	false	WGS is outside Phase I bacterial 16S amplicon scope	https://www.ebi.ac.uk/ena/browser/view/PRJNA1104253
gopaulchan_2025_defined_community	PRJNA1104253	PRJNA1104253	SRP503821	SRR28820052	SRX24383008	SAMN41098624	SRS21139217	colombia_018	Metagenome or environmental sample from metagenome	Santander harvest 1 hand-R1	MinION sequencing: Santander harvest 1 hand-R1	metagenome	256318	WGS	METAGENOMIC	RANDOM	SINGLE	OXFORD_NANOPORE	MinION	1929732185	643056	2079899033	ftp.sra.ebi.ac.uk/vol1/fastq/SRR288/052/SRR28820052/SRR28820052_1.fastq.gz	a6af7b8a764e89a8639f571f0972753f	Colombia	not applicable		environment-hand	2025-06-23	2025-06-23	whole_metagenome_shotgun	false	WGS is outside Phase I bacterial 16S amplicon scope	https://www.ebi.ac.uk/ena/browser/view/PRJNA1104253
gopaulchan_2025_defined_community	PRJNA1104253	PRJNA1104253	SRP503821	SRR28820053	SRX24383007	SAMN41098623	SRS21139216	colombia_017	Metagenome or environmental sample from metagenome	Santander harvest 1 fly-R1	MinION sequencing: Santander harvest 1 fly-R1	metagenome	256318	WGS	METAGENOMIC	RANDOM	SINGLE	OXFORD_NANOPORE	MinION	1613018026	574418	1745549378	ftp.sra.ebi.ac.uk/vol1/fastq/SRR288/053/SRR28820053/SRR28820053_1.fastq.gz	ff112ca65e78d7e07a902c4f7257087b	Colombia	not applicable		environment-fly	2025-06-23	2025-06-23	whole_metagenome_shotgun	false	WGS is outside Phase I bacterial 16S amplicon scope	https://www.ebi.ac.uk/ena/browser/view/PRJNA1104253
gopaulchan_2025_defined_community	PRJNA1104253	PRJNA1104253	SRP503821	SRR28820054	SRX24383006	SAMN41098622	SRS21139215	colombia_016	Metagenome or environmental sample from metagenome	Santander harvest 1 fermentation box-R2	MinION sequencing: Santander harvest 1 fermentation box-R2	metagenome	256318	WGS	METAGENOMIC	RANDOM	SINGLE	OXFORD_NANOPORE	MinION	1331778500	350990	1433620835	ftp.sra.ebi.ac.uk/vol1/fastq/SRR288/054/SRR28820054/SRR28820054_1.fastq.gz	4b7218d9d29fbb59594a00476a22c0fd	Colombia	not applicable		environment-box	2025-06-23	2025-06-23	whole_metagenome_shotgun	false	WGS is outside Phase I bacterial 16S amplicon scope	https://www.ebi.ac.uk/ena/browser/view/PRJNA1104253
gopaulchan_2025_defined_community	PRJNA1104253	PRJNA1104253	SRP503821	SRR28820055	SRX24383005	SAMN41098621	SRS21139214	colombia_015	Metagenome or environmental sample from metagenome	Santander harvest 1 fermentation box-R1	MinION sequencing: Santander harvest 1 fermentation box-R1	metagenome	256318	WGS	METAGENOMIC	RANDOM	SINGLE	OXFORD_NANOPORE	MinION	534558151	152144	576797227	ftp.sra.ebi.ac.uk/vol1/fastq/SRR288/055/SRR28820055/SRR28820055_1.fastq.gz	76b37bcbc7d27dd18105ac3b7b1350b2	Colombia	not applicable		environment-box	2025-06-23	2025-06-23	whole_metagenome_shotgun	false	WGS is outside Phase I bacterial 16S amplicon scope	https://www.ebi.ac.uk/ena/browser/view/PRJNA1104253
gopaulchan_2025_defined_community	PRJNA1104253	PRJNA1104253	SRP503821	SRR28820056	SRX24383004	SAMN41098620	SRS21139213	colombia_014	Metagenome or environmental sample from plant metagenome	Santander harvest 1 fermentation at 96hr-R2	MinION sequencing: Santander harvest 1 fermentation at 96hr-R2	plant metagenome	1297885	WGS	METAGENOMIC	RANDOM	SINGLE	OXFORD_NANOPORE	MinION	1336277938	378530	1436968199	ftp.sra.ebi.ac.uk/vol1/fastq/SRR288/056/SRR28820056/SRR28820056_1.fastq.gz	d3f039fc7b2d29676bd410e56da95128	Colombia	not applicable		fermenting cacao beans	2025-06-23	2025-06-23	whole_metagenome_shotgun	false	WGS is outside Phase I bacterial 16S amplicon scope	https://www.ebi.ac.uk/ena/browser/view/PRJNA1104253
gopaulchan_2025_defined_community	PRJNA1104253	PRJNA1104253	SRP503821	SRR28820057	SRX24383003	SAMN41098619	SRS21139212	colombia_013	Metagenome or environmental sample from plant metagenome	Santander harvest 1 fermentation at 96hr-R1	MinION sequencing: Santander harvest 1 fermentation at 96hr-R1	plant metagenome	1297885	WGS	METAGENOMIC	RANDOM	SINGLE	OXFORD_NANOPORE	MinION	10502217631	2891741	11244232927	ftp.sra.ebi.ac.uk/vol1/fastq/SRR288/057/SRR28820057/SRR28820057_1.fastq.gz	ea4a6050eee2324eeaa473372a2ee87a	Colombia	not applicable		fermenting cacao beans	2025-06-23	2025-06-23	whole_metagenome_shotgun	false	WGS is outside Phase I bacterial 16S amplicon scope	https://www.ebi.ac.uk/ena/browser/view/PRJNA1104253
gopaulchan_2025_defined_community	PRJNA1104253	PRJNA1104253	SRP503821	SRR28820058	SRX24383002	SAMN41098618	SRS21139211	colombia_012	Metagenome or environmental sample from plant metagenome	Santander harvest 1 fermentation at 72hr-R3	MinION sequencing: Santander harvest 1 fermentation at 72hr-R3	plant metagenome	1297885	WGS	METAGENOMIC	RANDOM	SINGLE	OXFORD_NANOPORE	MinION	1369140784	395472	1474847428	ftp.sra.ebi.ac.uk/vol1/fastq/SRR288/058/SRR28820058/SRR28820058_1.fastq.gz	becb6051337da303716bb78ed4643dd0	Colombia	not applicable		fermenting cacao beans	2025-06-23	2025-06-23	whole_metagenome_shotgun	false	WGS is outside Phase I bacterial 16S amplicon scope	https://www.ebi.ac.uk/ena/browser/view/PRJNA1104253
gopaulchan_2025_defined_community	PRJNA1104253	PRJNA1104253	SRP503821	SRR28820059	SRX24383001	SAMN41098713	SRS21139210	colombia_107	Metagenome or environmental sample from metagenome	Antioquia harvest 2 soil-R1	MinION sequencing: Antioquia harvest 2 soil-R1	metagenome	256318	WGS	METAGENOMIC	RANDOM	SINGLE	OXFORD_NANOPORE	MinION	20297829	4384	21599585	ftp.sra.ebi.ac.uk/vol1/fastq/SRR288/059/SRR28820059/SRR28820059_1.fastq.gz	82a1f7ccb350f44dde9f0a75a93b04c5	Colombia	not applicable		environment-soil	2025-06-23	2025-06-23	whole_metagenome_shotgun	false	WGS is outside Phase I bacterial 16S amplicon scope	https://www.ebi.ac.uk/ena/browser/view/PRJNA1104253
gopaulchan_2025_defined_community	PRJNA1104253	PRJNA1104253	SRP503821	SRR28820060	SRX24383000	SAMN41098712	SRS21139209	colombia_106	Metagenome or environmental sample from metagenome	Antioquia harvest 2 leaf-R1	MinION sequencing: Antioquia harvest 2 leaf-R1	metagenome	256318	WGS	METAGENOMIC	RANDOM	SINGLE	OXFORD_NANOPORE	MinION	440041847	93682	471208105	ftp.sra.ebi.ac.uk/vol1/fastq/SRR288/060/SRR28820060/SRR28820060_1.fastq.gz	34c93fcb003bb89673b5959a7c03d3d7	Colombia	not applicable		environment-leaf	2025-06-23	2025-06-23	whole_metagenome_shotgun	false	WGS is outside Phase I bacterial 16S amplicon scope	https://www.ebi.ac.uk/ena/browser/view/PRJNA1104253
gopaulchan_2025_defined_community	PRJNA1104253	PRJNA1104253	SRP503821	SRR28820061	SRX24382999	SAMN41098711	SRS21139208	colombia_105	Metagenome or environmental sample from metagenome	Antioquia harvest 2 fermentation box-R2	MinION sequencing: Antioquia harvest 2 fermentation box-R2	metagenome	256318	WGS	METAGENOMIC	RANDOM	SINGLE	OXFORD_NANOPORE	MinION	337593005	84900	358843340	ftp.sra.ebi.ac.uk/vol1/fastq/SRR288/061/SRR28820061/SRR28820061_1.fastq.gz	597621136cd7bbec08927d2752b99ff7	Colombia	not applicable		environment-box	2025-06-23	2025-06-23	whole_metagenome_shotgun	false	WGS is outside Phase I bacterial 16S amplicon scope	https://www.ebi.ac.uk/ena/browser/view/PRJNA1104253
gopaulchan_2025_defined_community	PRJNA1104253	PRJNA1104253	SRP503821	SRR28820062	SRX24382998	SAMN41098710	SRS21139207	colombia_104	Metagenome or environmental sample from metagenome	Antioquia harvest 2 fermentation box-R1	MinION sequencing: Antioquia harvest 2 fermentation box-R1	metagenome	256318	WGS	METAGENOMIC	RANDOM	SINGLE	OXFORD_NANOPORE	MinION	83281377	18814	88899294	ftp.sra.ebi.ac.uk/vol1/fastq/SRR288/062/SRR28820062/SRR28820062_1.fastq.gz	dce1cc54d243219c315ed6c0b26110cd	Colombia	not applicable		environment-box	2025-06-23	2025-06-23	whole_metagenome_shotgun	false	WGS is outside Phase I bacterial 16S amplicon scope	https://www.ebi.ac.uk/ena/browser/view/PRJNA1104253
gopaulchan_2025_defined_community	PRJNA1104253	PRJNA1104253	SRP503821	SRR28820063	SRX24382997	SAMN41098709	SRS21139206	colombia_103	Metagenome or environmental sample from plant metagenome	Antioquia harvest 2 fermentation at 96hr-R3	MinION sequencing: Antioquia harvest 2 fermentation at 96hr-R3	plant metagenome	1297885	WGS	METAGENOMIC	RANDOM	SINGLE	OXFORD_NANOPORE	MinION	92671764	21844	97618973	ftp.sra.ebi.ac.uk/vol1/fastq/SRR288/063/SRR28820063/SRR28820063_1.fastq.gz	2cea88ff397bbf22f04ee55dfbf18074	Colombia	not applicable		fermenting cacao beans	2025-06-23	2025-06-23	whole_metagenome_shotgun	false	WGS is outside Phase I bacterial 16S amplicon scope	https://www.ebi.ac.uk/ena/browser/view/PRJNA1104253
gopaulchan_2025_defined_community	PRJNA1104253	PRJNA1104253	SRP503821	SRR28820064	SRX24382996	SAMN41098708	SRS21139205	colombia_102	Metagenome or environmental sample from plant metagenome	Antioquia harvest 2 fermentation at 96hr-R2	MinION sequencing: Antioquia harvest 2 fermentation at 96hr-R2	plant metagenome	1297885	WGS	METAGENOMIC	RANDOM	SINGLE	OXFORD_NANOPORE	MinION	571106	155	598195	ftp.sra.ebi.ac.uk/vol1/fastq/SRR288/064/SRR28820064/SRR28820064_1.fastq.gz	f775b6bb8f766238433e65df1569dd27	Colombia	not applicable		fermenting cacao beans	2025-06-23	2025-06-23	whole_metagenome_shotgun	false	WGS is outside Phase I bacterial 16S amplicon scope	https://www.ebi.ac.uk/ena/browser/view/PRJNA1104253
gopaulchan_2025_defined_community	PRJNA1104253	PRJNA1104253	SRP503821	SRR28820065	SRX24382995	SAMN41098707	SRS21139204	colombia_101	Metagenome or environmental sample from plant metagenome	Antioquia harvest 2 fermentation at 96hr-R1	MinION sequencing: Antioquia harvest 2 fermentation at 96hr-R1	plant metagenome	1297885	WGS	METAGENOMIC	RANDOM	SINGLE	OXFORD_NANOPORE	MinION	199896	53	209175	ftp.sra.ebi.ac.uk/vol1/fastq/SRR288/065/SRR28820065/SRR28820065_1.fastq.gz	af1178d1bfce7eedaccb5da43f683088	Colombia	not applicable		fermenting cacao beans	2025-06-23	2025-06-23	whole_metagenome_shotgun	false	WGS is outside Phase I bacterial 16S amplicon scope	https://www.ebi.ac.uk/ena/browser/view/PRJNA1104253
gopaulchan_2025_defined_community	PRJNA1104253	PRJNA1104253	SRP503821	SRR28820066	SRX24382994	SAMN41098617	SRS21139203	colombia_011	Metagenome or environmental sample from plant metagenome	Santander harvest 1 fermentation at 72hr-R2	MinION sequencing: Santander harvest 1 fermentation at 72hr-R2	plant metagenome	1297885	WGS	METAGENOMIC	RANDOM	SINGLE	OXFORD_NANOPORE	MinION	1575120012	430158	1689080723	ftp.sra.ebi.ac.uk/vol1/fastq/SRR288/066/SRR28820066/SRR28820066_1.fastq.gz	d54722f57d6dd19aa130209876d07e2c	Colombia	not applicable		fermenting cacao beans	2025-06-23	2025-06-23	whole_metagenome_shotgun	false	WGS is outside Phase I bacterial 16S amplicon scope	https://www.ebi.ac.uk/ena/browser/view/PRJNA1104253
gopaulchan_2025_defined_community	PRJNA1104253	PRJNA1104253	SRP503821	SRR28820067	SRX24382993	SAMN41098608	SRS21139202	colombia_002	Metagenome or environmental sample from plant metagenome	Santander harvest 1 fermentation at 0hr-R2	MinION sequencing: Santander harvest 1 fermentation at 0hr-R2	plant metagenome	1297885	WGS	METAGENOMIC	RANDOM	SINGLE	OXFORD_NANOPORE	MinION	845206444	223915	889984182	ftp.sra.ebi.ac.uk/vol1/fastq/SRR288/067/SRR28820067/SRR28820067_1.fastq.gz	f2bf06e4a24a530fcbbf346d958deb44	Colombia	not applicable		fermenting cacao beans	2025-06-23	2025-06-23	whole_metagenome_shotgun	false	WGS is outside Phase I bacterial 16S amplicon scope	https://www.ebi.ac.uk/ena/browser/view/PRJNA1104253
gopaulchan_2025_defined_community	PRJNA1104253	PRJNA1104253	SRP503821	SRR28820068	SRX24382992	SAMN41098607	SRS21139201	colombia_001	Metagenome or environmental sample from plant metagenome	Santander harvest 1 fermentation at 0hr-R1	MinION sequencing: Santander harvest 1 fermentation at 0hr-R1	plant metagenome	1297885	WGS	METAGENOMIC	RANDOM	SINGLE	OXFORD_NANOPORE	MinION	889866881	248588	937073960	ftp.sra.ebi.ac.uk/vol1/fastq/SRR288/068/SRR28820068/SRR28820068_1.fastq.gz	6df84044b44cfb838a679d4704596a72	Colombia	not applicable		fermenting cacao beans	2025-06-23	2025-06-23	whole_metagenome_shotgun	false	WGS is outside Phase I bacterial 16S amplicon scope	https://www.ebi.ac.uk/ena/browser/view/PRJNA1104253
gopaulchan_2025_defined_community	PRJNA1104253	PRJNA1104253	SRP503821	SRR33746416	SRX28969839	SAMN48784804	SRS25190585	P02.bc17_ITS	Metagenome or environmental sample from food fermentation metagenome	Metagenomic sample from cocoa fermentation mass inoculated with treatment T10, collected at 48hr-rep4	Illumina MiSeq sequencing: Metagenomic sample from cocoa fermentation mass inoculated with treatment T10, collected at 48hr-rep4	food fermentation metagenome	1154581	AMPLICON	METAGENOMIC	PCR	PAIRED	ILLUMINA	Illumina MiSeq	17301871	32218	3631044;4800870	ftp.sra.ebi.ac.uk/vol1/fastq/SRR337/016/SRR33746416/SRR33746416_1.fastq.gz;ftp.sra.ebi.ac.uk/vol1/fastq/SRR337/016/SRR33746416/SRR33746416_2.fastq.gz	b2ed2a7000fbf5f850d75a43d5031019;e90ce5cd01837848aa0a1659752e1fd6		2024		fermenting cacao beans	2025-06-23	2025-06-23	non_bacterial_marker	false	ITS/fungal run is outside bacterial 16S scope	https://www.ebi.ac.uk/ena/browser/view/PRJNA1104253
gopaulchan_2025_defined_community	PRJNA1104253	PRJNA1104253	SRP503821	SRR33746417	SRX28969838	SAMN48784803	SRS25190584	P02.bc15_ITS	Metagenome or environmental sample from food fermentation metagenome	Metagenomic sample from cocoa fermentation mass inoculated with treatment T3, collected at 0hr-rep3	Illumina MiSeq sequencing: Metagenomic sample from cocoa fermentation mass inoculated with treatment T3, collected at 0hr-rep3	food fermentation metagenome	1154581	AMPLICON	METAGENOMIC	PCR	PAIRED	ILLUMINA	Illumina MiSeq	13980631	26034	2950084;3811781	ftp.sra.ebi.ac.uk/vol1/fastq/SRR337/017/SRR33746417/SRR33746417_1.fastq.gz;ftp.sra.ebi.ac.uk/vol1/fastq/SRR337/017/SRR33746417/SRR33746417_2.fastq.gz	d3302d8b79b0e0e66db076cc4ff5e4c2;48eaa5793dfb9af25e7740101237c4bf		2024		fermenting cacao beans	2025-06-23	2025-06-23	non_bacterial_marker	false	ITS/fungal run is outside bacterial 16S scope	https://www.ebi.ac.uk/ena/browser/view/PRJNA1104253
gopaulchan_2025_defined_community	PRJNA1104253	PRJNA1104253	SRP503821	SRR33746418	SRX28969837	SAMN48784802	SRS25190583	P02.bc14_ITS	Metagenome or environmental sample from food fermentation metagenome	Metagenomic sample from cocoa fermentation mass inoculated with treatment T4, collected at 24hr-rep4	Illumina MiSeq sequencing: Metagenomic sample from cocoa fermentation mass inoculated with treatment T4, collected at 24hr-rep4	food fermentation metagenome	1154581	AMPLICON	METAGENOMIC	PCR	PAIRED	ILLUMINA	Illumina MiSeq	10679628	19887	2224598;2808497	ftp.sra.ebi.ac.uk/vol1/fastq/SRR337/018/SRR33746418/SRR33746418_1.fastq.gz;ftp.sra.ebi.ac.uk/vol1/fastq/SRR337/018/SRR33746418/SRR33746418_2.fastq.gz	04f95e7ad4b54afd2053d92c8eb6dc8c;9bdbc587fc9687c049ef096a2c0261a6		2024		fermenting cacao beans	2025-06-23	2025-06-23	non_bacterial_marker	false	ITS/fungal run is outside bacterial 16S scope	https://www.ebi.ac.uk/ena/browser/view/PRJNA1104253
gopaulchan_2025_defined_community	PRJNA1104253	PRJNA1104253	SRP503821	SRR33746419	SRX28969836	SAMN48784801	SRS25190582	P02.bc13_ITS	Metagenome or environmental sample from food fermentation metagenome	Metagenomic sample from cocoa fermentation mass inoculated with treatment T2, collected at 0hr-rep3	Illumina MiSeq sequencing: Metagenomic sample from cocoa fermentation mass inoculated with treatment T2, collected at 0hr-rep3	food fermentation metagenome	1154581	AMPLICON	METAGENOMIC	PCR	PAIRED	ILLUMINA	Illumina MiSeq	24740046	46069	5261767;6902964	ftp.sra.ebi.ac.uk/vol1/fastq/SRR337/019/SRR33746419/SRR33746419_1.fastq.gz;ftp.sra.ebi.ac.uk/vol1/fastq/SRR337/019/SRR33746419/SRR33746419_2.fastq.gz	488e5bf40d64bdb4a3000e0db9ed9ccf;fe3d63d94210068520a4b213f086968b		2024		fermenting cacao beans	2025-06-23	2025-06-23	non_bacterial_marker	false	ITS/fungal run is outside bacterial 16S scope	https://www.ebi.ac.uk/ena/browser/view/PRJNA1104253
gopaulchan_2025_defined_community	PRJNA1104253	PRJNA1104253	SRP503821	SRR33746420	SRX28969835	SAMN48784800	SRS25190581	P02.bc12_ITS	Metagenome or environmental sample from food fermentation metagenome	Metagenomic sample from cocoa fermentation mass inoculated with treatment T1, collected at 0hr-rep3	Illumina MiSeq sequencing: Metagenomic sample from cocoa fermentation mass inoculated with treatment T1, collected at 0hr-rep3	food fermentation metagenome	1154581	AMPLICON	METAGENOMIC	PCR	PAIRED	ILLUMINA	Illumina MiSeq	20348723	37887	4346166;5656281	ftp.sra.ebi.ac.uk/vol1/fastq/SRR337/020/SRR33746420/SRR33746420_1.fastq.gz;ftp.sra.ebi.ac.uk/vol1/fastq/SRR337/020/SRR33746420/SRR33746420_2.fastq.gz	4ab4e33b6236acc184e1d781c76caa88;2ce6890c9e9b9c0ca7be2b4d70187e5f		2024		fermenting cacao beans	2025-06-23	2025-06-23	non_bacterial_marker	false	ITS/fungal run is outside bacterial 16S scope	https://www.ebi.ac.uk/ena/browser/view/PRJNA1104253
gopaulchan_2025_defined_community	PRJNA1104253	PRJNA1104253	SRP503821	SRR33746421	SRX28969834	SAMN48784799	SRS25190580	P02.bc08_ITS	Metagenome or environmental sample from food fermentation metagenome	Metagenomic sample from cocoa fermentation mass inoculated with treatment T5, collected at 24hr-rep3	Illumina MiSeq sequencing: Metagenomic sample from cocoa fermentation mass inoculated with treatment T5, collected at 24hr-rep3	food fermentation metagenome	1154581	AMPLICON	METAGENOMIC	PCR	PAIRED	ILLUMINA	Illumina MiSeq	13935194	25950	2917403;3808014	ftp.sra.ebi.ac.uk/vol1/fastq/SRR337/021/SRR33746421/SRR33746421_1.fastq.gz;ftp.sra.ebi.ac.uk/vol1/fastq/SRR337/021/SRR33746421/SRR33746421_2.fastq.gz	f7bcaa01170ee07da44043d49273b581;6158210e1aae73a71ea520f1724112c7		2024		fermenting cacao beans	2025-06-23	2025-06-23	non_bacterial_marker	false	ITS/fungal run is outside bacterial 16S scope	https://www.ebi.ac.uk/ena/browser/view/PRJNA1104253
gopaulchan_2025_defined_community	PRJNA1104253	PRJNA1104253	SRP503821	SRR33746422	SRX28969833	SAMN48784798	SRS25190579	P02.bc07_ITS	Metagenome or environmental sample from food fermentation metagenome	Metagenomic sample from cocoa fermentation mass inoculated with treatment T4, collected at 48hr-rep3	Illumina MiSeq sequencing: Metagenomic sample from cocoa fermentation mass inoculated with treatment T4, collected at 48hr-rep3	food fermentation metagenome	1154581	AMPLICON	METAGENOMIC	PCR	PAIRED	ILLUMINA	Illumina MiSeq	8623284	16058	1783502;2257439	ftp.sra.ebi.ac.uk/vol1/fastq/SRR337/022/SRR33746422/SRR33746422_1.fastq.gz;ftp.sra.ebi.ac.uk/vol1/fastq/SRR337/022/SRR33746422/SRR33746422_2.fastq.gz	c41aff60546ac862975aa34817a20649;467b10cef962bab54e4993c8f97e74e7		2024		fermenting cacao beans	2025-06-23	2025-06-23	non_bacterial_marker	false	ITS/fungal run is outside bacterial 16S scope	https://www.ebi.ac.uk/ena/browser/view/PRJNA1104253
gopaulchan_2025_defined_community	PRJNA1104253	PRJNA1104253	SRP503821	SRR33746423	SRX28969832	SAMN48784797	SRS25190577	P02.bc05_ITS	Metagenome or environmental sample from food fermentation metagenome	Metagenomic sample from cocoa fermentation mass inoculated with treatment T11, collected at 0hr-rep4	Illumina MiSeq sequencing: Metagenomic sample from cocoa fermentation mass inoculated with treatment T11, collected at 0hr-rep4	food fermentation metagenome	1154581	AMPLICON	METAGENOMIC	PCR	PAIRED	ILLUMINA	Illumina MiSeq	7010141	13054	1661593;2211336	ftp.sra.ebi.ac.uk/vol1/fastq/SRR337/023/SRR33746423/SRR33746423_1.fastq.gz;ftp.sra.ebi.ac.uk/vol1/fastq/SRR337/023/SRR33746423/SRR33746423_2.fastq.gz	47f265cf35da2ebb413dae89ba6c6cfa;63f33d8e018104ce5622bc5938fefa0f		2024		fermenting cacao beans	2025-06-23	2025-06-23	non_bacterial_marker	false	ITS/fungal run is outside bacterial 16S scope	https://www.ebi.ac.uk/ena/browser/view/PRJNA1104253
gopaulchan_2025_defined_community	PRJNA1104253	PRJNA1104253	SRP503821	SRR33746424	SRX28969831	SAMN48784796	SRS25190578	P02.bc04_ITS	Metagenome or environmental sample from food fermentation metagenome	Metagenomic sample from cocoa fermentation mass inoculated with treatment T7, collected at 48hr-rep3	Illumina MiSeq sequencing: Metagenomic sample from cocoa fermentation mass inoculated with treatment T7, collected at 48hr-rep3	food fermentation metagenome	1154581	AMPLICON	METAGENOMIC	PCR	PAIRED	ILLUMINA	Illumina MiSeq	13451874	25049	2824679;3730816	ftp.sra.ebi.ac.uk/vol1/fastq/SRR337/024/SRR33746424/SRR33746424_1.fastq.gz;ftp.sra.ebi.ac.uk/vol1/fastq/SRR337/024/SRR33746424/SRR33746424_2.fastq.gz	0b73ac8f1ad4da61690520b912171ec4;efd9a33042339b14dcb478e1f4b5b381		2024		fermenting cacao beans	2025-06-23	2025-06-23	non_bacterial_marker	false	ITS/fungal run is outside bacterial 16S scope	https://www.ebi.ac.uk/ena/browser/view/PRJNA1104253
gopaulchan_2025_defined_community	PRJNA1104253	PRJNA1104253	SRP503821	SRR33746425	SRX28969830	SAMN48784724	SRS25190576	P01.bc11_ITS	Metagenome or environmental sample from food fermentation metagenome	Metagenomic sample from cocoa fermentation mass inoculated with treatment T8, collected at 0hr-rep2	Illumina MiSeq sequencing: Metagenomic sample from cocoa fermentation mass inoculated with treatment T8, collected at 0hr-rep2	food fermentation metagenome	1154581	AMPLICON	METAGENOMIC	PCR	PAIRED	ILLUMINA	Illumina MiSeq	27026997	49767	5690359;7430786	ftp.sra.ebi.ac.uk/vol1/fastq/SRR337/025/SRR33746425/SRR33746425_1.fastq.gz;ftp.sra.ebi.ac.uk/vol1/fastq/SRR337/025/SRR33746425/SRR33746425_2.fastq.gz	a9928c60f9e11e847e77b3021cbc7d69;bd5890ff5efad6603f8039a22c41f8e0		2024		fermenting cacao beans	2025-06-23	2025-06-23	non_bacterial_marker	false	ITS/fungal run is outside bacterial 16S scope	https://www.ebi.ac.uk/ena/browser/view/PRJNA1104253
gopaulchan_2025_defined_community	PRJNA1104253	PRJNA1104253	SRP503821	SRR33746426	SRX28969829	SAMN48784795	SRS25190575	P02.bc03_ITS	Metagenome or environmental sample from food fermentation metagenome	Metagenomic sample from cocoa fermentation mass inoculated with treatment T1, collected at 48hr-rep4	Illumina MiSeq sequencing: Metagenomic sample from cocoa fermentation mass inoculated with treatment T1, collected at 48hr-rep4	food fermentation metagenome	1154581	AMPLICON	METAGENOMIC	PCR	PAIRED	ILLUMINA	Illumina MiSeq	13554620	25240	2846821;3764059	ftp.sra.ebi.ac.uk/vol1/fastq/SRR337/026/SRR33746426/SRR33746426_1.fastq.gz;ftp.sra.ebi.ac.uk/vol1/fastq/SRR337/026/SRR33746426/SRR33746426_2.fastq.gz	760915ad5e0e2dc0192c5e6de4925427;a1a4bba47bce22be8ca8b546e6129c71		2024		fermenting cacao beans	2025-06-23	2025-06-23	non_bacterial_marker	false	ITS/fungal run is outside bacterial 16S scope	https://www.ebi.ac.uk/ena/browser/view/PRJNA1104253
gopaulchan_2025_defined_community	PRJNA1104253	PRJNA1104253	SRP503821	SRR33746427	SRX28969828	SAMN48784794	SRS25190574	P01.bc96_ITS	Metagenome or environmental sample from food fermentation metagenome	Metagenomic sample from cocoa fermentation mass inoculated with treatment T6, collected at 48hr-rep1	Illumina MiSeq sequencing: Metagenomic sample from cocoa fermentation mass inoculated with treatment T6, collected at 48hr-rep1	food fermentation metagenome	1154581	AMPLICON	METAGENOMIC	PCR	PAIRED	ILLUMINA	Illumina MiSeq	10129078	18652	2127450;2773291	ftp.sra.ebi.ac.uk/vol1/fastq/SRR337/027/SRR33746427/SRR33746427_1.fastq.gz;ftp.sra.ebi.ac.uk/vol1/fastq/SRR337/027/SRR33746427/SRR33746427_2.fastq.gz	de97e32781677f380a2e73e66158e235;9ac6b1c71c0e6bf1c0649dd3260ee2eb		2024		fermenting cacao beans	2025-06-23	2025-06-23	non_bacterial_marker	false	ITS/fungal run is outside bacterial 16S scope	https://www.ebi.ac.uk/ena/browser/view/PRJNA1104253
gopaulchan_2025_defined_community	PRJNA1104253	PRJNA1104253	SRP503821	SRR33746428	SRX28969827	SAMN48784793	SRS25190573	P01.bc94_ITS	Metagenome or environmental sample from food fermentation metagenome	Metagenomic sample from cocoa fermentation mass inoculated with treatment T13, collected at 24hr-rep1	Illumina MiSeq sequencing: Metagenomic sample from cocoa fermentation mass inoculated with treatment T13, collected at 24hr-rep1	food fermentation metagenome	1154581	AMPLICON	METAGENOMIC	PCR	PAIRED	ILLUMINA	Illumina MiSeq	46007886	84722	8648229;11362722	ftp.sra.ebi.ac.uk/vol1/fastq/SRR337/028/SRR33746428/SRR33746428_1.fastq.gz;ftp.sra.ebi.ac.uk/vol1/fastq/SRR337/028/SRR33746428/SRR33746428_2.fastq.gz	f6a3631314a2f0d5573ec83c07e86d9a;d1d3943ae1aa7b5bcdda0a61024e9a52		2024		fermenting cacao beans	2025-06-23	2025-06-23	non_bacterial_marker	false	ITS/fungal run is outside bacterial 16S scope	https://www.ebi.ac.uk/ena/browser/view/PRJNA1104253
gopaulchan_2025_defined_community	PRJNA1104253	PRJNA1104253	SRP503821	SRR33746429	SRX28969826	SAMN48784792	SRS25190572	P01.bc93_ITS	Metagenome or environmental sample from food fermentation metagenome	Metagenomic sample from cocoa fermentation mass inoculated with treatment T8, collected at 24hr-rep2	Illumina MiSeq sequencing: Metagenomic sample from cocoa fermentation mass inoculated with treatment T8, collected at 24hr-rep2	food fermentation metagenome	1154581	AMPLICON	METAGENOMIC	PCR	PAIRED	ILLUMINA	Illumina MiSeq	8161196	15028	1724191;2297773	ftp.sra.ebi.ac.uk/vol1/fastq/SRR337/029/SRR33746429/SRR33746429_1.fastq.gz;ftp.sra.ebi.ac.uk/vol1/fastq/SRR337/029/SRR33746429/SRR33746429_2.fastq.gz	8d6ed36eb5c33ca2db010fc11daa5902;4b7a0395e693e3b7bf345ec2a8c4fa36		2024		fermenting cacao beans	2025-06-23	2025-06-23	non_bacterial_marker	false	ITS/fungal run is outside bacterial 16S scope	https://www.ebi.ac.uk/ena/browser/view/PRJNA1104253
gopaulchan_2025_defined_community	PRJNA1104253	PRJNA1104253	SRP503821	SRR33746430	SRX28969825	SAMN48784791	SRS25190571	P01.bc92_ITS	Metagenome or environmental sample from food fermentation metagenome	Metagenomic sample from cocoa fermentation mass inoculated with treatment T13, collected at 48hr-rep2	Illumina MiSeq sequencing: Metagenomic sample from cocoa fermentation mass inoculated with treatment T13, collected at 48hr-rep2	food fermentation metagenome	1154581	AMPLICON	METAGENOMIC	PCR	PAIRED	ILLUMINA	Illumina MiSeq	8018053	14764	1497217;1975456	ftp.sra.ebi.ac.uk/vol1/fastq/SRR337/030/SRR33746430/SRR33746430_1.fastq.gz;ftp.sra.ebi.ac.uk/vol1/fastq/SRR337/030/SRR33746430/SRR33746430_2.fastq.gz	6953701f41982f964fbe0402cccb0b62;7e5370d7a338149d92a79b75f732c734		2024		fermenting cacao beans	2025-06-23	2025-06-23	non_bacterial_marker	false	ITS/fungal run is outside bacterial 16S scope	https://www.ebi.ac.uk/ena/browser/view/PRJNA1104253
gopaulchan_2025_defined_community	PRJNA1104253	PRJNA1104253	SRP503821	SRR33746431	SRX28969824	SAMN48784790	SRS25190569	P01.bc91_ITS	Metagenome or environmental sample from food fermentation metagenome	Metagenomic sample from cocoa fermentation mass inoculated with treatment T5, collected at 24hr-rep2	Illumina MiSeq sequencing: Metagenomic sample from cocoa fermentation mass inoculated with treatment T5, collected at 24hr-rep2	food fermentation metagenome	1154581	AMPLICON	METAGENOMIC	PCR	PAIRED	ILLUMINA	Illumina MiSeq	2923246	5383	621090;801767	ftp.sra.ebi.ac.uk/vol1/fastq/SRR337/031/SRR33746431/SRR33746431_1.fastq.gz;ftp.sra.ebi.ac.uk/vol1/fastq/SRR337/031/SRR33746431/SRR33746431_2.fastq.gz	d3406eea42d41ac07a0aba5a26ac1dbd;9825a9d1bd54cfe17212efa2c4ecceff		2024		fermenting cacao beans	2025-06-23	2025-06-23	non_bacterial_marker	false	ITS/fungal run is outside bacterial 16S scope	https://www.ebi.ac.uk/ena/browser/view/PRJNA1104253
gopaulchan_2025_defined_community	PRJNA1104253	PRJNA1104253	SRP503821	SRR33746432	SRX28969823	SAMN48784789	SRS25190570	P01.bc90_ITS	Metagenome or environmental sample from food fermentation metagenome	Metagenomic sample from cocoa fermentation mass inoculated with treatment T13, collected at 24hr-rep2	Illumina MiSeq sequencing: Metagenomic sample from cocoa fermentation mass inoculated with treatment T13, collected at 24hr-rep2	food fermentation metagenome	1154581	AMPLICON	METAGENOMIC	PCR	PAIRED	ILLUMINA	Illumina MiSeq	703290	1295	141115;179999	ftp.sra.ebi.ac.uk/vol1/fastq/SRR337/032/SRR33746432/SRR33746432_1.fastq.gz;ftp.sra.ebi.ac.uk/vol1/fastq/SRR337/032/SRR33746432/SRR33746432_2.fastq.gz	a9f9ac5b651a2a24f34530e0a4e5141d;bf95d6f286f7170b6ed013b10f351eba		2024		fermenting cacao beans	2025-06-23	2025-06-23	non_bacterial_marker	false	ITS/fungal run is outside bacterial 16S scope	https://www.ebi.ac.uk/ena/browser/view/PRJNA1104253
gopaulchan_2025_defined_community	PRJNA1104253	PRJNA1104253	SRP503821	SRR33746433	SRX28969822	SAMN48784788	SRS25190566	P01.bc88_ITS	Metagenome or environmental sample from food fermentation metagenome	Metagenomic sample from cocoa fermentation mass inoculated with treatment T5, collected at 48hr-rep1	Illumina MiSeq sequencing: Metagenomic sample from cocoa fermentation mass inoculated with treatment T5, collected at 48hr-rep1	food fermentation metagenome	1154581	AMPLICON	METAGENOMIC	PCR	PAIRED	ILLUMINA	Illumina MiSeq	36866092	67885	8015531;10620293	ftp.sra.ebi.ac.uk/vol1/fastq/SRR337/033/SRR33746433/SRR33746433_1.fastq.gz;ftp.sra.ebi.ac.uk/vol1/fastq/SRR337/033/SRR33746433/SRR33746433_2.fastq.gz	73b81b94efd2e6499e0217a952c1f0e4;d59d969edd95c73eb7fa523f661576bb		2024		fermenting cacao beans	2025-06-23	2025-06-23	non_bacterial_marker	false	ITS/fungal run is outside bacterial 16S scope	https://www.ebi.ac.uk/ena/browser/view/PRJNA1104253
gopaulchan_2025_defined_community	PRJNA1104253	PRJNA1104253	SRP503821	SRR33746434	SRX28969821	SAMN48784787	SRS25190568	P01.bc85_ITS	Metagenome or environmental sample from food fermentation metagenome	Metagenomic sample from cocoa fermentation mass inoculated with treatment T8, collected at 48hr-rep1	Illumina MiSeq sequencing: Metagenomic sample from cocoa fermentation mass inoculated with treatment T8, collected at 48hr-rep1	food fermentation metagenome	1154581	AMPLICON	METAGENOMIC	PCR	PAIRED	ILLUMINA	Illumina MiSeq	32939366	60656	6779901;8957981	ftp.sra.ebi.ac.uk/vol1/fastq/SRR337/034/SRR33746434/SRR33746434_1.fastq.gz;ftp.sra.ebi.ac.uk/vol1/fastq/SRR337/034/SRR33746434/SRR33746434_2.fastq.gz	c3340a148c2ac2ca5c0aa7a754488920;da045660a05935cd7ec6615b7706231b		2024		fermenting cacao beans	2025-06-23	2025-06-23	non_bacterial_marker	false	ITS/fungal run is outside bacterial 16S scope	https://www.ebi.ac.uk/ena/browser/view/PRJNA1104253
gopaulchan_2025_defined_community	PRJNA1104253	PRJNA1104253	SRP503821	SRR33746435	SRX28969820	SAMN48784786	SRS25190567	P01.bc83_ITS	Metagenome or environmental sample from food fermentation metagenome	Metagenomic sample from cocoa fermentation mass inoculated with treatment T8, collected at 0hr-rep1	Illumina MiSeq sequencing: Metagenomic sample from cocoa fermentation mass inoculated with treatment T8, collected at 0hr-rep1	food fermentation metagenome	1154581	AMPLICON	METAGENOMIC	PCR	PAIRED	ILLUMINA	Illumina MiSeq	31959076	58850	6709941;9569686	ftp.sra.ebi.ac.uk/vol1/fastq/SRR337/035/SRR33746435/SRR33746435_1.fastq.gz;ftp.sra.ebi.ac.uk/vol1/fastq/SRR337/035/SRR33746435/SRR33746435_2.fastq.gz	9438ae9d3ca5ccec4b803b117b14e078;f9a4afb94af87dac90c6fb0c12629380		2024		fermenting cacao beans	2025-06-23	2025-06-23	non_bacterial_marker	false	ITS/fungal run is outside bacterial 16S scope	https://www.ebi.ac.uk/ena/browser/view/PRJNA1104253
gopaulchan_2025_defined_community	PRJNA1104253	PRJNA1104253	SRP503821	SRR33746436	SRX28969819	SAMN48784723	SRS25190564	P01.bc10_ITS	Metagenome or environmental sample from food fermentation metagenome	Metagenomic sample from cocoa fermentation mass inoculated with treatment T1, collected at 0hr-rep2	Illumina MiSeq sequencing: Metagenomic sample from cocoa fermentation mass inoculated with treatment T1, collected at 0hr-rep2	food fermentation metagenome	1154581	AMPLICON	METAGENOMIC	PCR	PAIRED	ILLUMINA	Illumina MiSeq	33386059	61478	6966953;9552223	ftp.sra.ebi.ac.uk/vol1/fastq/SRR337/036/SRR33746436/SRR33746436_1.fastq.gz;ftp.sra.ebi.ac.uk/vol1/fastq/SRR337/036/SRR33746436/SRR33746436_2.fastq.gz	0998babf1b5a9cfe8982e986753b3a33;56e92fad3716f49837f309f65002d852		2024		fermenting cacao beans	2025-06-23	2025-06-23	non_bacterial_marker	false	ITS/fungal run is outside bacterial 16S scope	https://www.ebi.ac.uk/ena/browser/view/PRJNA1104253
gopaulchan_2025_defined_community	PRJNA1104253	PRJNA1104253	SRP503821	SRR33746437	SRX28969818	SAMN48784785	SRS25190565	P01.bc82_ITS	Metagenome or environmental sample from food fermentation metagenome	Metagenomic sample from cocoa fermentation mass inoculated with treatment T7, collected at 24hr-rep2	Illumina MiSeq sequencing: Metagenomic sample from cocoa fermentation mass inoculated with treatment T7, collected at 24hr-rep2	food fermentation metagenome	1154581	AMPLICON	METAGENOMIC	PCR	PAIRED	ILLUMINA	Illumina MiSeq	16039665	29536	3321978;4408288	ftp.sra.ebi.ac.uk/vol1/fastq/SRR337/037/SRR33746437/SRR33746437_1.fastq.gz;ftp.sra.ebi.ac.uk/vol1/fastq/SRR337/037/SRR33746437/SRR33746437_2.fastq.gz	f60be199f89636879bd1c956f9e3cdee;1cae05955f6490c1f6e32da39cafd84a		2024		fermenting cacao beans	2025-06-23	2025-06-23	non_bacterial_marker	false	ITS/fungal run is outside bacterial 16S scope	https://www.ebi.ac.uk/ena/browser/view/PRJNA1104253
gopaulchan_2025_defined_community	PRJNA1104253	PRJNA1104253	SRP503821	SRR33746438	SRX28969817	SAMN48784784	SRS25190562	P01.bc81_ITS	Metagenome or environmental sample from food fermentation metagenome	Metagenomic sample from cocoa fermentation mass inoculated with treatment T4, collected at 0hr-rep1	Illumina MiSeq sequencing: Metagenomic sample from cocoa fermentation mass inoculated with treatment T4, collected at 0hr-rep1	food fermentation metagenome	1154581	AMPLICON	METAGENOMIC	PCR	PAIRED	ILLUMINA	Illumina MiSeq	24848000	45755	5194815;6745434	ftp.sra.ebi.ac.uk/vol1/fastq/SRR337/038/SRR33746438/SRR33746438_1.fastq.gz;ftp.sra.ebi.ac.uk/vol1/fastq/SRR337/038/SRR33746438/SRR33746438_2.fastq.gz	082e666f60f287b67c209e4426f934cd;d8e49b68d90c6663d8bef4131f03208e		2024		fermenting cacao beans	2025-06-23	2025-06-23	non_bacterial_marker	false	ITS/fungal run is outside bacterial 16S scope	https://www.ebi.ac.uk/ena/browser/view/PRJNA1104253
gopaulchan_2025_defined_community	PRJNA1104253	PRJNA1104253	SRP503821	SRR33746439	SRX28969816	SAMN48784783	SRS25190563	P01.bc80_ITS	Metagenome or environmental sample from food fermentation metagenome	Metagenomic sample from cocoa fermentation mass inoculated with treatment T1, collected at 24hr-rep1	Illumina MiSeq sequencing: Metagenomic sample from cocoa fermentation mass inoculated with treatment T1, collected at 24hr-rep1	food fermentation metagenome	1154581	AMPLICON	METAGENOMIC	PCR	PAIRED	ILLUMINA	Illumina MiSeq	14598679	26882	3025394;3971766	ftp.sra.ebi.ac.uk/vol1/fastq/SRR337/039/SRR33746439/SRR33746439_1.fastq.gz;ftp.sra.ebi.ac.uk/vol1/fastq/SRR337/039/SRR33746439/SRR33746439_2.fastq.gz	b412fa643889e2dc5a01aad8d6b4ee70;96509f3d76f5d57685e83ff74079ba16		2024		fermenting cacao beans	2025-06-23	2025-06-23	non_bacterial_marker	false	ITS/fungal run is outside bacterial 16S scope	https://www.ebi.ac.uk/ena/browser/view/PRJNA1104253
gopaulchan_2025_defined_community	PRJNA1104253	PRJNA1104253	SRP503821	SRR33746440	SRX28969815	SAMN48784760	SRS25190561	P01.bc52_ITS	Metagenome or environmental sample from food fermentation metagenome	Metagenomic sample from cocoa fermentation mass inoculated with treatment T3, collected at 0hr-rep2	Illumina MiSeq sequencing: Metagenomic sample from cocoa fermentation mass inoculated with treatment T3, collected at 0hr-rep2	food fermentation metagenome	1154581	AMPLICON	METAGENOMIC	PCR	PAIRED	ILLUMINA	Illumina MiSeq	26778594	49310	5586416;7318998	ftp.sra.ebi.ac.uk/vol1/fastq/SRR337/040/SRR33746440/SRR33746440_1.fastq.gz;ftp.sra.ebi.ac.uk/vol1/fastq/SRR337/040/SRR33746440/SRR33746440_2.fastq.gz	4ae546576ede4f7d316d2e5b9c1e9bec;a3c3b899d447f73b9faefca91a7ed49d		2024		fermenting cacao beans	2025-06-23	2025-06-23	non_bacterial_marker	false	ITS/fungal run is outside bacterial 16S scope	https://www.ebi.ac.uk/ena/browser/view/PRJNA1104253
gopaulchan_2025_defined_community	PRJNA1104253	PRJNA1104253	SRP503821	SRR33746441	SRX28969814	SAMN48784759	SRS25190559	P01.bc51_ITS	Metagenome or environmental sample from food fermentation metagenome	Metagenomic sample from cocoa fermentation mass inoculated with treatment T6, collected at 24hr-rep2	Illumina MiSeq sequencing: Metagenomic sample from cocoa fermentation mass inoculated with treatment T6, collected at 24hr-rep2	food fermentation metagenome	1154581	AMPLICON	METAGENOMIC	PCR	PAIRED	ILLUMINA	Illumina MiSeq	9467416	17433	1989524;2625183	ftp.sra.ebi.ac.uk/vol1/fastq/SRR337/041/SRR33746441/SRR33746441_1.fastq.gz;ftp.sra.ebi.ac.uk/vol1/fastq/SRR337/041/SRR33746441/SRR33746441_2.fastq.gz	25cdcd22ed5a08dd3ef5d8bd53e59731;e0fefa3c7ab58cafb3a33fd9aa108c76		2024		fermenting cacao beans	2025-06-23	2025-06-23	non_bacterial_marker	false	ITS/fungal run is outside bacterial 16S scope	https://www.ebi.ac.uk/ena/browser/view/PRJNA1104253
gopaulchan_2025_defined_community	PRJNA1104253	PRJNA1104253	SRP503821	SRR33746442	SRX28969813	SAMN48784758	SRS25190560	P01.bc50_ITS	Metagenome or environmental sample from food fermentation metagenome	Metagenomic sample from cocoa fermentation mass inoculated with treatment T4, collected at 0hr-rep2	Illumina MiSeq sequencing: Metagenomic sample from cocoa fermentation mass inoculated with treatment T4, collected at 0hr-rep2	food fermentation metagenome	1154581	AMPLICON	METAGENOMIC	PCR	PAIRED	ILLUMINA	Illumina MiSeq	24602158	45302	5135316;6781451	ftp.sra.ebi.ac.uk/vol1/fastq/SRR337/042/SRR33746442/SRR33746442_1.fastq.gz;ftp.sra.ebi.ac.uk/vol1/fastq/SRR337/042/SRR33746442/SRR33746442_2.fastq.gz	038ce55dbb76bd29bac2e9dfb4166d01;d894823d120fae2e086571d903327055		2024		fermenting cacao beans	2025-06-23	2025-06-23	non_bacterial_marker	false	ITS/fungal run is outside bacterial 16S scope	https://www.ebi.ac.uk/ena/browser/view/PRJNA1104253
gopaulchan_2025_defined_community	PRJNA1104253	PRJNA1104253	SRP503821	SRR33746443	SRX28969812	SAMN48784757	SRS25190558	P01.bc49_ITS	Metagenome or environmental sample from food fermentation metagenome	Metagenomic sample from cocoa fermentation mass inoculated with treatment T4, collected at 48hr-rep1	Illumina MiSeq sequencing: Metagenomic sample from cocoa fermentation mass inoculated with treatment T4, collected at 48hr-rep1	food fermentation metagenome	1154581	AMPLICON	METAGENOMIC	PCR	PAIRED	ILLUMINA	Illumina MiSeq	15029223	27675	3061990;3920448	ftp.sra.ebi.ac.uk/vol1/fastq/SRR337/043/SRR33746443/SRR33746443_1.fastq.gz;ftp.sra.ebi.ac.uk/vol1/fastq/SRR337/043/SRR33746443/SRR33746443_2.fastq.gz	1bcf613c1576b8ca00d62a175e17422d;9d4a3d777172bf0695cb33ba260686c1		2024		fermenting cacao beans	2025-06-23	2025-06-23	non_bacterial_marker	false	ITS/fungal run is outside bacterial 16S scope	https://www.ebi.ac.uk/ena/browser/view/PRJNA1104253
gopaulchan_2025_defined_community	PRJNA1104253	PRJNA1104253	SRP503821	SRR33746444	SRX28969811	SAMN48784756	SRS25190557	P01.bc48_ITS	Metagenome or environmental sample from food fermentation metagenome	Metagenomic sample from cocoa fermentation mass inoculated with treatment T10, collected at 24hr-rep2	Illumina MiSeq sequencing: Metagenomic sample from cocoa fermentation mass inoculated with treatment T10, collected at 24hr-rep2	food fermentation metagenome	1154581	AMPLICON	METAGENOMIC	PCR	PAIRED	ILLUMINA	Illumina MiSeq	11584155	21331	2433413;3195827	ftp.sra.ebi.ac.uk/vol1/fastq/SRR337/044/SRR33746444/SRR33746444_1.fastq.gz;ftp.sra.ebi.ac.uk/vol1/fastq/SRR337/044/SRR33746444/SRR33746444_2.fastq.gz	950bf29ce186edbe031c28a4ed52e923;98358e289908b01e4ea862272aef14af		2024		fermenting cacao beans	2025-06-23	2025-06-23	non_bacterial_marker	false	ITS/fungal run is outside bacterial 16S scope	https://www.ebi.ac.uk/ena/browser/view/PRJNA1104253
gopaulchan_2025_defined_community	PRJNA1104253	PRJNA1104253	SRP503821	SRR33746445	SRX28969810	SAMN48784720	SRS25190555	P01.bc06_ITS	Metagenome or environmental sample from food fermentation metagenome	Metagenomic sample from cocoa fermentation mass inoculated with treatment T10, collected at 48hr-rep1	Illumina MiSeq sequencing: Metagenomic sample from cocoa fermentation mass inoculated with treatment T10, collected at 48hr-rep1	food fermentation metagenome	1154581	AMPLICON	METAGENOMIC	PCR	PAIRED	ILLUMINA	Illumina MiSeq	17324772	31902	3669348;4843506	ftp.sra.ebi.ac.uk/vol1/fastq/SRR337/045/SRR33746445/SRR33746445_1.fastq.gz;ftp.sra.ebi.ac.uk/vol1/fastq/SRR337/045/SRR33746445/SRR33746445_2.fastq.gz	b286da7cc8dc95915d9b31c8b67f984c;f7410c91b4d2eccf09df7b75c1c5e738		2024		fermenting cacao beans	2025-06-23	2025-06-23	non_bacterial_marker	false	ITS/fungal run is outside bacterial 16S scope	https://www.ebi.ac.uk/ena/browser/view/PRJNA1104253
gopaulchan_2025_defined_community	PRJNA1104253	PRJNA1104253	SRP503821	SRR33746446	SRX28969809	SAMN48784755	SRS25190556	P01.bc47_ITS	Metagenome or environmental sample from food fermentation metagenome	Metagenomic sample from cocoa fermentation mass inoculated with treatment T2, collected at 24hr-rep1	Illumina MiSeq sequencing: Metagenomic sample from cocoa fermentation mass inoculated with treatment T2, collected at 24hr-rep1	food fermentation metagenome	1154581	AMPLICON	METAGENOMIC	PCR	PAIRED	ILLUMINA	Illumina MiSeq	16138453	29718	3334651;4417073	ftp.sra.ebi.ac.uk/vol1/fastq/SRR337/046/SRR33746446/SRR33746446_1.fastq.gz;ftp.sra.ebi.ac.uk/vol1/fastq/SRR337/046/SRR33746446/SRR33746446_2.fastq.gz	fda89c5b50170c8e2811648535030be9;78579f393282384601c9059f29e40df3		2024		fermenting cacao beans	2025-06-23	2025-06-23	non_bacterial_marker	false	ITS/fungal run is outside bacterial 16S scope	https://www.ebi.ac.uk/ena/browser/view/PRJNA1104253
gopaulchan_2025_defined_community	PRJNA1104253	PRJNA1104253	SRP503821	SRR33746447	SRX28969808	SAMN48784754	SRS25190553	P01.bc46_ITS	Metagenome or environmental sample from food fermentation metagenome	Metagenomic sample from cocoa fermentation mass inoculated with treatment T10, collected at 24hr-rep1	Illumina MiSeq sequencing: Metagenomic sample from cocoa fermentation mass inoculated with treatment T10, collected at 24hr-rep1	food fermentation metagenome	1154581	AMPLICON	METAGENOMIC	PCR	PAIRED	ILLUMINA	Illumina MiSeq	11684262	21515	2418094;3194830	ftp.sra.ebi.ac.uk/vol1/fastq/SRR337/047/SRR33746447/SRR33746447_1.fastq.gz;ftp.sra.ebi.ac.uk/vol1/fastq/SRR337/047/SRR33746447/SRR33746447_2.fastq.gz	e6b8471b465c74b47c7ad4580ba956d7;f461dcf442d99213a694c51041b6f024		2024		fermenting cacao beans	2025-06-23	2025-06-23	non_bacterial_marker	false	ITS/fungal run is outside bacterial 16S scope	https://www.ebi.ac.uk/ena/browser/view/PRJNA1104253
gopaulchan_2025_defined_community	PRJNA1104253	PRJNA1104253	SRP503821	SRR33746448	SRX28969807	SAMN48784753	SRS25190554	P01.bc43_ITS	Metagenome or environmental sample from food fermentation metagenome	Metagenomic sample from cocoa fermentation mass inoculated with treatment T12, collected at 48hr-rep1	Illumina MiSeq sequencing: Metagenomic sample from cocoa fermentation mass inoculated with treatment T12, collected at 48hr-rep1	food fermentation metagenome	1154581	AMPLICON	METAGENOMIC	PCR	PAIRED	ILLUMINA	Illumina MiSeq	15959289	29388	3865255;5203144	ftp.sra.ebi.ac.uk/vol1/fastq/SRR337/048/SRR33746448/SRR33746448_1.fastq.gz;ftp.sra.ebi.ac.uk/vol1/fastq/SRR337/048/SRR33746448/SRR33746448_2.fastq.gz	7581767983760d4765f12bdb3e0ca0b3;76eb717ca7df1b2e5e3eda079fa6c6ac		2024		fermenting cacao beans	2025-06-23	2025-06-23	non_bacterial_marker	false	ITS/fungal run is outside bacterial 16S scope	https://www.ebi.ac.uk/ena/browser/view/PRJNA1104253
gopaulchan_2025_defined_community	PRJNA1104253	PRJNA1104253	SRP503821	SRR33746449	SRX28969806	SAMN48784752	SRS25190552	P01.bc42_ITS	Metagenome or environmental sample from food fermentation metagenome	Metagenomic sample from cocoa fermentation mass inoculated with treatment T12, collected at 24hr-rep1	Illumina MiSeq sequencing: Metagenomic sample from cocoa fermentation mass inoculated with treatment T12, collected at 24hr-rep1	food fermentation metagenome	1154581	AMPLICON	METAGENOMIC	PCR	PAIRED	ILLUMINA	Illumina MiSeq	11852560	21826	2510969;3474697	ftp.sra.ebi.ac.uk/vol1/fastq/SRR337/049/SRR33746449/SRR33746449_1.fastq.gz;ftp.sra.ebi.ac.uk/vol1/fastq/SRR337/049/SRR33746449/SRR33746449_2.fastq.gz	eae776e491e7c82d56a9ade07363a015;b07aca699c4563f32b7d71ececd8bd07		2024		fermenting cacao beans	2025-06-23	2025-06-23	non_bacterial_marker	false	ITS/fungal run is outside bacterial 16S scope	https://www.ebi.ac.uk/ena/browser/view/PRJNA1104253
gopaulchan_2025_defined_community	PRJNA1104253	PRJNA1104253	SRP503821	SRR33746450	SRX28969805	SAMN48784751	SRS25190551	P01.bc41_ITS	Metagenome or environmental sample from food fermentation metagenome	Metagenomic sample from cocoa fermentation mass inoculated with treatment T9, collected at 0hr-rep2	Illumina MiSeq sequencing: Metagenomic sample from cocoa fermentation mass inoculated with treatment T9, collected at 0hr-rep2	food fermentation metagenome	1154581	AMPLICON	METAGENOMIC	PCR	PAIRED	ILLUMINA	Illumina MiSeq	18429097	33935	4385081;5744127	ftp.sra.ebi.ac.uk/vol1/fastq/SRR337/050/SRR33746450/SRR33746450_1.fastq.gz;ftp.sra.ebi.ac.uk/vol1/fastq/SRR337/050/SRR33746450/SRR33746450_2.fastq.gz	2ff6e2b5a07c552b781176f319608421;9907717c0a54c836ff7d9b292578a966		2024		fermenting cacao beans	2025-06-23	2025-06-23	non_bacterial_marker	false	ITS/fungal run is outside bacterial 16S scope	https://www.ebi.ac.uk/ena/browser/view/PRJNA1104253
gopaulchan_2025_defined_community	PRJNA1104253	PRJNA1104253	SRP503821	SRR33746451	SRX28969804	SAMN48784750	SRS25190549	P01.bc40_ITS	Metagenome or environmental sample from food fermentation metagenome	Metagenomic sample from cocoa fermentation mass inoculated with treatment T10, collected at 48hr-rep2	Illumina MiSeq sequencing: Metagenomic sample from cocoa fermentation mass inoculated with treatment T10, collected at 48hr-rep2	food fermentation metagenome	1154581	AMPLICON	METAGENOMIC	PCR	PAIRED	ILLUMINA	Illumina MiSeq	22103241	40701	4556482;5959650	ftp.sra.ebi.ac.uk/vol1/fastq/SRR337/051/SRR33746451/SRR33746451_1.fastq.gz;ftp.sra.ebi.ac.uk/vol1/fastq/SRR337/051/SRR33746451/SRR33746451_2.fastq.gz	ff839ef567bae1693d81d405a1d73a8d;f6573dcc38df378c0d6ed8728f77761b		2024		fermenting cacao beans	2025-06-23	2025-06-23	non_bacterial_marker	false	ITS/fungal run is outside bacterial 16S scope	https://www.ebi.ac.uk/ena/browser/view/PRJNA1104253
gopaulchan_2025_defined_community	PRJNA1104253	PRJNA1104253	SRP503821	SRR33746452	SRX28969803	SAMN48784749	SRS25190550	P01.bc39_ITS	Metagenome or environmental sample from food fermentation metagenome	Metagenomic sample from cocoa fermentation mass inoculated with treatment T4, collected at 24hr-rep2	Illumina MiSeq sequencing: Metagenomic sample from cocoa fermentation mass inoculated with treatment T4, collected at 24hr-rep2	food fermentation metagenome	1154581	AMPLICON	METAGENOMIC	PCR	PAIRED	ILLUMINA	Illumina MiSeq	12319321	22685	2518228;3168069	ftp.sra.ebi.ac.uk/vol1/fastq/SRR337/052/SRR33746452/SRR33746452_1.fastq.gz;ftp.sra.ebi.ac.uk/vol1/fastq/SRR337/052/SRR33746452/SRR33746452_2.fastq.gz	f99cd3f7379409214646270ccfeda9f9;7489f5b23cb9bd0da59c869b8b66950f		2024		fermenting cacao beans	2025-06-23	2025-06-23	non_bacterial_marker	false	ITS/fungal run is outside bacterial 16S scope	https://www.ebi.ac.uk/ena/browser/view/PRJNA1104253
gopaulchan_2025_defined_community	PRJNA1104253	PRJNA1104253	SRP503821	SRR33746453	SRX28969802	SAMN48784748	SRS25190548	P01.bc38_ITS	Metagenome or environmental sample from food fermentation metagenome	Metagenomic sample from cocoa fermentation mass inoculated with treatment T2, collected at 0hr-rep2	Illumina MiSeq sequencing: Metagenomic sample from cocoa fermentation mass inoculated with treatment T2, collected at 0hr-rep2	food fermentation metagenome	1154581	AMPLICON	METAGENOMIC	PCR	PAIRED	ILLUMINA	Illumina MiSeq	30604204	56354	6208077;8145106	ftp.sra.ebi.ac.uk/vol1/fastq/SRR337/053/SRR33746453/SRR33746453_1.fastq.gz;ftp.sra.ebi.ac.uk/vol1/fastq/SRR337/053/SRR33746453/SRR33746453_2.fastq.gz	e6e056f57fb5dc5ec5c12b16b2f9c52d;51d7709e8e6047c499202981374896da		2024		fermenting cacao beans	2025-06-23	2025-06-23	non_bacterial_marker	false	ITS/fungal run is outside bacterial 16S scope	https://www.ebi.ac.uk/ena/browser/view/PRJNA1104253
gopaulchan_2025_defined_community	PRJNA1104253	PRJNA1104253	SRP503821	SRR33746454	SRX28969801	SAMN48784747	SRS25190546	P01.bc37_ITS	Metagenome or environmental sample from food fermentation metagenome	Metagenomic sample from cocoa fermentation mass inoculated with treatment T2, collected at 48hr-rep2	Illumina MiSeq sequencing: Metagenomic sample from cocoa fermentation mass inoculated with treatment T2, collected at 48hr-rep2	food fermentation metagenome	1154581	AMPLICON	METAGENOMIC	PCR	PAIRED	ILLUMINA	Illumina MiSeq	22513526	41456	4732973;6369567	ftp.sra.ebi.ac.uk/vol1/fastq/SRR337/054/SRR33746454/SRR33746454_1.fastq.gz;ftp.sra.ebi.ac.uk/vol1/fastq/SRR337/054/SRR33746454/SRR33746454_2.fastq.gz	240e74a153a7a3863426bd91f674f7c5;8c12479efd98ac7d419bf31b42029b63		2024		fermenting cacao beans	2025-06-23	2025-06-23	non_bacterial_marker	false	ITS/fungal run is outside bacterial 16S scope	https://www.ebi.ac.uk/ena/browser/view/PRJNA1104253
gopaulchan_2025_defined_community	PRJNA1104253	PRJNA1104253	SRP503821	SRR33746455	SRX28969800	SAMN48784746	SRS25190544	P01.bc36_ITS	Metagenome or environmental sample from food fermentation metagenome	Metagenomic sample from cocoa fermentation mass inoculated with treatment T10, collected at 0hr-rep1	Illumina MiSeq sequencing: Metagenomic sample from cocoa fermentation mass inoculated with treatment T10, collected at 0hr-rep1	food fermentation metagenome	1154581	AMPLICON	METAGENOMIC	PCR	PAIRED	ILLUMINA	Illumina MiSeq	22700666	41801	4800181;6301586	ftp.sra.ebi.ac.uk/vol1/fastq/SRR337/055/SRR33746455/SRR33746455_1.fastq.gz;ftp.sra.ebi.ac.uk/vol1/fastq/SRR337/055/SRR33746455/SRR33746455_2.fastq.gz	096d3f9ef722a2b34b8632eee30ecae0;4335c116632cc5dbb2b352d40e5adeb0		2024		fermenting cacao beans	2025-06-23	2025-06-23	non_bacterial_marker	false	ITS/fungal run is outside bacterial 16S scope	https://www.ebi.ac.uk/ena/browser/view/PRJNA1104253
gopaulchan_2025_defined_community	PRJNA1104253	PRJNA1104253	SRP503821	SRR33746456	SRX28969799	SAMN48784719	SRS25190547	P01.bc04_ITS	Metagenome or environmental sample from food fermentation metagenome	Metagenomic sample from cocoa fermentation mass inoculated with treatment T7, collected at 24hr-rep1	Illumina MiSeq sequencing: Metagenomic sample from cocoa fermentation mass inoculated with treatment T7, collected at 24hr-rep1	food fermentation metagenome	1154581	AMPLICON	METAGENOMIC	PCR	PAIRED	ILLUMINA	Illumina MiSeq	13613564	25069	2807300;3714817	ftp.sra.ebi.ac.uk/vol1/fastq/SRR337/056/SRR33746456/SRR33746456_1.fastq.gz;ftp.sra.ebi.ac.uk/vol1/fastq/SRR337/056/SRR33746456/SRR33746456_2.fastq.gz	e255a14f2cf03b0aa8585b6a3af91b8a;e6fb6ff02a8c454dc3022f1998a24083		2024		fermenting cacao beans	2025-06-23	2025-06-23	non_bacterial_marker	false	ITS/fungal run is outside bacterial 16S scope	https://www.ebi.ac.uk/ena/browser/view/PRJNA1104253
gopaulchan_2025_defined_community	PRJNA1104253	PRJNA1104253	SRP503821	SRR33746457	SRX28969798	SAMN48784745	SRS25190543	P01.bc35_ITS	Metagenome or environmental sample from food fermentation metagenome	Metagenomic sample from cocoa fermentation mass inoculated with treatment T4, collected at 24hr-rep1	Illumina MiSeq sequencing: Metagenomic sample from cocoa fermentation mass inoculated with treatment T4, collected at 24hr-rep1	food fermentation metagenome	1154581	AMPLICON	METAGENOMIC	PCR	PAIRED	ILLUMINA	Illumina MiSeq	9319304	17161	1899686;2405034	ftp.sra.ebi.ac.uk/vol1/fastq/SRR337/057/SRR33746457/SRR33746457_1.fastq.gz;ftp.sra.ebi.ac.uk/vol1/fastq/SRR337/057/SRR33746457/SRR33746457_2.fastq.gz	662d97a43dd789a6dd1aa42a3fff88c7;63b945edfdbd0aa6af22c9dae7cea1d2		2024		fermenting cacao beans	2025-06-23	2025-06-23	non_bacterial_marker	false	ITS/fungal run is outside bacterial 16S scope	https://www.ebi.ac.uk/ena/browser/view/PRJNA1104253
gopaulchan_2025_defined_community	PRJNA1104253	PRJNA1104253	SRP503821	SRR33746458	SRX28969797	SAMN48784744	SRS25190545	P01.bc34_ITS	Metagenome or environmental sample from food fermentation metagenome	Metagenomic sample from cocoa fermentation mass inoculated with treatment T6, collected at 0hr-rep2	Illumina MiSeq sequencing: Metagenomic sample from cocoa fermentation mass inoculated with treatment T6, collected at 0hr-rep2	food fermentation metagenome	1154581	AMPLICON	METAGENOMIC	PCR	PAIRED	ILLUMINA	Illumina MiSeq	25223367	46446	5261293;6992366	ftp.sra.ebi.ac.uk/vol1/fastq/SRR337/058/SRR33746458/SRR33746458_1.fastq.gz;ftp.sra.ebi.ac.uk/vol1/fastq/SRR337/058/SRR33746458/SRR33746458_2.fastq.gz	cc9e289d510ec19d8cfc5c4569848487;ee7f47cc36b9103640595eed994f5b94		2024		fermenting cacao beans	2025-06-23	2025-06-23	non_bacterial_marker	false	ITS/fungal run is outside bacterial 16S scope	https://www.ebi.ac.uk/ena/browser/view/PRJNA1104253
gopaulchan_2025_defined_community	PRJNA1104253	PRJNA1104253	SRP503821	SRR33746459	SRX28969796	SAMN48784743	SRS25190542	P01.bc32_ITS	Metagenome or environmental sample from food fermentation metagenome	Metagenomic sample from cocoa fermentation mass inoculated with treatment T9, collected at 24hr-rep2	Illumina MiSeq sequencing: Metagenomic sample from cocoa fermentation mass inoculated with treatment T9, collected at 24hr-rep2	food fermentation metagenome	1154581	AMPLICON	METAGENOMIC	PCR	PAIRED	ILLUMINA	Illumina MiSeq	12581021	23166	2601469;3403729	ftp.sra.ebi.ac.uk/vol1/fastq/SRR337/059/SRR33746459/SRR33746459_1.fastq.gz;ftp.sra.ebi.ac.uk/vol1/fastq/SRR337/059/SRR33746459/SRR33746459_2.fastq.gz	ce98792e41fcf9783681a73c5ea33869;c40d0d018dc5b1600b4e5b0075eb8ace		2024		fermenting cacao beans	2025-06-23	2025-06-23	non_bacterial_marker	false	ITS/fungal run is outside bacterial 16S scope	https://www.ebi.ac.uk/ena/browser/view/PRJNA1104253
gopaulchan_2025_defined_community	PRJNA1104253	PRJNA1104253	SRP503821	SRR33746460	SRX28969795	SAMN48784742	SRS25190539	P01.bc31_ITS	Metagenome or environmental sample from food fermentation metagenome	Metagenomic sample from cocoa fermentation mass inoculated with treatment T6, collected at 24hr-rep1	Illumina MiSeq sequencing: Metagenomic sample from cocoa fermentation mass inoculated with treatment T6, collected at 24hr-rep1	food fermentation metagenome	1154581	AMPLICON	METAGENOMIC	PCR	PAIRED	ILLUMINA	Illumina MiSeq	14923790	27481	3148069;4146742	ftp.sra.ebi.ac.uk/vol1/fastq/SRR337/060/SRR33746460/SRR33746460_1.fastq.gz;ftp.sra.ebi.ac.uk/vol1/fastq/SRR337/060/SRR33746460/SRR33746460_2.fastq.gz	3ca3343e15392a171c51217a6539c712;cff4766ade8ce09361f5f2196605473a		2024		fermenting cacao beans	2025-06-23	2025-06-23	non_bacterial_marker	false	ITS/fungal run is outside bacterial 16S scope	https://www.ebi.ac.uk/ena/browser/view/PRJNA1104253
gopaulchan_2025_defined_community	PRJNA1104253	PRJNA1104253	SRP503821	SRR33746461	SRX28969794	SAMN48784741	SRS25190540	P01.bc29_ITS	Metagenome or environmental sample from food fermentation metagenome	Metagenomic sample from cocoa fermentation mass inoculated with treatment T6, collected at 48hr-rep2	Illumina MiSeq sequencing: Metagenomic sample from cocoa fermentation mass inoculated with treatment T6, collected at 48hr-rep2	food fermentation metagenome	1154581	AMPLICON	METAGENOMIC	PCR	PAIRED	ILLUMINA	Illumina MiSeq	16594083	30557	3493356;4626622	ftp.sra.ebi.ac.uk/vol1/fastq/SRR337/061/SRR33746461/SRR33746461_1.fastq.gz;ftp.sra.ebi.ac.uk/vol1/fastq/SRR337/061/SRR33746461/SRR33746461_2.fastq.gz	bbbcb3f4ef047a684228d5cc05dfac57;1a391b8a0ce3259267f6ce2a7e636381		2024		fermenting cacao beans	2025-06-23	2025-06-23	non_bacterial_marker	false	ITS/fungal run is outside bacterial 16S scope	https://www.ebi.ac.uk/ena/browser/view/PRJNA1104253
gopaulchan_2025_defined_community	PRJNA1104253	PRJNA1104253	SRP503821	SRR33746462	SRX28969793	SAMN48784740	SRS25190541	P01.bc28_ITS	Metagenome or environmental sample from food fermentation metagenome	Metagenomic sample from cocoa fermentation mass inoculated with treatment T7, collected at 0hr-rep1	Illumina MiSeq sequencing: Metagenomic sample from cocoa fermentation mass inoculated with treatment T7, collected at 0hr-rep1	food fermentation metagenome	1154581	AMPLICON	METAGENOMIC	PCR	PAIRED	ILLUMINA	Illumina MiSeq	20943964	38566	4439807;5900219	ftp.sra.ebi.ac.uk/vol1/fastq/SRR337/062/SRR33746462/SRR33746462_1.fastq.gz;ftp.sra.ebi.ac.uk/vol1/fastq/SRR337/062/SRR33746462/SRR33746462_2.fastq.gz	4d99becc85d76b04c18b813358cfb1a3;c83de8f3c59d03b3da1fcda07f2b4f9d		2024		fermenting cacao beans	2025-06-23	2025-06-23	non_bacterial_marker	false	ITS/fungal run is outside bacterial 16S scope	https://www.ebi.ac.uk/ena/browser/view/PRJNA1104253
gopaulchan_2025_defined_community	PRJNA1104253	PRJNA1104253	SRP503821	SRR33746463	SRX28969792	SAMN48784739	SRS25190538	P01.bc27_ITS	Metagenome or environmental sample from food fermentation metagenome	Metagenomic sample from cocoa fermentation mass inoculated with treatment T6, collected at 0hr-rep1	Illumina MiSeq sequencing: Metagenomic sample from cocoa fermentation mass inoculated with treatment T6, collected at 0hr-rep1	food fermentation metagenome	1154581	AMPLICON	METAGENOMIC	PCR	PAIRED	ILLUMINA	Illumina MiSeq	28232842	51989	6045452;7918998	ftp.sra.ebi.ac.uk/vol1/fastq/SRR337/063/SRR33746463/SRR33746463_1.fastq.gz;ftp.sra.ebi.ac.uk/vol1/fastq/SRR337/063/SRR33746463/SRR33746463_2.fastq.gz	889ee7c3e0fd08b43eee3aca41981d29;b1a4b8900a3f094c1d29cb5a2d18aeef		2024		fermenting cacao beans	2025-06-23	2025-06-23	non_bacterial_marker	false	ITS/fungal run is outside bacterial 16S scope	https://www.ebi.ac.uk/ena/browser/view/PRJNA1104253
gopaulchan_2025_defined_community	PRJNA1104253	PRJNA1104253	SRP503821	SRR33746464	SRX28969791	SAMN48784738	SRS25190537	P01.bc26_ITS	Metagenome or environmental sample from food fermentation metagenome	Metagenomic sample from cocoa fermentation mass inoculated with treatment T11, collected at 24hr-rep1	Illumina MiSeq sequencing: Metagenomic sample from cocoa fermentation mass inoculated with treatment T11, collected at 24hr-rep1	food fermentation metagenome	1154581	AMPLICON	METAGENOMIC	PCR	PAIRED	ILLUMINA	Illumina MiSeq	16733372	30813	3734049;5263028	ftp.sra.ebi.ac.uk/vol1/fastq/SRR337/064/SRR33746464/SRR33746464_1.fastq.gz;ftp.sra.ebi.ac.uk/vol1/fastq/SRR337/064/SRR33746464/SRR33746464_2.fastq.gz	043e480a7b48803287e65f84f1accdb1;1c9e2aeb0022002f79e45739573ea107		2024		fermenting cacao beans	2025-06-23	2025-06-23	non_bacterial_marker	false	ITS/fungal run is outside bacterial 16S scope	https://www.ebi.ac.uk/ena/browser/view/PRJNA1104253
gopaulchan_2025_defined_community	PRJNA1104253	PRJNA1104253	SRP503821	SRR33746465	SRX28969790	SAMN48784737	SRS25190536	P01.bc25_ITS	Metagenome or environmental sample from food fermentation metagenome	Metagenomic sample from cocoa fermentation mass inoculated with treatment T11, collected at 48hr-rep2	Illumina MiSeq sequencing: Metagenomic sample from cocoa fermentation mass inoculated with treatment T11, collected at 48hr-rep2	food fermentation metagenome	1154581	AMPLICON	METAGENOMIC	PCR	PAIRED	ILLUMINA	Illumina MiSeq	10186021	18757	2486881;3303984	ftp.sra.ebi.ac.uk/vol1/fastq/SRR337/065/SRR33746465/SRR33746465_1.fastq.gz;ftp.sra.ebi.ac.uk/vol1/fastq/SRR337/065/SRR33746465/SRR33746465_2.fastq.gz	52941deb4ae1accfe72771f1becce1c6;4fcc851100c1359bcf16f14d44a6d4b9		2024		fermenting cacao beans	2025-06-23	2025-06-23	non_bacterial_marker	false	ITS/fungal run is outside bacterial 16S scope	https://www.ebi.ac.uk/ena/browser/view/PRJNA1104253
gopaulchan_2025_defined_community	PRJNA1104253	PRJNA1104253	SRP503821	SRR33746466	SRX28969789	SAMN48784736	SRS25190535	P01.bc24_ITS	Metagenome or environmental sample from food fermentation metagenome	Metagenomic sample from cocoa fermentation mass inoculated with treatment T2, collected at 48hr-rep1	Illumina MiSeq sequencing: Metagenomic sample from cocoa fermentation mass inoculated with treatment T2, collected at 48hr-rep1	food fermentation metagenome	1154581	AMPLICON	METAGENOMIC	PCR	PAIRED	ILLUMINA	Illumina MiSeq	28657388	52770	5869407;7899276	ftp.sra.ebi.ac.uk/vol1/fastq/SRR337/066/SRR33746466/SRR33746466_1.fastq.gz;ftp.sra.ebi.ac.uk/vol1/fastq/SRR337/066/SRR33746466/SRR33746466_2.fastq.gz	41ea81d4be4eb534d9fd02c17f8f1bf5;c12780ba8d0532628d826eda78f9d455		2024		fermenting cacao beans	2025-06-23	2025-06-23	non_bacterial_marker	false	ITS/fungal run is outside bacterial 16S scope	https://www.ebi.ac.uk/ena/browser/view/PRJNA1104253
gopaulchan_2025_defined_community	PRJNA1104253	PRJNA1104253	SRP503821	SRR33746467	SRX28969788	SAMN48784718	SRS25190533	P01.bc03_ITS	Metagenome or environmental sample from food fermentation metagenome	Metagenomic sample from cocoa fermentation mass inoculated with treatment T3, collected at 24hr-rep2	Illumina MiSeq sequencing: Metagenomic sample from cocoa fermentation mass inoculated with treatment T3, collected at 24hr-rep2	food fermentation metagenome	1154581	AMPLICON	METAGENOMIC	PCR	PAIRED	ILLUMINA	Illumina MiSeq	24923032	45894	5149281;6824388	ftp.sra.ebi.ac.uk/vol1/fastq/SRR337/067/SRR33746467/SRR33746467_1.fastq.gz;ftp.sra.ebi.ac.uk/vol1/fastq/SRR337/067/SRR33746467/SRR33746467_2.fastq.gz	8d82254935beb9f5b191bd51fadb4f55;14e782708ccc221454cd4e5e120a4be5		2024		fermenting cacao beans	2025-06-23	2025-06-23	non_bacterial_marker	false	ITS/fungal run is outside bacterial 16S scope	https://www.ebi.ac.uk/ena/browser/view/PRJNA1104253
gopaulchan_2025_defined_community	PRJNA1104253	PRJNA1104253	SRP503821	SRR33746468	SRX28969787	SAMN48784735	SRS25190534	P01.bc22_ITS	Metagenome or environmental sample from food fermentation metagenome	Metagenomic sample from cocoa fermentation mass inoculated with treatment T9, collected at 0hr-rep1	Illumina MiSeq sequencing: Metagenomic sample from cocoa fermentation mass inoculated with treatment T9, collected at 0hr-rep1	food fermentation metagenome	1154581	AMPLICON	METAGENOMIC	PCR	PAIRED	ILLUMINA	Illumina MiSeq	24667627	45423	5113542;6660570	ftp.sra.ebi.ac.uk/vol1/fastq/SRR337/068/SRR33746468/SRR33746468_1.fastq.gz;ftp.sra.ebi.ac.uk/vol1/fastq/SRR337/068/SRR33746468/SRR33746468_2.fastq.gz	b6ebae728e20f0b680951221fec3b876;56bbddfa04e3cdb63017665902e6aeb0		2024		fermenting cacao beans	2025-06-23	2025-06-23	non_bacterial_marker	false	ITS/fungal run is outside bacterial 16S scope	https://www.ebi.ac.uk/ena/browser/view/PRJNA1104253
gopaulchan_2025_defined_community	PRJNA1104253	PRJNA1104253	SRP503821	SRR33746469	SRX28969786	SAMN48784734	SRS25190532	P01.bc21_ITS	Metagenome or environmental sample from food fermentation metagenome	Metagenomic sample from cocoa fermentation mass inoculated with treatment T4, collected at 48hr-rep2	Illumina MiSeq sequencing: Metagenomic sample from cocoa fermentation mass inoculated with treatment T4, collected at 48hr-rep2	food fermentation metagenome	1154581	AMPLICON	METAGENOMIC	PCR	PAIRED	ILLUMINA	Illumina MiSeq	23137334	42606	4787667;6087837	ftp.sra.ebi.ac.uk/vol1/fastq/SRR337/069/SRR33746469/SRR33746469_1.fastq.gz;ftp.sra.ebi.ac.uk/vol1/fastq/SRR337/069/SRR33746469/SRR33746469_2.fastq.gz	050fb2225f6458f7073bcc1c0f55694a;bdafcdff22aa4cf58e99276d0f3eebd8		2024		fermenting cacao beans	2025-06-23	2025-06-23	non_bacterial_marker	false	ITS/fungal run is outside bacterial 16S scope	https://www.ebi.ac.uk/ena/browser/view/PRJNA1104253
gopaulchan_2025_defined_community	PRJNA1104253	PRJNA1104253	SRP503821	SRR33746470	SRX28969785	SAMN48784733	SRS25190529	P01.bc20_ITS	Metagenome or environmental sample from food fermentation metagenome	Metagenomic sample from cocoa fermentation mass inoculated with treatment T3, collected at 48hr-rep2	Illumina MiSeq sequencing: Metagenomic sample from cocoa fermentation mass inoculated with treatment T3, collected at 48hr-rep2	food fermentation metagenome	1154581	AMPLICON	METAGENOMIC	PCR	PAIRED	ILLUMINA	Illumina MiSeq	25063478	46154	5146132;6821177	ftp.sra.ebi.ac.uk/vol1/fastq/SRR337/070/SRR33746470/SRR33746470_1.fastq.gz;ftp.sra.ebi.ac.uk/vol1/fastq/SRR337/070/SRR33746470/SRR33746470_2.fastq.gz	4a56b2f7c8ecb8e72ff68eb31ef8e8da;94f05d5e48c7d86f568644914f8a557f		2024		fermenting cacao beans	2025-06-23	2025-06-23	non_bacterial_marker	false	ITS/fungal run is outside bacterial 16S scope	https://www.ebi.ac.uk/ena/browser/view/PRJNA1104253
gopaulchan_2025_defined_community	PRJNA1104253	PRJNA1104253	SRP503821	SRR33746471	SRX28969784	SAMN48784732	SRS25190530	P01.bc19_ITS	Metagenome or environmental sample from food fermentation metagenome	Metagenomic sample from cocoa fermentation mass inoculated with treatment T1, collected at 48hr-rep2	Illumina MiSeq sequencing: Metagenomic sample from cocoa fermentation mass inoculated with treatment T1, collected at 48hr-rep2	food fermentation metagenome	1154581	AMPLICON	METAGENOMIC	PCR	PAIRED	ILLUMINA	Illumina MiSeq	19257937	35463	3989299;5317117	ftp.sra.ebi.ac.uk/vol1/fastq/SRR337/071/SRR33746471/SRR33746471_1.fastq.gz;ftp.sra.ebi.ac.uk/vol1/fastq/SRR337/071/SRR33746471/SRR33746471_2.fastq.gz	4e6a12396c6d85792b62d21780d87fc6;96e271fb8c489686b39a52dc478fd57c		2024		fermenting cacao beans	2025-06-23	2025-06-23	non_bacterial_marker	false	ITS/fungal run is outside bacterial 16S scope	https://www.ebi.ac.uk/ena/browser/view/PRJNA1104253
gopaulchan_2025_defined_community	PRJNA1104253	PRJNA1104253	SRP503821	SRR33746472	SRX28969783	SAMN48784871	SRS25190531	P03.bc21_ITS	Metagenome or environmental sample from food fermentation metagenome	Metagenomic sample from cocoa fermentation mass inoculated with treatment T6, collected at 48hr-rep4	Illumina MiSeq sequencing: Metagenomic sample from cocoa fermentation mass inoculated with treatment T6, collected at 48hr-rep4	food fermentation metagenome	1154581	AMPLICON	METAGENOMIC	PCR	PAIRED	ILLUMINA	Illumina MiSeq	33548064	62137	7027919;9109753	ftp.sra.ebi.ac.uk/vol1/fastq/SRR337/072/SRR33746472/SRR33746472_1.fastq.gz;ftp.sra.ebi.ac.uk/vol1/fastq/SRR337/072/SRR33746472/SRR33746472_2.fastq.gz	4d91d5ee388a93f770eb2f73190adea5;12ea262e29a6471b8c2a83885ea97a77		2024		fermenting cacao beans	2025-06-23	2025-06-23	non_bacterial_marker	false	ITS/fungal run is outside bacterial 16S scope	https://www.ebi.ac.uk/ena/browser/view/PRJNA1104253
gopaulchan_2025_defined_community	PRJNA1104253	PRJNA1104253	SRP503821	SRR33746473	SRX28969782	SAMN48784870	SRS25190527	P03.bc20_ITS	Metagenome or environmental sample from food fermentation metagenome	Metagenomic sample from cocoa fermentation mass inoculated with treatment T7, collected at 48hr-rep4	Illumina MiSeq sequencing: Metagenomic sample from cocoa fermentation mass inoculated with treatment T7, collected at 48hr-rep4	food fermentation metagenome	1154581	AMPLICON	METAGENOMIC	PCR	PAIRED	ILLUMINA	Illumina MiSeq	37158582	68825	7746488;10046361	ftp.sra.ebi.ac.uk/vol1/fastq/SRR337/073/SRR33746473/SRR33746473_1.fastq.gz;ftp.sra.ebi.ac.uk/vol1/fastq/SRR337/073/SRR33746473/SRR33746473_2.fastq.gz	da68c98da8c29ad9ffcbc3ec41c2da75;8af5e16a3ed9fe5a23624259b6dee668		2024		fermenting cacao beans	2025-06-23	2025-06-23	non_bacterial_marker	false	ITS/fungal run is outside bacterial 16S scope	https://www.ebi.ac.uk/ena/browser/view/PRJNA1104253
gopaulchan_2025_defined_community	PRJNA1104253	PRJNA1104253	SRP503821	SRR33746474	SRX28969781	SAMN48784869	SRS25190528	P03.bc19_ITS	Metagenome or environmental sample from food fermentation metagenome	Metagenomic sample from cocoa fermentation mass inoculated with treatment T9, collected at 24hr-rep4	Illumina MiSeq sequencing: Metagenomic sample from cocoa fermentation mass inoculated with treatment T9, collected at 24hr-rep4	food fermentation metagenome	1154581	AMPLICON	METAGENOMIC	PCR	PAIRED	ILLUMINA	Illumina MiSeq	34450147	63809	7210122;9422324	ftp.sra.ebi.ac.uk/vol1/fastq/SRR337/074/SRR33746474/SRR33746474_1.fastq.gz;ftp.sra.ebi.ac.uk/vol1/fastq/SRR337/074/SRR33746474/SRR33746474_2.fastq.gz	0eb771f75a20d25ce81fcaa93a4cf10c;35fb019f9e59739d0accbf33027392df		2024		fermenting cacao beans	2025-06-23	2025-06-23	non_bacterial_marker	false	ITS/fungal run is outside bacterial 16S scope	https://www.ebi.ac.uk/ena/browser/view/PRJNA1104253
gopaulchan_2025_defined_community	PRJNA1104253	PRJNA1104253	SRP503821	SRR33746475	SRX28969780	SAMN48784868	SRS25190525	P03.bc17_ITS	Metagenome or environmental sample from food fermentation metagenome	Metagenomic sample from cocoa fermentation mass inoculated with treatment T13, collected at 0hr-rep4	Illumina MiSeq sequencing: Metagenomic sample from cocoa fermentation mass inoculated with treatment T13, collected at 0hr-rep4	food fermentation metagenome	1154581	AMPLICON	METAGENOMIC	PCR	PAIRED	ILLUMINA	Illumina MiSeq	22968134	42540	4544895;6303580	ftp.sra.ebi.ac.uk/vol1/fastq/SRR337/075/SRR33746475/SRR33746475_1.fastq.gz;ftp.sra.ebi.ac.uk/vol1/fastq/SRR337/075/SRR33746475/SRR33746475_2.fastq.gz	aac77396dc5481f4fea566addb723ac4;0ffa6cba0c83736e20b12dc254b0621d		2024		fermenting cacao beans	2025-06-23	2025-06-23	non_bacterial_marker	false	ITS/fungal run is outside bacterial 16S scope	https://www.ebi.ac.uk/ena/browser/view/PRJNA1104253
gopaulchan_2025_defined_community	PRJNA1104253	PRJNA1104253	SRP503821	SRR33746476	SRX28969779	SAMN48784867	SRS25190526	P03.bc15_ITS	Metagenome or environmental sample from food fermentation metagenome	Metagenomic sample from cocoa fermentation mass inoculated with treatment T1, collected at 24hr-rep4	Illumina MiSeq sequencing: Metagenomic sample from cocoa fermentation mass inoculated with treatment T1, collected at 24hr-rep4	food fermentation metagenome	1154581	AMPLICON	METAGENOMIC	PCR	PAIRED	ILLUMINA	Illumina MiSeq	8537359	15813	1796852;2341765	ftp.sra.ebi.ac.uk/vol1/fastq/SRR337/076/SRR33746476/SRR33746476_1.fastq.gz;ftp.sra.ebi.ac.uk/vol1/fastq/SRR337/076/SRR33746476/SRR33746476_2.fastq.gz	89a44bd3327b34e78585ebed3a7d3d3c;02ab91690908d13f0ab364f763bdb660		2024		fermenting cacao beans	2025-06-23	2025-06-23	non_bacterial_marker	false	ITS/fungal run is outside bacterial 16S scope	https://www.ebi.ac.uk/ena/browser/view/PRJNA1104253
gopaulchan_2025_defined_community	PRJNA1104253	PRJNA1104253	SRP503821	SRR33746477	SRX28969778	SAMN48784866	SRS25190521	P03.bc13_ITS	Metagenome or environmental sample from food fermentation metagenome	Metagenomic sample from cocoa fermentation mass inoculated with treatment T5, collected at 48hr-rep3	Illumina MiSeq sequencing: Metagenomic sample from cocoa fermentation mass inoculated with treatment T5, collected at 48hr-rep3	food fermentation metagenome	1154581	AMPLICON	METAGENOMIC	PCR	PAIRED	ILLUMINA	Illumina MiSeq	27142090	50270	5749498;7549231	ftp.sra.ebi.ac.uk/vol1/fastq/SRR337/077/SRR33746477/SRR33746477_1.fastq.gz;ftp.sra.ebi.ac.uk/vol1/fastq/SRR337/077/SRR33746477/SRR33746477_2.fastq.gz	b62404944a526cea4b60c81e8d852889;c03a199782de8776e23c124ba596921a		2024		fermenting cacao beans	2025-06-23	2025-06-23	non_bacterial_marker	false	ITS/fungal run is outside bacterial 16S scope	https://www.ebi.ac.uk/ena/browser/view/PRJNA1104253
gopaulchan_2025_defined_community	PRJNA1104253	PRJNA1104253	SRP503821	SRR33746478	SRX28969777	SAMN48784731	SRS25190522	P01.bc18_ITS	Metagenome or environmental sample from food fermentation metagenome	Metagenomic sample from cocoa fermentation mass inoculated with treatment T1, collected at 48hr-rep1	Illumina MiSeq sequencing: Metagenomic sample from cocoa fermentation mass inoculated with treatment T1, collected at 48hr-rep1	food fermentation metagenome	1154581	AMPLICON	METAGENOMIC	PCR	PAIRED	ILLUMINA	Illumina MiSeq	670985	1236	152235;195972	ftp.sra.ebi.ac.uk/vol1/fastq/SRR337/078/SRR33746478/SRR33746478_1.fastq.gz;ftp.sra.ebi.ac.uk/vol1/fastq/SRR337/078/SRR33746478/SRR33746478_2.fastq.gz	bfd185c4ac84bf1141679d3212bfc665;8a8df9db484d954e41a5a3249db3649d		2024		fermenting cacao beans	2025-06-23	2025-06-23	non_bacterial_marker	false	ITS/fungal run is outside bacterial 16S scope	https://www.ebi.ac.uk/ena/browser/view/PRJNA1104253
gopaulchan_2025_defined_community	PRJNA1104253	PRJNA1104253	SRP503821	SRR33746479	SRX28969776	SAMN48784865	SRS25190523	P03.bc10_ITS	Metagenome or environmental sample from food fermentation metagenome	Metagenomic sample from cocoa fermentation mass inoculated with treatment T9, collected at 48hr-rep4	Illumina MiSeq sequencing: Metagenomic sample from cocoa fermentation mass inoculated with treatment T9, collected at 48hr-rep4	food fermentation metagenome	1154581	AMPLICON	METAGENOMIC	PCR	PAIRED	ILLUMINA	Illumina MiSeq	24338185	45079	5053688;6833137	ftp.sra.ebi.ac.uk/vol1/fastq/SRR337/079/SRR33746479/SRR33746479_1.fastq.gz;ftp.sra.ebi.ac.uk/vol1/fastq/SRR337/079/SRR33746479/SRR33746479_2.fastq.gz	f9c9a073bdc50a4f58d599e79af0b45a;ab3dc0a90b9e46a9beaaf1d2386c9917		2024		fermenting cacao beans	2025-06-23	2025-06-23	non_bacterial_marker	false	ITS/fungal run is outside bacterial 16S scope	https://www.ebi.ac.uk/ena/browser/view/PRJNA1104253
gopaulchan_2025_defined_community	PRJNA1104253	PRJNA1104253	SRP503821	SRR33746480	SRX28969775	SAMN48784864	SRS25190524	P03.bc09_ITS	Metagenome or environmental sample from food fermentation metagenome	Metagenomic sample from cocoa fermentation mass inoculated with treatment T8, collected at 48hr-rep4	Illumina MiSeq sequencing: Metagenomic sample from cocoa fermentation mass inoculated with treatment T8, collected at 48hr-rep4	food fermentation metagenome	1154581	AMPLICON	METAGENOMIC	PCR	PAIRED	ILLUMINA	Illumina MiSeq	27708854	51322	5768219;7549968	ftp.sra.ebi.ac.uk/vol1/fastq/SRR337/080/SRR33746480/SRR33746480_1.fastq.gz;ftp.sra.ebi.ac.uk/vol1/fastq/SRR337/080/SRR33746480/SRR33746480_2.fastq.gz	f259a1bd63aedce5fb0dbb8a59a7ec78;988024ca2acf5ab87d2e95e65f5766e9		2024		fermenting cacao beans	2025-06-23	2025-06-23	non_bacterial_marker	false	ITS/fungal run is outside bacterial 16S scope	https://www.ebi.ac.uk/ena/browser/view/PRJNA1104253
gopaulchan_2025_defined_community	PRJNA1104253	PRJNA1104253	SRP503821	SRR33746481	SRX28969774	SAMN48784863	SRS25190520	P03.bc07_ITS	Metagenome or environmental sample from food fermentation metagenome	Metagenomic sample from cocoa fermentation mass inoculated with treatment T4, collected at 0hr-rep4	Illumina MiSeq sequencing: Metagenomic sample from cocoa fermentation mass inoculated with treatment T4, collected at 0hr-rep4	food fermentation metagenome	1154581	AMPLICON	METAGENOMIC	PCR	PAIRED	ILLUMINA	Illumina MiSeq	19665401	36423	4212132;5451887	ftp.sra.ebi.ac.uk/vol1/fastq/SRR337/081/SRR33746481/SRR33746481_1.fastq.gz;ftp.sra.ebi.ac.uk/vol1/fastq/SRR337/081/SRR33746481/SRR33746481_2.fastq.gz	a3cb70fc6c28433282b3d7a9d611b4d1;33808be95dbfaa72174c97d8a361b1d6		2024		fermenting cacao beans	2025-06-23	2025-06-23	non_bacterial_marker	false	ITS/fungal run is outside bacterial 16S scope	https://www.ebi.ac.uk/ena/browser/view/PRJNA1104253
gopaulchan_2025_defined_community	PRJNA1104253	PRJNA1104253	SRP503821	SRR33746482	SRX28969773	SAMN48784862	SRS25190519	P03.bc05_ITS	Metagenome or environmental sample from food fermentation metagenome	Metagenomic sample from cocoa fermentation mass inoculated with treatment T10, collected at 24hr-rep4	Illumina MiSeq sequencing: Metagenomic sample from cocoa fermentation mass inoculated with treatment T10, collected at 24hr-rep4	food fermentation metagenome	1154581	AMPLICON	METAGENOMIC	PCR	PAIRED	ILLUMINA	Illumina MiSeq	12067752	22351	2526972;3315315	ftp.sra.ebi.ac.uk/vol1/fastq/SRR337/082/SRR33746482/SRR33746482_1.fastq.gz;ftp.sra.ebi.ac.uk/vol1/fastq/SRR337/082/SRR33746482/SRR33746482_2.fastq.gz	51156c67a571115618413a8df9830229;29b34f396fb9b71648fda51afd3e8f74		2024		fermenting cacao beans	2025-06-23	2025-06-23	non_bacterial_marker	false	ITS/fungal run is outside bacterial 16S scope	https://www.ebi.ac.uk/ena/browser/view/PRJNA1104253
gopaulchan_2025_defined_community	PRJNA1104253	PRJNA1104253	SRP503821	SRR33746483	SRX28969772	SAMN48784861	SRS25190518	P03.bc04_ITS	Metagenome or environmental sample from food fermentation metagenome	Metagenomic sample from cocoa fermentation mass inoculated with treatment T3, collected at 0hr-rep4	Illumina MiSeq sequencing: Metagenomic sample from cocoa fermentation mass inoculated with treatment T3, collected at 0hr-rep4	food fermentation metagenome	1154581	AMPLICON	METAGENOMIC	PCR	PAIRED	ILLUMINA	Illumina MiSeq	22075018	40885	4709104;6016187	ftp.sra.ebi.ac.uk/vol1/fastq/SRR337/083/SRR33746483/SRR33746483_1.fastq.gz;ftp.sra.ebi.ac.uk/vol1/fastq/SRR337/083/SRR33746483/SRR33746483_2.fastq.gz	794a6a7697fbe2adad31f1175d945c1b;9655bd088e38e95695c486fed0aaf163		2024		fermenting cacao beans	2025-06-23	2025-06-23	non_bacterial_marker	false	ITS/fungal run is outside bacterial 16S scope	https://www.ebi.ac.uk/ena/browser/view/PRJNA1104253
gopaulchan_2025_defined_community	PRJNA1104253	PRJNA1104253	SRP503821	SRR33746484	SRX28969771	SAMN48784860	SRS25190515	P03.bc01_ITS	Metagenome or environmental sample from food fermentation metagenome	Metagenomic sample from cocoa fermentation mass inoculated with treatment T11, collected at 24hr-rep4	Illumina MiSeq sequencing: Metagenomic sample from cocoa fermentation mass inoculated with treatment T11, collected at 24hr-rep4	food fermentation metagenome	1154581	AMPLICON	METAGENOMIC	PCR	PAIRED	ILLUMINA	Illumina MiSeq	4818046	8924	1213931;1589089	ftp.sra.ebi.ac.uk/vol1/fastq/SRR337/084/SRR33746484/SRR33746484_1.fastq.gz;ftp.sra.ebi.ac.uk/vol1/fastq/SRR337/084/SRR33746484/SRR33746484_2.fastq.gz	0d5249d10807f58f2a6fe913442390e5;fc7bf9ef29eef07f44fb66e67d05ccb5		2024		fermenting cacao beans	2025-06-23	2025-06-23	non_bacterial_marker	false	ITS/fungal run is outside bacterial 16S scope	https://www.ebi.ac.uk/ena/browser/view/PRJNA1104253
gopaulchan_2025_defined_community	PRJNA1104253	PRJNA1104253	SRP503821	SRR33746485	SRX28969770	SAMN48784859	SRS25190517	P02.bc96_ITS	Metagenome or environmental sample from food fermentation metagenome	Metagenomic sample from cocoa fermentation mass inoculated with treatment T5, collected at 0hr-rep3	Illumina MiSeq sequencing: Metagenomic sample from cocoa fermentation mass inoculated with treatment T5, collected at 0hr-rep3	food fermentation metagenome	1154581	AMPLICON	METAGENOMIC	PCR	PAIRED	ILLUMINA	Illumina MiSeq	13426581	25001	2857051;3724032	ftp.sra.ebi.ac.uk/vol1/fastq/SRR337/085/SRR33746485/SRR33746485_1.fastq.gz;ftp.sra.ebi.ac.uk/vol1/fastq/SRR337/085/SRR33746485/SRR33746485_2.fastq.gz	6ac053ba677d02dbc1d6d19821965ebd;6f8f89a1fdcb150c9128ea5dbfbc5e79		2024		fermenting cacao beans	2025-06-23	2025-06-23	non_bacterial_marker	false	ITS/fungal run is outside bacterial 16S scope	https://www.ebi.ac.uk/ena/browser/view/PRJNA1104253
gopaulchan_2025_defined_community	PRJNA1104253	PRJNA1104253	SRP503821	SRR33746486	SRX28969769	SAMN48784858	SRS25190516	P02.bc93_ITS	Metagenome or environmental sample from food fermentation metagenome	Metagenomic sample from cocoa fermentation mass inoculated with treatment T12, collected at 48hr-rep4	Illumina MiSeq sequencing: Metagenomic sample from cocoa fermentation mass inoculated with treatment T12, collected at 48hr-rep4	food fermentation metagenome	1154581	AMPLICON	METAGENOMIC	PCR	PAIRED	ILLUMINA	Illumina MiSeq	27898761	51954	5537483;7514181	ftp.sra.ebi.ac.uk/vol1/fastq/SRR337/086/SRR33746486/SRR33746486_1.fastq.gz;ftp.sra.ebi.ac.uk/vol1/fastq/SRR337/086/SRR33746486/SRR33746486_2.fastq.gz	12a0fc50cda42cdfbe47b2985df77426;1379ae6d0885f5aff8f829650492fd2a		2024		fermenting cacao beans	2025-06-23	2025-06-23	non_bacterial_marker	false	ITS/fungal run is outside bacterial 16S scope	https://www.ebi.ac.uk/ena/browser/view/PRJNA1104253
gopaulchan_2025_defined_community	PRJNA1104253	PRJNA1104253	SRP503821	SRR33746487	SRX28969768	SAMN48784857	SRS25190512	P02.bc92_ITS	Metagenome or environmental sample from food fermentation metagenome	Metagenomic sample from cocoa fermentation mass inoculated with treatment T9, collected at 24hr-rep3	Illumina MiSeq sequencing: Metagenomic sample from cocoa fermentation mass inoculated with treatment T9, collected at 24hr-rep3	food fermentation metagenome	1154581	AMPLICON	METAGENOMIC	PCR	PAIRED	ILLUMINA	Illumina MiSeq	11003075	20487	2325972;3035958	ftp.sra.ebi.ac.uk/vol1/fastq/SRR337/087/SRR33746487/SRR33746487_1.fastq.gz;ftp.sra.ebi.ac.uk/vol1/fastq/SRR337/087/SRR33746487/SRR33746487_2.fastq.gz	703e7bd97c7c523380ee5c412030f354;faa0509a4e590f07cbb1a25206781b0b		2024		fermenting cacao beans	2025-06-23	2025-06-23	non_bacterial_marker	false	ITS/fungal run is outside bacterial 16S scope	https://www.ebi.ac.uk/ena/browser/view/PRJNA1104253
gopaulchan_2025_defined_community	PRJNA1104253	PRJNA1104253	SRP503821	SRR33746488	SRX28969767	SAMN48784782	SRS25190514	P01.bc79_ITS	Metagenome or environmental sample from food fermentation metagenome	Metagenomic sample from cocoa fermentation mass inoculated with treatment T9, collected at 48hr-rep2	Illumina MiSeq sequencing: Metagenomic sample from cocoa fermentation mass inoculated with treatment T9, collected at 48hr-rep2	food fermentation metagenome	1154581	AMPLICON	METAGENOMIC	PCR	PAIRED	ILLUMINA	Illumina MiSeq	19169158	35299	3947232;5432557	ftp.sra.ebi.ac.uk/vol1/fastq/SRR337/088/SRR33746488/SRR33746488_1.fastq.gz;ftp.sra.ebi.ac.uk/vol1/fastq/SRR337/088/SRR33746488/SRR33746488_2.fastq.gz	58e9b8632f2e78f42540eabfc10f681e;414ebf135b4c903b924870088ed81070		2024		fermenting cacao beans	2025-06-23	2025-06-23	non_bacterial_marker	false	ITS/fungal run is outside bacterial 16S scope	https://www.ebi.ac.uk/ena/browser/view/PRJNA1104253
gopaulchan_2025_defined_community	PRJNA1104253	PRJNA1104253	SRP503821	SRR33746489	SRX28969766	SAMN48784781	SRS25190513	P01.bc78_ITS	Metagenome or environmental sample from food fermentation metagenome	Metagenomic sample from cocoa fermentation mass inoculated with treatment T7, collected at 0hr-rep2	Illumina MiSeq sequencing: Metagenomic sample from cocoa fermentation mass inoculated with treatment T7, collected at 0hr-rep2	food fermentation metagenome	1154581	AMPLICON	METAGENOMIC	PCR	PAIRED	ILLUMINA	Illumina MiSeq	21898357	40324	4613807;6014891	ftp.sra.ebi.ac.uk/vol1/fastq/SRR337/089/SRR33746489/SRR33746489_1.fastq.gz;ftp.sra.ebi.ac.uk/vol1/fastq/SRR337/089/SRR33746489/SRR33746489_2.fastq.gz	59f0b92a753e8405d68a53e3a46d3b5f;87357cb603310bc03d91e3dbf205f192		2024		fermenting cacao beans	2025-06-23	2025-06-23	non_bacterial_marker	false	ITS/fungal run is outside bacterial 16S scope	https://www.ebi.ac.uk/ena/browser/view/PRJNA1104253
gopaulchan_2025_defined_community	PRJNA1104253	PRJNA1104253	SRP503821	SRR33746490	SRX28969765	SAMN48784780	SRS25190511	P01.bc77_ITS	Metagenome or environmental sample from food fermentation metagenome	Metagenomic sample from cocoa fermentation mass inoculated with treatment T13, collected at 0hr-rep1	Illumina MiSeq sequencing: Metagenomic sample from cocoa fermentation mass inoculated with treatment T13, collected at 0hr-rep1	food fermentation metagenome	1154581	AMPLICON	METAGENOMIC	PCR	PAIRED	ILLUMINA	Illumina MiSeq	40113981	73867	7963572;10694615	ftp.sra.ebi.ac.uk/vol1/fastq/SRR337/090/SRR33746490/SRR33746490_1.fastq.gz;ftp.sra.ebi.ac.uk/vol1/fastq/SRR337/090/SRR33746490/SRR33746490_2.fastq.gz	ca7e83b9a662faf979222bfba6880417;c345f6c459014cf8acf85be78d4a1e83		2024		fermenting cacao beans	2025-06-23	2025-06-23	non_bacterial_marker	false	ITS/fungal run is outside bacterial 16S scope	https://www.ebi.ac.uk/ena/browser/view/PRJNA1104253
gopaulchan_2025_defined_community	PRJNA1104253	PRJNA1104253	SRP503821	SRR33746491	SRX28969764	SAMN48784779	SRS25190510	P01.bc75_ITS	Metagenome or environmental sample from food fermentation metagenome	Metagenomic sample from cocoa fermentation mass inoculated with treatment T12, collected at 48hr-rep3	Illumina MiSeq sequencing: Metagenomic sample from cocoa fermentation mass inoculated with treatment T12, collected at 48hr-rep3	food fermentation metagenome	1154581	AMPLICON	METAGENOMIC	PCR	PAIRED	ILLUMINA	Illumina MiSeq	16306075	30027	3527843;4605153	ftp.sra.ebi.ac.uk/vol1/fastq/SRR337/091/SRR33746491/SRR33746491_1.fastq.gz;ftp.sra.ebi.ac.uk/vol1/fastq/SRR337/091/SRR33746491/SRR33746491_2.fastq.gz	5cfd77f52bed291b2b7dfe4254b845ac;a66ec7b7c0376d4da93cb0f5bbe5a1f2		2024		fermenting cacao beans	2025-06-23	2025-06-23	non_bacterial_marker	false	ITS/fungal run is outside bacterial 16S scope	https://www.ebi.ac.uk/ena/browser/view/PRJNA1104253
gopaulchan_2025_defined_community	PRJNA1104253	PRJNA1104253	SRP503821	SRR33746492	SRX28969763	SAMN48784778	SRS25190509	P01.bc74_ITS	Metagenome or environmental sample from food fermentation metagenome	Metagenomic sample from cocoa fermentation mass inoculated with treatment T7, collected at 48hr-rep2	Illumina MiSeq sequencing: Metagenomic sample from cocoa fermentation mass inoculated with treatment T7, collected at 48hr-rep2	food fermentation metagenome	1154581	AMPLICON	METAGENOMIC	PCR	PAIRED	ILLUMINA	Illumina MiSeq	16894309	31109	3511384;4647190	ftp.sra.ebi.ac.uk/vol1/fastq/SRR337/092/SRR33746492/SRR33746492_1.fastq.gz;ftp.sra.ebi.ac.uk/vol1/fastq/SRR337/092/SRR33746492/SRR33746492_2.fastq.gz	1836fa27eeedf6b8db201ce6eac96fde;e75735b7873ed26ef58186f87305242f		2024		fermenting cacao beans	2025-06-23	2025-06-23	non_bacterial_marker	false	ITS/fungal run is outside bacterial 16S scope	https://www.ebi.ac.uk/ena/browser/view/PRJNA1104253
gopaulchan_2025_defined_community	PRJNA1104253	PRJNA1104253	SRP503821	SRR33746493	SRX28969762	SAMN48784777	SRS25190508	P01.bc73_ITS	Metagenome or environmental sample from food fermentation metagenome	Metagenomic sample from cocoa fermentation mass inoculated with treatment T11, collected at 24hr-rep2	Illumina MiSeq sequencing: Metagenomic sample from cocoa fermentation mass inoculated with treatment T11, collected at 24hr-rep2	food fermentation metagenome	1154581	AMPLICON	METAGENOMIC	PCR	PAIRED	ILLUMINA	Illumina MiSeq	46064427	84825	9727408;13510342	ftp.sra.ebi.ac.uk/vol1/fastq/SRR337/093/SRR33746493/SRR33746493_1.fastq.gz;ftp.sra.ebi.ac.uk/vol1/fastq/SRR337/093/SRR33746493/SRR33746493_2.fastq.gz	63bed4084265651b605d7e8acf46c881;c21b2e27ec5316d64845b7b9e67eacae		2024		fermenting cacao beans	2025-06-23	2025-06-23	non_bacterial_marker	false	ITS/fungal run is outside bacterial 16S scope	https://www.ebi.ac.uk/ena/browser/view/PRJNA1104253
gopaulchan_2025_defined_community	PRJNA1104253	PRJNA1104253	SRP503821	SRR33746494	SRX28969761	SAMN48784776	SRS25190505	P01.bc71_ITS	Metagenome or environmental sample from food fermentation metagenome	Metagenomic sample from cocoa fermentation mass inoculated with treatment T12, collected at 0hr-rep1	Illumina MiSeq sequencing: Metagenomic sample from cocoa fermentation mass inoculated with treatment T12, collected at 0hr-rep1	food fermentation metagenome	1154581	AMPLICON	METAGENOMIC	PCR	PAIRED	ILLUMINA	Illumina MiSeq	10163947	18716	2273468;3010682	ftp.sra.ebi.ac.uk/vol1/fastq/SRR337/094/SRR33746494/SRR33746494_1.fastq.gz;ftp.sra.ebi.ac.uk/vol1/fastq/SRR337/094/SRR33746494/SRR33746494_2.fastq.gz	7920ab1563f2226d4374a225f7928ae2;4a063a868f56695f96ab3f1e09ef2aa5		2024		fermenting cacao beans	2025-06-23	2025-06-23	non_bacterial_marker	false	ITS/fungal run is outside bacterial 16S scope	https://www.ebi.ac.uk/ena/browser/view/PRJNA1104253
gopaulchan_2025_defined_community	PRJNA1104253	PRJNA1104253	SRP503821	SRR33746495	SRX28969760	SAMN48784722	SRS25190507	P01.bc08_ITS	Metagenome or environmental sample from food fermentation metagenome	Metagenomic sample from cocoa fermentation mass inoculated with treatment T13, collected at 48hr-rep3	Illumina MiSeq sequencing: Metagenomic sample from cocoa fermentation mass inoculated with treatment T13, collected at 48hr-rep3	food fermentation metagenome	1154581	AMPLICON	METAGENOMIC	PCR	PAIRED	ILLUMINA	Illumina MiSeq	38917876	71663	7129763;9324426	ftp.sra.ebi.ac.uk/vol1/fastq/SRR337/095/SRR33746495/SRR33746495_1.fastq.gz;ftp.sra.ebi.ac.uk/vol1/fastq/SRR337/095/SRR33746495/SRR33746495_2.fastq.gz	e90e3b6a0c304ecc70637dad84193f02;c1c5666611988d3452ad831e661b35ae		2024		fermenting cacao beans	2025-06-23	2025-06-23	non_bacterial_marker	false	ITS/fungal run is outside bacterial 16S scope	https://www.ebi.ac.uk/ena/browser/view/PRJNA1104253
gopaulchan_2025_defined_community	PRJNA1104253	PRJNA1104253	SRP503821	SRR33746496	SRX28969759	SAMN48784775	SRS25190504	P01.bc70_ITS	Metagenome or environmental sample from food fermentation metagenome	Metagenomic sample from cocoa fermentation mass inoculated with treatment T13, collected at 0hr-rep2	Illumina MiSeq sequencing: Metagenomic sample from cocoa fermentation mass inoculated with treatment T13, collected at 0hr-rep2	food fermentation metagenome	1154581	AMPLICON	METAGENOMIC	PCR	PAIRED	ILLUMINA	Illumina MiSeq	56667965	104350	11156842;15250930	ftp.sra.ebi.ac.uk/vol1/fastq/SRR337/096/SRR33746496/SRR33746496_1.fastq.gz;ftp.sra.ebi.ac.uk/vol1/fastq/SRR337/096/SRR33746496/SRR33746496_2.fastq.gz	6a501d262a219e93b277640b6287beaf;f4b61b66191821df1998565eddcdac32		2024		fermenting cacao beans	2025-06-23	2025-06-23	non_bacterial_marker	false	ITS/fungal run is outside bacterial 16S scope	https://www.ebi.ac.uk/ena/browser/view/PRJNA1104253
gopaulchan_2025_defined_community	PRJNA1104253	PRJNA1104253	SRP503821	SRR33746497	SRX28969758	SAMN48784774	SRS25190506	P01.bc69_ITS	Metagenome or environmental sample from food fermentation metagenome	Metagenomic sample from cocoa fermentation mass inoculated with treatment T11, collected at 48hr-rep1	Illumina MiSeq sequencing: Metagenomic sample from cocoa fermentation mass inoculated with treatment T11, collected at 48hr-rep1	food fermentation metagenome	1154581	AMPLICON	METAGENOMIC	PCR	PAIRED	ILLUMINA	Illumina MiSeq	10897282	20067	2590054;3405069	ftp.sra.ebi.ac.uk/vol1/fastq/SRR337/097/SRR33746497/SRR33746497_1.fastq.gz;ftp.sra.ebi.ac.uk/vol1/fastq/SRR337/097/SRR33746497/SRR33746497_2.fastq.gz	8432e6757e08c12666c7d69b0e252d80;5971dad948d14cc8ebc6e2f00bd02e83		2024		fermenting cacao beans	2025-06-23	2025-06-23	non_bacterial_marker	false	ITS/fungal run is outside bacterial 16S scope	https://www.ebi.ac.uk/ena/browser/view/PRJNA1104253
gopaulchan_2025_defined_community	PRJNA1104253	PRJNA1104253	SRP503821	SRR33746498	SRX28969757	SAMN48784773	SRS25190503	P01.bc68_ITS	Metagenome or environmental sample from food fermentation metagenome	Metagenomic sample from cocoa fermentation mass inoculated with treatment T12, collected at 0hr-rep2	Illumina MiSeq sequencing: Metagenomic sample from cocoa fermentation mass inoculated with treatment T12, collected at 0hr-rep2	food fermentation metagenome	1154581	AMPLICON	METAGENOMIC	PCR	PAIRED	ILLUMINA	Illumina MiSeq	6971196	12837	1694814;2250538	ftp.sra.ebi.ac.uk/vol1/fastq/SRR337/098/SRR33746498/SRR33746498_1.fastq.gz;ftp.sra.ebi.ac.uk/vol1/fastq/SRR337/098/SRR33746498/SRR33746498_2.fastq.gz	6cf1ea9e9e95ef1f846e4672e9173ec6;300e84b541ae934fd3858269c2fa116f		2024		fermenting cacao beans	2025-06-23	2025-06-23	non_bacterial_marker	false	ITS/fungal run is outside bacterial 16S scope	https://www.ebi.ac.uk/ena/browser/view/PRJNA1104253
gopaulchan_2025_defined_community	PRJNA1104253	PRJNA1104253	SRP503821	SRR33746499	SRX28969756	SAMN48784772	SRS25190501	P01.bc67_ITS	Metagenome or environmental sample from food fermentation metagenome	Metagenomic sample from cocoa fermentation mass inoculated with treatment T7, collected at 48hr-rep1	Illumina MiSeq sequencing: Metagenomic sample from cocoa fermentation mass inoculated with treatment T7, collected at 48hr-rep1	food fermentation metagenome	1154581	AMPLICON	METAGENOMIC	PCR	PAIRED	ILLUMINA	Illumina MiSeq	21906753	40340	4541376;5997324	ftp.sra.ebi.ac.uk/vol1/fastq/SRR337/099/SRR33746499/SRR33746499_1.fastq.gz;ftp.sra.ebi.ac.uk/vol1/fastq/SRR337/099/SRR33746499/SRR33746499_2.fastq.gz	641295b75fa4182be1f6a9bfb150802a;d1622ca755307953a1081c9a0c2d7b72		2024		fermenting cacao beans	2025-06-23	2025-06-23	non_bacterial_marker	false	ITS/fungal run is outside bacterial 16S scope	https://www.ebi.ac.uk/ena/browser/view/PRJNA1104253
gopaulchan_2025_defined_community	PRJNA1104253	PRJNA1104253	SRP503821	SRR33746500	SRX28969755	SAMN48784771	SRS25190500	P01.bc66_ITS	Metagenome or environmental sample from food fermentation metagenome	Metagenomic sample from cocoa fermentation mass inoculated with treatment T11, collected at 0hr-rep1	Illumina MiSeq sequencing: Metagenomic sample from cocoa fermentation mass inoculated with treatment T11, collected at 0hr-rep1	food fermentation metagenome	1154581	AMPLICON	METAGENOMIC	PCR	PAIRED	ILLUMINA	Illumina MiSeq	14879703	27400	3356658;4576070	ftp.sra.ebi.ac.uk/vol1/fastq/SRR337/000/SRR33746500/SRR33746500_1.fastq.gz;ftp.sra.ebi.ac.uk/vol1/fastq/SRR337/000/SRR33746500/SRR33746500_2.fastq.gz	e48f6fb4dd6ff600d25304fb3a7ec36f;458a047282dc8bf440412a749c6eeb0d		2024		fermenting cacao beans	2025-06-23	2025-06-23	non_bacterial_marker	false	ITS/fungal run is outside bacterial 16S scope	https://www.ebi.ac.uk/ena/browser/view/PRJNA1104253
gopaulchan_2025_defined_community	PRJNA1104253	PRJNA1104253	SRP503821	SRR33746501	SRX28969754	SAMN48784770	SRS25190499	P01.bc65_ITS	Metagenome or environmental sample from food fermentation metagenome	Metagenomic sample from cocoa fermentation mass inoculated with treatment T2, collected at 0hr-rep1	Illumina MiSeq sequencing: Metagenomic sample from cocoa fermentation mass inoculated with treatment T2, collected at 0hr-rep1	food fermentation metagenome	1154581	AMPLICON	METAGENOMIC	PCR	PAIRED	ILLUMINA	Illumina MiSeq	25346201	46673	5282129;6902974	ftp.sra.ebi.ac.uk/vol1/fastq/SRR337/001/SRR33746501/SRR33746501_1.fastq.gz;ftp.sra.ebi.ac.uk/vol1/fastq/SRR337/001/SRR33746501/SRR33746501_2.fastq.gz	9bc4772e6a22dd4cf149a78b77c9cbfa;31da29ad6a591ff06a9fbd9e2dccf698		2024		fermenting cacao beans	2025-06-23	2025-06-23	non_bacterial_marker	false	ITS/fungal run is outside bacterial 16S scope	https://www.ebi.ac.uk/ena/browser/view/PRJNA1104253
gopaulchan_2025_defined_community	PRJNA1104253	PRJNA1104253	SRP503821	SRR33746502	SRX28969753	SAMN48784769	SRS25190502	P01.bc63_ITS	Metagenome or environmental sample from food fermentation metagenome	Metagenomic sample from cocoa fermentation mass inoculated with treatment T1, collected at 24hr-rep2	Illumina MiSeq sequencing: Metagenomic sample from cocoa fermentation mass inoculated with treatment T1, collected at 24hr-rep2	food fermentation metagenome	1154581	AMPLICON	METAGENOMIC	PCR	PAIRED	ILLUMINA	Illumina MiSeq	18159223	33438	3761694;4962195	ftp.sra.ebi.ac.uk/vol1/fastq/SRR337/002/SRR33746502/SRR33746502_1.fastq.gz;ftp.sra.ebi.ac.uk/vol1/fastq/SRR337/002/SRR33746502/SRR33746502_2.fastq.gz	090d720f237b7a23cd0bb644b553ff46;b0bd7b89c7cefce7d835b7f9978555f7		2024		fermenting cacao beans	2025-06-23	2025-06-23	non_bacterial_marker	false	ITS/fungal run is outside bacterial 16S scope	https://www.ebi.ac.uk/ena/browser/view/PRJNA1104253
gopaulchan_2025_defined_community	PRJNA1104253	PRJNA1104253	SRP503821	SRR33746503	SRX28969752	SAMN48784768	SRS25190496	P01.bc62_ITS	Metagenome or environmental sample from food fermentation metagenome	Metagenomic sample from cocoa fermentation mass inoculated with treatment T3, collected at 48hr-rep1	Illumina MiSeq sequencing: Metagenomic sample from cocoa fermentation mass inoculated with treatment T3, collected at 48hr-rep1	food fermentation metagenome	1154581	AMPLICON	METAGENOMIC	PCR	PAIRED	ILLUMINA	Illumina MiSeq	18789897	34600	3894743;5139295	ftp.sra.ebi.ac.uk/vol1/fastq/SRR337/003/SRR33746503/SRR33746503_1.fastq.gz;ftp.sra.ebi.ac.uk/vol1/fastq/SRR337/003/SRR33746503/SRR33746503_2.fastq.gz	f49f143fba3046d8d0875a88e2e6c3dd;c8c144d3f937b5c2c3a2ae72b25be863		2024		fermenting cacao beans	2025-06-23	2025-06-23	non_bacterial_marker	false	ITS/fungal run is outside bacterial 16S scope	https://www.ebi.ac.uk/ena/browser/view/PRJNA1104253
gopaulchan_2025_defined_community	PRJNA1104253	PRJNA1104253	SRP503821	SRR33746504	SRX28969751	SAMN48784767	SRS25190495	P01.bc61_ITS	Metagenome or environmental sample from food fermentation metagenome	Metagenomic sample from cocoa fermentation mass inoculated with treatment T9, collected at 48hr-rep1	Illumina MiSeq sequencing: Metagenomic sample from cocoa fermentation mass inoculated with treatment T9, collected at 48hr-rep1	food fermentation metagenome	1154581	AMPLICON	METAGENOMIC	PCR	PAIRED	ILLUMINA	Illumina MiSeq	11247789	20712	2399521;3146066	ftp.sra.ebi.ac.uk/vol1/fastq/SRR337/004/SRR33746504/SRR33746504_1.fastq.gz;ftp.sra.ebi.ac.uk/vol1/fastq/SRR337/004/SRR33746504/SRR33746504_2.fastq.gz	2db9a1235f8c9a03c619b61da0a8529d;c4b49659907d8121d072ce11dba477ba		2024		fermenting cacao beans	2025-06-23	2025-06-23	non_bacterial_marker	false	ITS/fungal run is outside bacterial 16S scope	https://www.ebi.ac.uk/ena/browser/view/PRJNA1104253
gopaulchan_2025_defined_community	PRJNA1104253	PRJNA1104253	SRP503821	SRR33746505	SRX28969750	SAMN48784766	SRS25190497	P01.bc60_ITS	Metagenome or environmental sample from food fermentation metagenome	Metagenomic sample from cocoa fermentation mass inoculated with treatment T2, collected at 24hr-rep2	Illumina MiSeq sequencing: Metagenomic sample from cocoa fermentation mass inoculated with treatment T2, collected at 24hr-rep2	food fermentation metagenome	1154581	AMPLICON	METAGENOMIC	PCR	PAIRED	ILLUMINA	Illumina MiSeq	28498773	52479	5823635;7869160	ftp.sra.ebi.ac.uk/vol1/fastq/SRR337/005/SRR33746505/SRR33746505_1.fastq.gz;ftp.sra.ebi.ac.uk/vol1/fastq/SRR337/005/SRR33746505/SRR33746505_2.fastq.gz	efa831507ec676eb4c268fef8aa14df1;6bb96488d640cb2096fe38d48776d40e		2024		fermenting cacao beans	2025-06-23	2025-06-23	non_bacterial_marker	false	ITS/fungal run is outside bacterial 16S scope	https://www.ebi.ac.uk/ena/browser/view/PRJNA1104253
gopaulchan_2025_defined_community	PRJNA1104253	PRJNA1104253	SRP503821	SRR33746506	SRX28969749	SAMN48784721	SRS25190498	P01.bc07_ITS	Metagenome or environmental sample from food fermentation metagenome	Metagenomic sample from cocoa fermentation mass inoculated with treatment T11, collected at 0hr-rep2	Illumina MiSeq sequencing: Metagenomic sample from cocoa fermentation mass inoculated with treatment T11, collected at 0hr-rep2	food fermentation metagenome	1154581	AMPLICON	METAGENOMIC	PCR	PAIRED	ILLUMINA	Illumina MiSeq	13461516	24789	2971857;4019449	ftp.sra.ebi.ac.uk/vol1/fastq/SRR337/006/SRR33746506/SRR33746506_1.fastq.gz;ftp.sra.ebi.ac.uk/vol1/fastq/SRR337/006/SRR33746506/SRR33746506_2.fastq.gz	f2cd727aaa7cd7b0dd65f827d0aabafb;22aafab32090a7ed260c5a5ae789c35b		2024		fermenting cacao beans	2025-06-23	2025-06-23	non_bacterial_marker	false	ITS/fungal run is outside bacterial 16S scope	https://www.ebi.ac.uk/ena/browser/view/PRJNA1104253
gopaulchan_2025_defined_community	PRJNA1104253	PRJNA1104253	SRP503821	SRR33746507	SRX28969748	SAMN48784765	SRS25190494	P01.bc58_ITS	Metagenome or environmental sample from food fermentation metagenome	Metagenomic sample from cocoa fermentation mass inoculated with treatment T13, collected at 48hr-rep1	Illumina MiSeq sequencing: Metagenomic sample from cocoa fermentation mass inoculated with treatment T13, collected at 48hr-rep1	food fermentation metagenome	1154581	AMPLICON	METAGENOMIC	PCR	PAIRED	ILLUMINA	Illumina MiSeq	29938629	55130	5519322;7764482	ftp.sra.ebi.ac.uk/vol1/fastq/SRR337/007/SRR33746507/SRR33746507_1.fastq.gz;ftp.sra.ebi.ac.uk/vol1/fastq/SRR337/007/SRR33746507/SRR33746507_2.fastq.gz	656c72d8c4cfb47054758332b1df764c;ab7bf816d3f67db32c6e0792df7e2104		2024		fermenting cacao beans	2025-06-23	2025-06-23	non_bacterial_marker	false	ITS/fungal run is outside bacterial 16S scope	https://www.ebi.ac.uk/ena/browser/view/PRJNA1104253
gopaulchan_2025_defined_community	PRJNA1104253	PRJNA1104253	SRP503821	SRR33746508	SRX28969747	SAMN48784764	SRS25190492	P01.bc57_ITS	Metagenome or environmental sample from food fermentation metagenome	Metagenomic sample from cocoa fermentation mass inoculated with treatment T9, collected at 24hr-rep1	Illumina MiSeq sequencing: Metagenomic sample from cocoa fermentation mass inoculated with treatment T9, collected at 24hr-rep1	food fermentation metagenome	1154581	AMPLICON	METAGENOMIC	PCR	PAIRED	ILLUMINA	Illumina MiSeq	10926027	20119	2243808;2941774	ftp.sra.ebi.ac.uk/vol1/fastq/SRR337/008/SRR33746508/SRR33746508_1.fastq.gz;ftp.sra.ebi.ac.uk/vol1/fastq/SRR337/008/SRR33746508/SRR33746508_2.fastq.gz	2e84982747a71e253b0b1cb708a8d862;3c9e3965f816dcdeb68d3f2502e6462c		2024		fermenting cacao beans	2025-06-23	2025-06-23	non_bacterial_marker	false	ITS/fungal run is outside bacterial 16S scope	https://www.ebi.ac.uk/ena/browser/view/PRJNA1104253
gopaulchan_2025_defined_community	PRJNA1104253	PRJNA1104253	SRP503821	SRR33746509	SRX28969746	SAMN48784763	SRS25190493	P01.bc56_ITS	Metagenome or environmental sample from food fermentation metagenome	Metagenomic sample from cocoa fermentation mass inoculated with treatment T5, collected at 24hr-rep1	Illumina MiSeq sequencing: Metagenomic sample from cocoa fermentation mass inoculated with treatment T5, collected at 24hr-rep1	food fermentation metagenome	1154581	AMPLICON	METAGENOMIC	PCR	PAIRED	ILLUMINA	Illumina MiSeq	20935712	38550	4324372;5722280	ftp.sra.ebi.ac.uk/vol1/fastq/SRR337/009/SRR33746509/SRR33746509_1.fastq.gz;ftp.sra.ebi.ac.uk/vol1/fastq/SRR337/009/SRR33746509/SRR33746509_2.fastq.gz	da4ce7b51565a5d0819a4f96fa450ef6;ae750c7a33f99aaedef0c725187faf9c		2024		fermenting cacao beans	2025-06-23	2025-06-23	non_bacterial_marker	false	ITS/fungal run is outside bacterial 16S scope	https://www.ebi.ac.uk/ena/browser/view/PRJNA1104253
gopaulchan_2025_defined_community	PRJNA1104253	PRJNA1104253	SRP503821	SRR33746510	SRX28969745	SAMN48784762	SRS25190491	P01.bc55_ITS	Metagenome or environmental sample from food fermentation metagenome	Metagenomic sample from cocoa fermentation mass inoculated with treatment T10, collected at 0hr-rep2	Illumina MiSeq sequencing: Metagenomic sample from cocoa fermentation mass inoculated with treatment T10, collected at 0hr-rep2	food fermentation metagenome	1154581	AMPLICON	METAGENOMIC	PCR	PAIRED	ILLUMINA	Illumina MiSeq	23758189	43748	5012864;6647694	ftp.sra.ebi.ac.uk/vol1/fastq/SRR337/010/SRR33746510/SRR33746510_1.fastq.gz;ftp.sra.ebi.ac.uk/vol1/fastq/SRR337/010/SRR33746510/SRR33746510_2.fastq.gz	26848f10fe9880e098f1cec525f3a810;d56d8bcf2ef7a46c9cb0824abeafdd56		2024		fermenting cacao beans	2025-06-23	2025-06-23	non_bacterial_marker	false	ITS/fungal run is outside bacterial 16S scope	https://www.ebi.ac.uk/ena/browser/view/PRJNA1104253
gopaulchan_2025_defined_community	PRJNA1104253	PRJNA1104253	SRP503821	SRR33746511	SRX28969744	SAMN48784761	SRS25190490	P01.bc53_ITS	Metagenome or environmental sample from food fermentation metagenome	Metagenomic sample from cocoa fermentation mass inoculated with treatment T3, collected at 24hr-rep1	Illumina MiSeq sequencing: Metagenomic sample from cocoa fermentation mass inoculated with treatment T3, collected at 24hr-rep1	food fermentation metagenome	1154581	AMPLICON	METAGENOMIC	PCR	PAIRED	ILLUMINA	Illumina MiSeq	15266995	28114	3214253;4286395	ftp.sra.ebi.ac.uk/vol1/fastq/SRR337/011/SRR33746511/SRR33746511_1.fastq.gz;ftp.sra.ebi.ac.uk/vol1/fastq/SRR337/011/SRR33746511/SRR33746511_2.fastq.gz	f234e7cb4dc316d3ed13f8d843a2d01b;c12e0cc77ffb921ff48d1eb0a3de20ba		2024		fermenting cacao beans	2025-06-23	2025-06-23	non_bacterial_marker	false	ITS/fungal run is outside bacterial 16S scope	https://www.ebi.ac.uk/ena/browser/view/PRJNA1104253
gopaulchan_2025_defined_community	PRJNA1104253	PRJNA1104253	SRP503821	SRR33746512	SRX28969743	SAMN48784856	SRS25190488	P02.bc91_ITS	Metagenome or environmental sample from food fermentation metagenome	Metagenomic sample from cocoa fermentation mass inoculated with treatment T13, collected at 48hr-rep4	Illumina MiSeq sequencing: Metagenomic sample from cocoa fermentation mass inoculated with treatment T13, collected at 48hr-rep4	food fermentation metagenome	1154581	AMPLICON	METAGENOMIC	PCR	PAIRED	ILLUMINA	Illumina MiSeq	30492320	56781	5707513;7553065	ftp.sra.ebi.ac.uk/vol1/fastq/SRR337/012/SRR33746512/SRR33746512_1.fastq.gz;ftp.sra.ebi.ac.uk/vol1/fastq/SRR337/012/SRR33746512/SRR33746512_2.fastq.gz	43e4ca5beef37f431847c28866e751fa;b49f86afac524b5a4c19b2d7ef8893fe		2024		fermenting cacao beans	2025-06-23	2025-06-23	non_bacterial_marker	false	ITS/fungal run is outside bacterial 16S scope	https://www.ebi.ac.uk/ena/browser/view/PRJNA1104253
gopaulchan_2025_defined_community	PRJNA1104253	PRJNA1104253	SRP503821	SRR33746513	SRX28969742	SAMN48784730	SRS25190487	P01.bc17_ITS	Metagenome or environmental sample from food fermentation metagenome	Metagenomic sample from cocoa fermentation mass inoculated with treatment T3, collected at 0hr-rep1	Illumina MiSeq sequencing: Metagenomic sample from cocoa fermentation mass inoculated with treatment T3, collected at 0hr-rep1	food fermentation metagenome	1154581	AMPLICON	METAGENOMIC	PCR	PAIRED	ILLUMINA	Illumina MiSeq	30687843	56508	6466653;8467949	ftp.sra.ebi.ac.uk/vol1/fastq/SRR337/013/SRR33746513/SRR33746513_1.fastq.gz;ftp.sra.ebi.ac.uk/vol1/fastq/SRR337/013/SRR33746513/SRR33746513_2.fastq.gz	9363c62fcd054c3190332672fdbf7787;9856993ca018df98a48311f66c6690a6		2024		fermenting cacao beans	2025-06-23	2025-06-23	non_bacterial_marker	false	ITS/fungal run is outside bacterial 16S scope	https://www.ebi.ac.uk/ena/browser/view/PRJNA1104253
gopaulchan_2025_defined_community	PRJNA1104253	PRJNA1104253	SRP503821	SRR33746514	SRX28969741	SAMN48784855	SRS25190489	P02.bc90_ITS	Metagenome or environmental sample from food fermentation metagenome	Metagenomic sample from cocoa fermentation mass inoculated with treatment T10, collected at 48hr-rep3	Illumina MiSeq sequencing: Metagenomic sample from cocoa fermentation mass inoculated with treatment T10, collected at 48hr-rep3	food fermentation metagenome	1154581	AMPLICON	METAGENOMIC	PCR	PAIRED	ILLUMINA	Illumina MiSeq	16263857	30284	3433479;4435644	ftp.sra.ebi.ac.uk/vol1/fastq/SRR337/014/SRR33746514/SRR33746514_1.fastq.gz;ftp.sra.ebi.ac.uk/vol1/fastq/SRR337/014/SRR33746514/SRR33746514_2.fastq.gz	1999637dc7f58a45888cd256f2259ae5;8c72ced647a9c1670cf2636119678abe		2024		fermenting cacao beans	2025-06-23	2025-06-23	non_bacterial_marker	false	ITS/fungal run is outside bacterial 16S scope	https://www.ebi.ac.uk/ena/browser/view/PRJNA1104253
gopaulchan_2025_defined_community	PRJNA1104253	PRJNA1104253	SRP503821	SRR33746515	SRX28969740	SAMN48784854	SRS25190486	P02.bc89_ITS	Metagenome or environmental sample from food fermentation metagenome	Metagenomic sample from cocoa fermentation mass inoculated with treatment T1, collected at 0hr-rep4	Illumina MiSeq sequencing: Metagenomic sample from cocoa fermentation mass inoculated with treatment T1, collected at 0hr-rep4	food fermentation metagenome	1154581	AMPLICON	METAGENOMIC	PCR	PAIRED	ILLUMINA	Illumina MiSeq	16113296	30006	3378620;4407520	ftp.sra.ebi.ac.uk/vol1/fastq/SRR337/015/SRR33746515/SRR33746515_1.fastq.gz;ftp.sra.ebi.ac.uk/vol1/fastq/SRR337/015/SRR33746515/SRR33746515_2.fastq.gz	0e02938a081f0fc4aab8ed896c664b49;cca07929e47e5ce42d2bcad8ddc755a9		2024		fermenting cacao beans	2025-06-23	2025-06-23	non_bacterial_marker	false	ITS/fungal run is outside bacterial 16S scope	https://www.ebi.ac.uk/ena/browser/view/PRJNA1104253
gopaulchan_2025_defined_community	PRJNA1104253	PRJNA1104253	SRP503821	SRR33746516	SRX28969739	SAMN48784853	SRS25190484	P02.bc88_ITS	Metagenome or environmental sample from food fermentation metagenome	Metagenomic sample from cocoa fermentation mass inoculated with treatment T5, collected at 0hr-rep4	Illumina MiSeq sequencing: Metagenomic sample from cocoa fermentation mass inoculated with treatment T5, collected at 0hr-rep4	food fermentation metagenome	1154581	AMPLICON	METAGENOMIC	PCR	PAIRED	ILLUMINA	Illumina MiSeq	15499032	28863	3294000;4310159	ftp.sra.ebi.ac.uk/vol1/fastq/SRR337/016/SRR33746516/SRR33746516_1.fastq.gz;ftp.sra.ebi.ac.uk/vol1/fastq/SRR337/016/SRR33746516/SRR33746516_2.fastq.gz	fe4f75a74789b2251b1894841434eda8;d68504af823e2fe5729a066d7e7e9f71		2024		fermenting cacao beans	2025-06-23	2025-06-23	non_bacterial_marker	false	ITS/fungal run is outside bacterial 16S scope	https://www.ebi.ac.uk/ena/browser/view/PRJNA1104253
gopaulchan_2025_defined_community	PRJNA1104253	PRJNA1104253	SRP503821	SRR33746517	SRX28969738	SAMN48784852	SRS25190482	P02.bc87_ITS	Metagenome or environmental sample from food fermentation metagenome	Metagenomic sample from cocoa fermentation mass inoculated with treatment T4, collected at 0hr-rep3	Illumina MiSeq sequencing: Metagenomic sample from cocoa fermentation mass inoculated with treatment T4, collected at 0hr-rep3	food fermentation metagenome	1154581	AMPLICON	METAGENOMIC	PCR	PAIRED	ILLUMINA	Illumina MiSeq	28789739	53613	5825622;7765259	ftp.sra.ebi.ac.uk/vol1/fastq/SRR337/017/SRR33746517/SRR33746517_1.fastq.gz;ftp.sra.ebi.ac.uk/vol1/fastq/SRR337/017/SRR33746517/SRR33746517_2.fastq.gz	85675214424e8442a2bdaa8488520fe0;522a33f303b9447b6adf7c6a39ed696a		2024		fermenting cacao beans	2025-06-23	2025-06-23	non_bacterial_marker	false	ITS/fungal run is outside bacterial 16S scope	https://www.ebi.ac.uk/ena/browser/view/PRJNA1104253
gopaulchan_2025_defined_community	PRJNA1104253	PRJNA1104253	SRP503821	SRR33746518	SRX28969737	SAMN48784851	SRS25190483	P02.bc84_ITS	Metagenome or environmental sample from food fermentation metagenome	Metagenomic sample from cocoa fermentation mass inoculated with treatment T11, collected at 48hr-rep4	Illumina MiSeq sequencing: Metagenomic sample from cocoa fermentation mass inoculated with treatment T11, collected at 48hr-rep4	food fermentation metagenome	1154581	AMPLICON	METAGENOMIC	PCR	PAIRED	ILLUMINA	Illumina MiSeq	41058388	76457	8113154;10813506	ftp.sra.ebi.ac.uk/vol1/fastq/SRR337/018/SRR33746518/SRR33746518_1.fastq.gz;ftp.sra.ebi.ac.uk/vol1/fastq/SRR337/018/SRR33746518/SRR33746518_2.fastq.gz	01a0c0258ae23a1559d0257621a2d94a;68f7f623c32546942c236d68db13e3a7		2024		fermenting cacao beans	2025-06-23	2025-06-23	non_bacterial_marker	false	ITS/fungal run is outside bacterial 16S scope	https://www.ebi.ac.uk/ena/browser/view/PRJNA1104253
gopaulchan_2025_defined_community	PRJNA1104253	PRJNA1104253	SRP503821	SRR33746519	SRX28969736	SAMN48784850	SRS25190485	P02.bc83_ITS	Metagenome or environmental sample from food fermentation metagenome	Metagenomic sample from cocoa fermentation mass inoculated with treatment T4, collected at 24hr-rep3	Illumina MiSeq sequencing: Metagenomic sample from cocoa fermentation mass inoculated with treatment T4, collected at 24hr-rep3	food fermentation metagenome	1154581	AMPLICON	METAGENOMIC	PCR	PAIRED	ILLUMINA	Illumina MiSeq	9264238	17252	1914777;2586444	ftp.sra.ebi.ac.uk/vol1/fastq/SRR337/019/SRR33746519/SRR33746519_1.fastq.gz;ftp.sra.ebi.ac.uk/vol1/fastq/SRR337/019/SRR33746519/SRR33746519_2.fastq.gz	ef71aaf13eac10cf67085e27423d4e41;2a77eb2414aee93c763db9dba8b6b861		2024		fermenting cacao beans	2025-06-23	2025-06-23	non_bacterial_marker	false	ITS/fungal run is outside bacterial 16S scope	https://www.ebi.ac.uk/ena/browser/view/PRJNA1104253
gopaulchan_2025_defined_community	PRJNA1104253	PRJNA1104253	SRP503821	SRR33746520	SRX28969735	SAMN48784849	SRS25190481	P02.bc82_ITS	Metagenome or environmental sample from food fermentation metagenome	Metagenomic sample from cocoa fermentation mass inoculated with treatment T3, collected at 48hr-rep3	Illumina MiSeq sequencing: Metagenomic sample from cocoa fermentation mass inoculated with treatment T3, collected at 48hr-rep3	food fermentation metagenome	1154581	AMPLICON	METAGENOMIC	PCR	PAIRED	ILLUMINA	Illumina MiSeq	15861951	29538	3327545;4363576	ftp.sra.ebi.ac.uk/vol1/fastq/SRR337/020/SRR33746520/SRR33746520_1.fastq.gz;ftp.sra.ebi.ac.uk/vol1/fastq/SRR337/020/SRR33746520/SRR33746520_2.fastq.gz	e5a108fa7c5e7bc4af7e930146dcbfc7;eb5b7866ada64855ce2c15bb80e47fc3		2024		fermenting cacao beans	2025-06-23	2025-06-23	non_bacterial_marker	false	ITS/fungal run is outside bacterial 16S scope	https://www.ebi.ac.uk/ena/browser/view/PRJNA1104253
gopaulchan_2025_defined_community	PRJNA1104253	PRJNA1104253	SRP503821	SRR33746521	SRX28969734	SAMN48784848	SRS25190480	P02.bc81_ITS	Metagenome or environmental sample from food fermentation metagenome	Metagenomic sample from cocoa fermentation mass inoculated with treatment T12, collected at 24hr-rep3	Illumina MiSeq sequencing: Metagenomic sample from cocoa fermentation mass inoculated with treatment T12, collected at 24hr-rep3	food fermentation metagenome	1154581	AMPLICON	METAGENOMIC	PCR	PAIRED	ILLUMINA	Illumina MiSeq	28465143	53008	5653918;7663144	ftp.sra.ebi.ac.uk/vol1/fastq/SRR337/021/SRR33746521/SRR33746521_1.fastq.gz;ftp.sra.ebi.ac.uk/vol1/fastq/SRR337/021/SRR33746521/SRR33746521_2.fastq.gz	dc4d22f0b97eea6e7f6ddb0605f5ff89;bd7e8a3dd14e1400f7ee04ef2e8f0a5a		2024		fermenting cacao beans	2025-06-23	2025-06-23	non_bacterial_marker	false	ITS/fungal run is outside bacterial 16S scope	https://www.ebi.ac.uk/ena/browser/view/PRJNA1104253
gopaulchan_2025_defined_community	PRJNA1104253	PRJNA1104253	SRP503821	SRR33746522	SRX28969733	SAMN48784847	SRS25190477	P02.bc80_ITS	Metagenome or environmental sample from food fermentation metagenome	Metagenomic sample from cocoa fermentation mass inoculated with treatment T6, collected at 0hr-rep3	Illumina MiSeq sequencing: Metagenomic sample from cocoa fermentation mass inoculated with treatment T6, collected at 0hr-rep3	food fermentation metagenome	1154581	AMPLICON	METAGENOMIC	PCR	PAIRED	ILLUMINA	Illumina MiSeq	19107858	35582	4064409;5260992	ftp.sra.ebi.ac.uk/vol1/fastq/SRR337/022/SRR33746522/SRR33746522_1.fastq.gz;ftp.sra.ebi.ac.uk/vol1/fastq/SRR337/022/SRR33746522/SRR33746522_2.fastq.gz	bc049eb6ab46080f1895c2f248df457a;69afd0dfc794eb03fe09b8698df6b001		2024		fermenting cacao beans	2025-06-23	2025-06-23	non_bacterial_marker	false	ITS/fungal run is outside bacterial 16S scope	https://www.ebi.ac.uk/ena/browser/view/PRJNA1104253
gopaulchan_2025_defined_community	PRJNA1104253	PRJNA1104253	SRP503821	SRR33746523	SRX28969732	SAMN48784846	SRS25190478	P02.bc79_ITS	Metagenome or environmental sample from food fermentation metagenome	Metagenomic sample from cocoa fermentation mass inoculated with treatment T2, collected at 48hr-rep3	Illumina MiSeq sequencing: Metagenomic sample from cocoa fermentation mass inoculated with treatment T2, collected at 48hr-rep3	food fermentation metagenome	1154581	AMPLICON	METAGENOMIC	PCR	PAIRED	ILLUMINA	Illumina MiSeq	30573133	56931	6370953;8859186	ftp.sra.ebi.ac.uk/vol1/fastq/SRR337/023/SRR33746523/SRR33746523_1.fastq.gz;ftp.sra.ebi.ac.uk/vol1/fastq/SRR337/023/SRR33746523/SRR33746523_2.fastq.gz	0c095fc27701f6f359b2fc1548cbd46b;cd1cb4f6e748ca4f565a286cce0a9b96		2024		fermenting cacao beans	2025-06-23	2025-06-23	non_bacterial_marker	false	ITS/fungal run is outside bacterial 16S scope	https://www.ebi.ac.uk/ena/browser/view/PRJNA1104253
gopaulchan_2025_defined_community	PRJNA1104253	PRJNA1104253	SRP503821	SRR33746524	SRX28969731	SAMN48784729	SRS25190479	P01.bc16_ITS	Metagenome or environmental sample from food fermentation metagenome	Metagenomic sample from cocoa fermentation mass inoculated with treatment T8, collected at 48hr-rep2	Illumina MiSeq sequencing: Metagenomic sample from cocoa fermentation mass inoculated with treatment T8, collected at 48hr-rep2	food fermentation metagenome	1154581	AMPLICON	METAGENOMIC	PCR	PAIRED	ILLUMINA	Illumina MiSeq	15952956	29377	3316737;4373951	ftp.sra.ebi.ac.uk/vol1/fastq/SRR337/024/SRR33746524/SRR33746524_1.fastq.gz;ftp.sra.ebi.ac.uk/vol1/fastq/SRR337/024/SRR33746524/SRR33746524_2.fastq.gz	652807d2f0599745793f4fd646860a16;985e501022107d4bac879069a40373a9		2024		fermenting cacao beans	2025-06-23	2025-06-23	non_bacterial_marker	false	ITS/fungal run is outside bacterial 16S scope	https://www.ebi.ac.uk/ena/browser/view/PRJNA1104253
gopaulchan_2025_defined_community	PRJNA1104253	PRJNA1104253	SRP503821	SRR33746525	SRX28969730	SAMN48784845	SRS25190476	P02.bc77_ITS	Metagenome or environmental sample from food fermentation metagenome	Metagenomic sample from cocoa fermentation mass inoculated with treatment T9, collected at 0hr-rep4	Illumina MiSeq sequencing: Metagenomic sample from cocoa fermentation mass inoculated with treatment T9, collected at 0hr-rep4	food fermentation metagenome	1154581	AMPLICON	METAGENOMIC	PCR	PAIRED	ILLUMINA	Illumina MiSeq	29066318	54126	6180006;8008808	ftp.sra.ebi.ac.uk/vol1/fastq/SRR337/025/SRR33746525/SRR33746525_1.fastq.gz;ftp.sra.ebi.ac.uk/vol1/fastq/SRR337/025/SRR33746525/SRR33746525_2.fastq.gz	149fc310bc80aa68e5c6304a7772ecae;59d5ca44c12b9ebd48bdfbb33110c6ec		2024		fermenting cacao beans	2025-06-23	2025-06-23	non_bacterial_marker	false	ITS/fungal run is outside bacterial 16S scope	https://www.ebi.ac.uk/ena/browser/view/PRJNA1104253
gopaulchan_2025_defined_community	PRJNA1104253	PRJNA1104253	SRP503821	SRR33746526	SRX28969729	SAMN48784844	SRS25190475	P02.bc76_ITS	Metagenome or environmental sample from food fermentation metagenome	Metagenomic sample from cocoa fermentation mass inoculated with treatment T8, collected at 0hr-rep4	Illumina MiSeq sequencing: Metagenomic sample from cocoa fermentation mass inoculated with treatment T8, collected at 0hr-rep4	food fermentation metagenome	1154581	AMPLICON	METAGENOMIC	PCR	PAIRED	ILLUMINA	Illumina MiSeq	27214322	50676	5803789;7397329	ftp.sra.ebi.ac.uk/vol1/fastq/SRR337/026/SRR33746526/SRR33746526_1.fastq.gz;ftp.sra.ebi.ac.uk/vol1/fastq/SRR337/026/SRR33746526/SRR33746526_2.fastq.gz	e4aa6e2c2017b50741293edd0c1ced76;463b7724af7e6d8ce481b6c73c418ead		2024		fermenting cacao beans	2025-06-23	2025-06-23	non_bacterial_marker	false	ITS/fungal run is outside bacterial 16S scope	https://www.ebi.ac.uk/ena/browser/view/PRJNA1104253
gopaulchan_2025_defined_community	PRJNA1104253	PRJNA1104253	SRP503821	SRR33746527	SRX28969728	SAMN48784843	SRS25190472	P02.bc75_ITS	Metagenome or environmental sample from food fermentation metagenome	Metagenomic sample from cocoa fermentation mass inoculated with treatment T13, collected at 24hr-rep3	Illumina MiSeq sequencing: Metagenomic sample from cocoa fermentation mass inoculated with treatment T13, collected at 24hr-rep3	food fermentation metagenome	1154581	AMPLICON	METAGENOMIC	PCR	PAIRED	ILLUMINA	Illumina MiSeq	48526423	90365	9021835;11992132	ftp.sra.ebi.ac.uk/vol1/fastq/SRR337/027/SRR33746527/SRR33746527_1.fastq.gz;ftp.sra.ebi.ac.uk/vol1/fastq/SRR337/027/SRR33746527/SRR33746527_2.fastq.gz	248808d95d3038c504b26ee9d64940a4;dd5bfe2acc910e870cf0c2377fcd2b61		2024		fermenting cacao beans	2025-06-23	2025-06-23	non_bacterial_marker	false	ITS/fungal run is outside bacterial 16S scope	https://www.ebi.ac.uk/ena/browser/view/PRJNA1104253
gopaulchan_2025_defined_community	PRJNA1104253	PRJNA1104253	SRP503821	SRR33746528	SRX28969727	SAMN48784842	SRS25190473	P02.bc73_ITS	Metagenome or environmental sample from food fermentation metagenome	Metagenomic sample from cocoa fermentation mass inoculated with treatment T7, collected at 24hr-rep4	Illumina MiSeq sequencing: Metagenomic sample from cocoa fermentation mass inoculated with treatment T7, collected at 24hr-rep4	food fermentation metagenome	1154581	AMPLICON	METAGENOMIC	PCR	PAIRED	ILLUMINA	Illumina MiSeq	13694741	25502	2886001;3841027	ftp.sra.ebi.ac.uk/vol1/fastq/SRR337/028/SRR33746528/SRR33746528_1.fastq.gz;ftp.sra.ebi.ac.uk/vol1/fastq/SRR337/028/SRR33746528/SRR33746528_2.fastq.gz	4c84a9ddb3bb133551b2bb1abaad431a;c13cfa290d5386d3d736477dc07c0cb2		2024		fermenting cacao beans	2025-06-23	2025-06-23	non_bacterial_marker	false	ITS/fungal run is outside bacterial 16S scope	https://www.ebi.ac.uk/ena/browser/view/PRJNA1104253
gopaulchan_2025_defined_community	PRJNA1104253	PRJNA1104253	SRP503821	SRR33746529	SRX28969726	SAMN48784841	SRS25190474	P02.bc70_ITS	Metagenome or environmental sample from food fermentation metagenome	Metagenomic sample from cocoa fermentation mass inoculated with treatment T2, collected at 24hr-rep3	Illumina MiSeq sequencing: Metagenomic sample from cocoa fermentation mass inoculated with treatment T2, collected at 24hr-rep3	food fermentation metagenome	1154581	AMPLICON	METAGENOMIC	PCR	PAIRED	ILLUMINA	Illumina MiSeq	35636172	66360	7377100;9820061	ftp.sra.ebi.ac.uk/vol1/fastq/SRR337/029/SRR33746529/SRR33746529_1.fastq.gz;ftp.sra.ebi.ac.uk/vol1/fastq/SRR337/029/SRR33746529/SRR33746529_2.fastq.gz	4751690e5d09a22e3e1097150b232f94;0cbe4cfdcfbd14f8b18aa46cd440da06		2024		fermenting cacao beans	2025-06-23	2025-06-23	non_bacterial_marker	false	ITS/fungal run is outside bacterial 16S scope	https://www.ebi.ac.uk/ena/browser/view/PRJNA1104253
gopaulchan_2025_defined_community	PRJNA1104253	PRJNA1104253	SRP503821	SRR33746530	SRX28969725	SAMN48784840	SRS25190471	P02.bc68_ITS	Metagenome or environmental sample from food fermentation metagenome	Metagenomic sample from cocoa fermentation mass inoculated with treatment T9, collected at 48hr-rep3	Illumina MiSeq sequencing: Metagenomic sample from cocoa fermentation mass inoculated with treatment T9, collected at 48hr-rep3	food fermentation metagenome	1154581	AMPLICON	METAGENOMIC	PCR	PAIRED	ILLUMINA	Illumina MiSeq	25716131	47888	5370053;7096082	ftp.sra.ebi.ac.uk/vol1/fastq/SRR337/030/SRR33746530/SRR33746530_1.fastq.gz;ftp.sra.ebi.ac.uk/vol1/fastq/SRR337/030/SRR33746530/SRR33746530_2.fastq.gz	852b80b7b8a155cc43fd7cf9eddd6802;0612852808b5660ce0b96a162e209560		2024		fermenting cacao beans	2025-06-23	2025-06-23	non_bacterial_marker	false	ITS/fungal run is outside bacterial 16S scope	https://www.ebi.ac.uk/ena/browser/view/PRJNA1104253
gopaulchan_2025_defined_community	PRJNA1104253	PRJNA1104253	SRP503821	SRR33746531	SRX28969724	SAMN48784839	SRS25190470	P02.bc67_ITS	Metagenome or environmental sample from food fermentation metagenome	Metagenomic sample from cocoa fermentation mass inoculated with treatment T5, collected at 24hr-rep4	Illumina MiSeq sequencing: Metagenomic sample from cocoa fermentation mass inoculated with treatment T5, collected at 24hr-rep4	food fermentation metagenome	1154581	AMPLICON	METAGENOMIC	PCR	PAIRED	ILLUMINA	Illumina MiSeq	20977800	39064	4365822;5707939	ftp.sra.ebi.ac.uk/vol1/fastq/SRR337/031/SRR33746531/SRR33746531_1.fastq.gz;ftp.sra.ebi.ac.uk/vol1/fastq/SRR337/031/SRR33746531/SRR33746531_2.fastq.gz	d075f0c19e53de96dd785accbabe7fc0;02d918b92d7e68b818f38bd2c7082cb9		2024		fermenting cacao beans	2025-06-23	2025-06-23	non_bacterial_marker	false	ITS/fungal run is outside bacterial 16S scope	https://www.ebi.ac.uk/ena/browser/view/PRJNA1104253
gopaulchan_2025_defined_community	PRJNA1104253	PRJNA1104253	SRP503821	SRR33746532	SRX28969723	SAMN48784838	SRS25190468	P02.bc66_ITS	Metagenome or environmental sample from food fermentation metagenome	Metagenomic sample from cocoa fermentation mass inoculated with treatment T11, collected at 48hr-rep3	Illumina MiSeq sequencing: Metagenomic sample from cocoa fermentation mass inoculated with treatment T11, collected at 48hr-rep3	food fermentation metagenome	1154581	AMPLICON	METAGENOMIC	PCR	PAIRED	ILLUMINA	Illumina MiSeq	4810079	8957	1114542;1445888	ftp.sra.ebi.ac.uk/vol1/fastq/SRR337/032/SRR33746532/SRR33746532_1.fastq.gz;ftp.sra.ebi.ac.uk/vol1/fastq/SRR337/032/SRR33746532/SRR33746532_2.fastq.gz	b52f68025c87949eeeabc4a54916ef6f;2d1cd8c26254d4fe9059becf9fb1a7d3		2024		fermenting cacao beans	2025-06-23	2025-06-23	non_bacterial_marker	false	ITS/fungal run is outside bacterial 16S scope	https://www.ebi.ac.uk/ena/browser/view/PRJNA1104253
gopaulchan_2025_defined_community	PRJNA1104253	PRJNA1104253	SRP503821	SRR33746533	SRX28969722	SAMN48784837	SRS25190469	P02.bc65_ITS	Metagenome or environmental sample from food fermentation metagenome	Metagenomic sample from cocoa fermentation mass inoculated with treatment T10, collected at 0hr-rep3	Illumina MiSeq sequencing: Metagenomic sample from cocoa fermentation mass inoculated with treatment T10, collected at 0hr-rep3	food fermentation metagenome	1154581	AMPLICON	METAGENOMIC	PCR	PAIRED	ILLUMINA	Illumina MiSeq	24790331	46164	5226688;6816810	ftp.sra.ebi.ac.uk/vol1/fastq/SRR337/033/SRR33746533/SRR33746533_1.fastq.gz;ftp.sra.ebi.ac.uk/vol1/fastq/SRR337/033/SRR33746533/SRR33746533_2.fastq.gz	52a82cee53ecb763c78ca14fa813708c;2d301614307de4e877a502797b8b95ca		2024		fermenting cacao beans	2025-06-23	2025-06-23	non_bacterial_marker	false	ITS/fungal run is outside bacterial 16S scope	https://www.ebi.ac.uk/ena/browser/view/PRJNA1104253
gopaulchan_2025_defined_community	PRJNA1104253	PRJNA1104253	SRP503821	SRR33746534	SRX28969721	SAMN48784836	SRS25190466	P02.bc64_ITS	Metagenome or environmental sample from food fermentation metagenome	Metagenomic sample from cocoa fermentation mass inoculated with treatment T1, collected at 24hr-rep3	Illumina MiSeq sequencing: Metagenomic sample from cocoa fermentation mass inoculated with treatment T1, collected at 24hr-rep3	food fermentation metagenome	1154581	AMPLICON	METAGENOMIC	PCR	PAIRED	ILLUMINA	Illumina MiSeq	16034256	29858	3384148;4392240	ftp.sra.ebi.ac.uk/vol1/fastq/SRR337/034/SRR33746534/SRR33746534_1.fastq.gz;ftp.sra.ebi.ac.uk/vol1/fastq/SRR337/034/SRR33746534/SRR33746534_2.fastq.gz	79a7be9d06fb75a9f8daabbbddd6f6d3;872acc355aa88f9774536fe2aed2ef0b		2024		fermenting cacao beans	2025-06-23	2025-06-23	non_bacterial_marker	false	ITS/fungal run is outside bacterial 16S scope	https://www.ebi.ac.uk/ena/browser/view/PRJNA1104253
gopaulchan_2025_defined_community	PRJNA1104253	PRJNA1104253	SRP503821	SRR33746535	SRX28969720	SAMN48784728	SRS25190465	P01.bc15_ITS	Metagenome or environmental sample from food fermentation metagenome	Metagenomic sample from cocoa fermentation mass inoculated with treatment T5, collected at 0hr-rep1	Illumina MiSeq sequencing: Metagenomic sample from cocoa fermentation mass inoculated with treatment T5, collected at 0hr-rep1	food fermentation metagenome	1154581	AMPLICON	METAGENOMIC	PCR	PAIRED	ILLUMINA	Illumina MiSeq	7810019	14382	1622785;2164642	ftp.sra.ebi.ac.uk/vol1/fastq/SRR337/035/SRR33746535/SRR33746535_1.fastq.gz;ftp.sra.ebi.ac.uk/vol1/fastq/SRR337/035/SRR33746535/SRR33746535_2.fastq.gz	3f27929568bd1236d28bf9c9c306bfb2;b990a7cac38d1c69db0581a7d9b36f96		2024		fermenting cacao beans	2025-06-23	2025-06-23	non_bacterial_marker	false	ITS/fungal run is outside bacterial 16S scope	https://www.ebi.ac.uk/ena/browser/view/PRJNA1104253
gopaulchan_2025_defined_community	PRJNA1104253	PRJNA1104253	SRP503821	SRR33746536	SRX28969719	SAMN48784815	SRS25190464	P02.bc30_ITS	Metagenome or environmental sample from food fermentation metagenome	Metagenomic sample from cocoa fermentation mass inoculated with treatment T1, collected at 48hr-rep3	Illumina MiSeq sequencing: Metagenomic sample from cocoa fermentation mass inoculated with treatment T1, collected at 48hr-rep3	food fermentation metagenome	1154581	AMPLICON	METAGENOMIC	PCR	PAIRED	ILLUMINA	Illumina MiSeq	20364646	37922	4265383;5615140	ftp.sra.ebi.ac.uk/vol1/fastq/SRR337/036/SRR33746536/SRR33746536_1.fastq.gz;ftp.sra.ebi.ac.uk/vol1/fastq/SRR337/036/SRR33746536/SRR33746536_2.fastq.gz	eb05f751f2511f3ed4375e2603ccf418;697483b85efaf2c264ee589b831e20e6		2024		fermenting cacao beans	2025-06-23	2025-06-23	non_bacterial_marker	false	ITS/fungal run is outside bacterial 16S scope	https://www.ebi.ac.uk/ena/browser/view/PRJNA1104253
gopaulchan_2025_defined_community	PRJNA1104253	PRJNA1104253	SRP503821	SRR33746537	SRX28969718	SAMN48784814	SRS25190463	P02.bc28_ITS	Metagenome or environmental sample from food fermentation metagenome	Metagenomic sample from cocoa fermentation mass inoculated with treatment T4, collected at 48hr-rep4	Illumina MiSeq sequencing: Metagenomic sample from cocoa fermentation mass inoculated with treatment T4, collected at 48hr-rep4	food fermentation metagenome	1154581	AMPLICON	METAGENOMIC	PCR	PAIRED	ILLUMINA	Illumina MiSeq	18904525	35204	3912773;4986484	ftp.sra.ebi.ac.uk/vol1/fastq/SRR337/037/SRR33746537/SRR33746537_1.fastq.gz;ftp.sra.ebi.ac.uk/vol1/fastq/SRR337/037/SRR33746537/SRR33746537_2.fastq.gz	0b7949a9d91befb8213318ca30cd6376;d48940930cc1720e26399fad8c619698		2024		fermenting cacao beans	2025-06-23	2025-06-23	non_bacterial_marker	false	ITS/fungal run is outside bacterial 16S scope	https://www.ebi.ac.uk/ena/browser/view/PRJNA1104253
gopaulchan_2025_defined_community	PRJNA1104253	PRJNA1104253	SRP503821	SRR33746538	SRX28969717	SAMN48784813	SRS25190467	P02.bc27_ITS	Metagenome or environmental sample from food fermentation metagenome	Metagenomic sample from cocoa fermentation mass inoculated with treatment T7, collected at 0hr-rep3	Illumina MiSeq sequencing: Metagenomic sample from cocoa fermentation mass inoculated with treatment T7, collected at 0hr-rep3	food fermentation metagenome	1154581	AMPLICON	METAGENOMIC	PCR	PAIRED	ILLUMINA	Illumina MiSeq	35753220	66578	7607103;10056409	ftp.sra.ebi.ac.uk/vol1/fastq/SRR337/038/SRR33746538/SRR33746538_1.fastq.gz;ftp.sra.ebi.ac.uk/vol1/fastq/SRR337/038/SRR33746538/SRR33746538_2.fastq.gz	4e598aff185d6eb277e151e33291e347;c9da93f58da21bb266449abd5c025846		2024		fermenting cacao beans	2025-06-23	2025-06-23	non_bacterial_marker	false	ITS/fungal run is outside bacterial 16S scope	https://www.ebi.ac.uk/ena/browser/view/PRJNA1104253
gopaulchan_2025_defined_community	PRJNA1104253	PRJNA1104253	SRP503821	SRR33746539	SRX28969716	SAMN48784812	SRS25190462	P02.bc26_ITS	Metagenome or environmental sample from food fermentation metagenome	Metagenomic sample from cocoa fermentation mass inoculated with treatment T2, collected at 24hr-rep4	Illumina MiSeq sequencing: Metagenomic sample from cocoa fermentation mass inoculated with treatment T2, collected at 24hr-rep4	food fermentation metagenome	1154581	AMPLICON	METAGENOMIC	PCR	PAIRED	ILLUMINA	Illumina MiSeq	24773845	46132	5120364;6909684	ftp.sra.ebi.ac.uk/vol1/fastq/SRR337/039/SRR33746539/SRR33746539_1.fastq.gz;ftp.sra.ebi.ac.uk/vol1/fastq/SRR337/039/SRR33746539/SRR33746539_2.fastq.gz	a1a23ef2216a6fd51ed11194efb38adc;fb834930bed7acae2264c7f04c059a21		2024		fermenting cacao beans	2025-06-23	2025-06-23	non_bacterial_marker	false	ITS/fungal run is outside bacterial 16S scope	https://www.ebi.ac.uk/ena/browser/view/PRJNA1104253
gopaulchan_2025_defined_community	PRJNA1104253	PRJNA1104253	SRP503821	SRR33746540	SRX28969715	SAMN48784811	SRS25190460	P02.bc25_ITS	Metagenome or environmental sample from food fermentation metagenome	Metagenomic sample from cocoa fermentation mass inoculated with treatment T12, collected at 24hr-rep4	Illumina MiSeq sequencing: Metagenomic sample from cocoa fermentation mass inoculated with treatment T12, collected at 24hr-rep4	food fermentation metagenome	1154581	AMPLICON	METAGENOMIC	PCR	PAIRED	ILLUMINA	Illumina MiSeq	23373899	43525	5940943;8089925	ftp.sra.ebi.ac.uk/vol1/fastq/SRR337/040/SRR33746540/SRR33746540_1.fastq.gz;ftp.sra.ebi.ac.uk/vol1/fastq/SRR337/040/SRR33746540/SRR33746540_2.fastq.gz	3bd33ef5b83e984d07977866fc8139fc;013e2c878adf4b7cfc55b31adffcb91e		2024		fermenting cacao beans	2025-06-23	2025-06-23	non_bacterial_marker	false	ITS/fungal run is outside bacterial 16S scope	https://www.ebi.ac.uk/ena/browser/view/PRJNA1104253
gopaulchan_2025_defined_community	PRJNA1104253	PRJNA1104253	SRP503821	SRR33746541	SRX28969714	SAMN48784810	SRS25190459	P02.bc24_ITS	Metagenome or environmental sample from food fermentation metagenome	Metagenomic sample from cocoa fermentation mass inoculated with treatment T3, collected at 24hr-rep3	Illumina MiSeq sequencing: Metagenomic sample from cocoa fermentation mass inoculated with treatment T3, collected at 24hr-rep3	food fermentation metagenome	1154581	AMPLICON	METAGENOMIC	PCR	PAIRED	ILLUMINA	Illumina MiSeq	15578714	29009	3241664;4210618	ftp.sra.ebi.ac.uk/vol1/fastq/SRR337/041/SRR33746541/SRR33746541_1.fastq.gz;ftp.sra.ebi.ac.uk/vol1/fastq/SRR337/041/SRR33746541/SRR33746541_2.fastq.gz	a72010f4dbab1aa726b6933166cd1fd8;8ec4628e66557e3120641b4998022700		2024		fermenting cacao beans	2025-06-23	2025-06-23	non_bacterial_marker	false	ITS/fungal run is outside bacterial 16S scope	https://www.ebi.ac.uk/ena/browser/view/PRJNA1104253
gopaulchan_2025_defined_community	PRJNA1104253	PRJNA1104253	SRP503821	SRR33746542	SRX28969713	SAMN48784809	SRS25190461	P02.bc23_ITS	Metagenome or environmental sample from food fermentation metagenome	Metagenomic sample from cocoa fermentation mass inoculated with treatment T9, collected at 0hr-rep3	Illumina MiSeq sequencing: Metagenomic sample from cocoa fermentation mass inoculated with treatment T9, collected at 0hr-rep3	food fermentation metagenome	1154581	AMPLICON	METAGENOMIC	PCR	PAIRED	ILLUMINA	Illumina MiSeq	30180343	56200	6419649;8303976	ftp.sra.ebi.ac.uk/vol1/fastq/SRR337/042/SRR33746542/SRR33746542_1.fastq.gz;ftp.sra.ebi.ac.uk/vol1/fastq/SRR337/042/SRR33746542/SRR33746542_2.fastq.gz	a547f61b46919518a6c5240cb9404eea;740ce0a2e320182ee75c13f4d495be54		2024		fermenting cacao beans	2025-06-23	2025-06-23	non_bacterial_marker	false	ITS/fungal run is outside bacterial 16S scope	https://www.ebi.ac.uk/ena/browser/view/PRJNA1104253
gopaulchan_2025_defined_community	PRJNA1104253	PRJNA1104253	SRP503821	SRR33746543	SRX28969712	SAMN48784808	SRS25190458	P02.bc22_ITS	Metagenome or environmental sample from food fermentation metagenome	Metagenomic sample from cocoa fermentation mass inoculated with treatment T12, collected at 0hr-rep4	Illumina MiSeq sequencing: Metagenomic sample from cocoa fermentation mass inoculated with treatment T12, collected at 0hr-rep4	food fermentation metagenome	1154581	AMPLICON	METAGENOMIC	PCR	PAIRED	ILLUMINA	Illumina MiSeq	5902219	10991	1408958;1833319	ftp.sra.ebi.ac.uk/vol1/fastq/SRR337/043/SRR33746543/SRR33746543_1.fastq.gz;ftp.sra.ebi.ac.uk/vol1/fastq/SRR337/043/SRR33746543/SRR33746543_2.fastq.gz	b313e07f5e04d2386031ef89de8abd8a;90a1f8665d43d87549a4d6a3e07cfe0f		2024		fermenting cacao beans	2025-06-23	2025-06-23	non_bacterial_marker	false	ITS/fungal run is outside bacterial 16S scope	https://www.ebi.ac.uk/ena/browser/view/PRJNA1104253
gopaulchan_2025_defined_community	PRJNA1104253	PRJNA1104253	SRP503821	SRR33746544	SRX28969711	SAMN48784807	SRS25190456	P02.bc21_ITS	Metagenome or environmental sample from food fermentation metagenome	Metagenomic sample from cocoa fermentation mass inoculated with treatment T6, collected at 24hr-rep4	Illumina MiSeq sequencing: Metagenomic sample from cocoa fermentation mass inoculated with treatment T6, collected at 24hr-rep4	food fermentation metagenome	1154581	AMPLICON	METAGENOMIC	PCR	PAIRED	ILLUMINA	Illumina MiSeq	24189512	45044	5096605;6683492	ftp.sra.ebi.ac.uk/vol1/fastq/SRR337/044/SRR33746544/SRR33746544_1.fastq.gz;ftp.sra.ebi.ac.uk/vol1/fastq/SRR337/044/SRR33746544/SRR33746544_2.fastq.gz	290844e358ec6b57987ae1af631d149e;e86139a5fef3915d3f4e0f36fcb068a8		2024		fermenting cacao beans	2025-06-23	2025-06-23	non_bacterial_marker	false	ITS/fungal run is outside bacterial 16S scope	https://www.ebi.ac.uk/ena/browser/view/PRJNA1104253
gopaulchan_2025_defined_community	PRJNA1104253	PRJNA1104253	SRP503821	SRR33746545	SRX28969710	SAMN48784806	SRS25190455	P02.bc20_ITS	Metagenome or environmental sample from food fermentation metagenome	Metagenomic sample from cocoa fermentation mass inoculated with treatment T8, collected at 48hr-rep3	Illumina MiSeq sequencing: Metagenomic sample from cocoa fermentation mass inoculated with treatment T8, collected at 48hr-rep3	food fermentation metagenome	1154581	AMPLICON	METAGENOMIC	PCR	PAIRED	ILLUMINA	Illumina MiSeq	19940565	37133	4180272;5483955	ftp.sra.ebi.ac.uk/vol1/fastq/SRR337/045/SRR33746545/SRR33746545_1.fastq.gz;ftp.sra.ebi.ac.uk/vol1/fastq/SRR337/045/SRR33746545/SRR33746545_2.fastq.gz	8bafdb55d27999b3b686cf764b005b90;9125e52696d71130952cee7fd6b8b2de		2024		fermenting cacao beans	2025-06-23	2025-06-23	non_bacterial_marker	false	ITS/fungal run is outside bacterial 16S scope	https://www.ebi.ac.uk/ena/browser/view/PRJNA1104253
gopaulchan_2025_defined_community	PRJNA1104253	PRJNA1104253	SRP503821	SRR33746546	SRX28969709	SAMN48784725	SRS25190457	P01.bc12_ITS	Metagenome or environmental sample from food fermentation metagenome	Metagenomic sample from cocoa fermentation mass inoculated with treatment T5, collected at 0hr-rep2	Illumina MiSeq sequencing: Metagenomic sample from cocoa fermentation mass inoculated with treatment T5, collected at 0hr-rep2	food fermentation metagenome	1154581	AMPLICON	METAGENOMIC	PCR	PAIRED	ILLUMINA	Illumina MiSeq	14146189	26048	2915400;3861704	ftp.sra.ebi.ac.uk/vol1/fastq/SRR337/046/SRR33746546/SRR33746546_1.fastq.gz;ftp.sra.ebi.ac.uk/vol1/fastq/SRR337/046/SRR33746546/SRR33746546_2.fastq.gz	b1784098996826943d1990a7961f37eb;6a569f27f5370b8ac5d3f19e496205a9		2024		fermenting cacao beans	2025-06-23	2025-06-23	non_bacterial_marker	false	ITS/fungal run is outside bacterial 16S scope	https://www.ebi.ac.uk/ena/browser/view/PRJNA1104253
gopaulchan_2025_defined_community	PRJNA1104253	PRJNA1104253	SRP503821	SRR33746547	SRX28969708	SAMN48784805	SRS25190454	P02.bc18_ITS	Metagenome or environmental sample from food fermentation metagenome	Metagenomic sample from cocoa fermentation mass inoculated with treatment T2, collected at 48hr-rep4	Illumina MiSeq sequencing: Metagenomic sample from cocoa fermentation mass inoculated with treatment T2, collected at 48hr-rep4	food fermentation metagenome	1154581	AMPLICON	METAGENOMIC	PCR	PAIRED	ILLUMINA	Illumina MiSeq	40139625	74742	8343324;11304727	ftp.sra.ebi.ac.uk/vol1/fastq/SRR337/047/SRR33746547/SRR33746547_1.fastq.gz;ftp.sra.ebi.ac.uk/vol1/fastq/SRR337/047/SRR33746547/SRR33746547_2.fastq.gz	02e7ffcdb13268f98bef8e7d7dd05cee;56d1bd5c34b4c46e7c5460dbf2f1d832		2024		fermenting cacao beans	2025-06-23	2025-06-23	non_bacterial_marker	false	ITS/fungal run is outside bacterial 16S scope	https://www.ebi.ac.uk/ena/browser/view/PRJNA1104253
gopaulchan_2025_defined_community	PRJNA1104253	PRJNA1104253	SRP503821	SRR33746548	SRX28969707	SAMN48784835	SRS25190453	P02.bc62_ITS	Metagenome or environmental sample from food fermentation metagenome	Metagenomic sample from cocoa fermentation mass inoculated with treatment T6, collected at 0hr-rep4	Illumina MiSeq sequencing: Metagenomic sample from cocoa fermentation mass inoculated with treatment T6, collected at 0hr-rep4	food fermentation metagenome	1154581	AMPLICON	METAGENOMIC	PCR	PAIRED	ILLUMINA	Illumina MiSeq	33420075	62231	7073820;9302830	ftp.sra.ebi.ac.uk/vol1/fastq/SRR337/048/SRR33746548/SRR33746548_1.fastq.gz;ftp.sra.ebi.ac.uk/vol1/fastq/SRR337/048/SRR33746548/SRR33746548_2.fastq.gz	20f8053eef0a424d1721cd383ff1dc97;77ad0c7fcf1f961ca3b1f7b41e15df34		2024		fermenting cacao beans	2025-06-23	2025-06-23	non_bacterial_marker	false	ITS/fungal run is outside bacterial 16S scope	https://www.ebi.ac.uk/ena/browser/view/PRJNA1104253
gopaulchan_2025_defined_community	PRJNA1104253	PRJNA1104253	SRP503821	SRR33746549	SRX28969706	SAMN48784834	SRS25190452	P02.bc60_ITS	Metagenome or environmental sample from food fermentation metagenome	Metagenomic sample from cocoa fermentation mass inoculated with treatment T10, collected at 24hr-rep3	Illumina MiSeq sequencing: Metagenomic sample from cocoa fermentation mass inoculated with treatment T10, collected at 24hr-rep3	food fermentation metagenome	1154581	AMPLICON	METAGENOMIC	PCR	PAIRED	ILLUMINA	Illumina MiSeq	18740115	34897	3938041;5217529	ftp.sra.ebi.ac.uk/vol1/fastq/SRR337/049/SRR33746549/SRR33746549_1.fastq.gz;ftp.sra.ebi.ac.uk/vol1/fastq/SRR337/049/SRR33746549/SRR33746549_2.fastq.gz	aeb36b8c1d0a0e094066dba32f273692;c248a7a3a6e8cec6e6270aa69fd630bc		2024		fermenting cacao beans	2025-06-23	2025-06-23	non_bacterial_marker	false	ITS/fungal run is outside bacterial 16S scope	https://www.ebi.ac.uk/ena/browser/view/PRJNA1104253
gopaulchan_2025_defined_community	PRJNA1104253	PRJNA1104253	SRP503821	SRR33746550	SRX28969705	SAMN48784833	SRS25190451	P02.bc58_ITS	Metagenome or environmental sample from food fermentation metagenome	Metagenomic sample from cocoa fermentation mass inoculated with treatment T3, collected at 24hr-rep4	Illumina MiSeq sequencing: Metagenomic sample from cocoa fermentation mass inoculated with treatment T3, collected at 24hr-rep4	food fermentation metagenome	1154581	AMPLICON	METAGENOMIC	PCR	PAIRED	ILLUMINA	Illumina MiSeq	19969040	37186	4142353;5701240	ftp.sra.ebi.ac.uk/vol1/fastq/SRR337/050/SRR33746550/SRR33746550_1.fastq.gz;ftp.sra.ebi.ac.uk/vol1/fastq/SRR337/050/SRR33746550/SRR33746550_2.fastq.gz	638562451472ede92630f0b64bf1703e;b37f9e23a0bdc774252b079e4083dc65		2024		fermenting cacao beans	2025-06-23	2025-06-23	non_bacterial_marker	false	ITS/fungal run is outside bacterial 16S scope	https://www.ebi.ac.uk/ena/browser/view/PRJNA1104253
gopaulchan_2025_defined_community	PRJNA1104253	PRJNA1104253	SRP503821	SRR33746551	SRX28969704	SAMN48784832	SRS25190450	P02.bc57_ITS	Metagenome or environmental sample from food fermentation metagenome	Metagenomic sample from cocoa fermentation mass inoculated with treatment T10, collected at 0hr-rep4	Illumina MiSeq sequencing: Metagenomic sample from cocoa fermentation mass inoculated with treatment T10, collected at 0hr-rep4	food fermentation metagenome	1154581	AMPLICON	METAGENOMIC	PCR	PAIRED	ILLUMINA	Illumina MiSeq	21871290	40726	4606171;5950639	ftp.sra.ebi.ac.uk/vol1/fastq/SRR337/051/SRR33746551/SRR33746551_1.fastq.gz;ftp.sra.ebi.ac.uk/vol1/fastq/SRR337/051/SRR33746551/SRR33746551_2.fastq.gz	49306072f0afad65e4501aff862f3c4d;fc29d1d2d16cde12b5d709dcf8d0f236		2024		fermenting cacao beans	2025-06-23	2025-06-23	non_bacterial_marker	false	ITS/fungal run is outside bacterial 16S scope	https://www.ebi.ac.uk/ena/browser/view/PRJNA1104253
gopaulchan_2025_defined_community	PRJNA1104253	PRJNA1104253	SRP503821	SRR33746552	SRX28969703	SAMN48784831	SRS25190449	P02.bc56_ITS	Metagenome or environmental sample from food fermentation metagenome	Metagenomic sample from cocoa fermentation mass inoculated with treatment T13, collected at 0hr-rep3	Illumina MiSeq sequencing: Metagenomic sample from cocoa fermentation mass inoculated with treatment T13, collected at 0hr-rep3	food fermentation metagenome	1154581	AMPLICON	METAGENOMIC	PCR	PAIRED	ILLUMINA	Illumina MiSeq	43443121	80898	8553780;11812880	ftp.sra.ebi.ac.uk/vol1/fastq/SRR337/052/SRR33746552/SRR33746552_1.fastq.gz;ftp.sra.ebi.ac.uk/vol1/fastq/SRR337/052/SRR33746552/SRR33746552_2.fastq.gz	86aeeaac90299fa33676f383da339253;24cc5d4cd904f74c03bdef809706c033		2024		fermenting cacao beans	2025-06-23	2025-06-23	non_bacterial_marker	false	ITS/fungal run is outside bacterial 16S scope	https://www.ebi.ac.uk/ena/browser/view/PRJNA1104253
gopaulchan_2025_defined_community	PRJNA1104253	PRJNA1104253	SRP503821	SRR33746553	SRX28969702	SAMN48784830	SRS25190448	P02.bc55_ITS	Metagenome or environmental sample from food fermentation metagenome	Metagenomic sample from cocoa fermentation mass inoculated with treatment T5, collected at 48hr-rep4	Illumina MiSeq sequencing: Metagenomic sample from cocoa fermentation mass inoculated with treatment T5, collected at 48hr-rep4	food fermentation metagenome	1154581	AMPLICON	METAGENOMIC	PCR	PAIRED	ILLUMINA	Illumina MiSeq	34426371	64108	7234926;9566323	ftp.sra.ebi.ac.uk/vol1/fastq/SRR337/053/SRR33746553/SRR33746553_1.fastq.gz;ftp.sra.ebi.ac.uk/vol1/fastq/SRR337/053/SRR33746553/SRR33746553_2.fastq.gz	dd447d7f692699008105f3f489146f6f;8092a6391842374567fb47214a5724d3		2024		fermenting cacao beans	2025-06-23	2025-06-23	non_bacterial_marker	false	ITS/fungal run is outside bacterial 16S scope	https://www.ebi.ac.uk/ena/browser/view/PRJNA1104253
gopaulchan_2025_defined_community	PRJNA1104253	PRJNA1104253	SRP503821	SRR33746554	SRX28969701	SAMN48784829	SRS25190447	P02.bc53_ITS	Metagenome or environmental sample from food fermentation metagenome	Metagenomic sample from cocoa fermentation mass inoculated with treatment T3, collected at 48hr-rep4	Illumina MiSeq sequencing: Metagenomic sample from cocoa fermentation mass inoculated with treatment T3, collected at 48hr-rep4	food fermentation metagenome	1154581	AMPLICON	METAGENOMIC	PCR	PAIRED	ILLUMINA	Illumina MiSeq	22339711	41600	4714423;6309164	ftp.sra.ebi.ac.uk/vol1/fastq/SRR337/054/SRR33746554/SRR33746554_1.fastq.gz;ftp.sra.ebi.ac.uk/vol1/fastq/SRR337/054/SRR33746554/SRR33746554_2.fastq.gz	cce18fac5e8aa5d999aabb76fb6fc5c0;d33629b3f5726062787ddd74a57879ac		2024		fermenting cacao beans	2025-06-23	2025-06-23	non_bacterial_marker	false	ITS/fungal run is outside bacterial 16S scope	https://www.ebi.ac.uk/ena/browser/view/PRJNA1104253
gopaulchan_2025_defined_community	PRJNA1104253	PRJNA1104253	SRP503821	SRR33746555	SRX28969700	SAMN48784828	SRS25190445	P02.bc52_ITS	Metagenome or environmental sample from food fermentation metagenome	Metagenomic sample from cocoa fermentation mass inoculated with treatment T6, collected at 48hr-rep3	Illumina MiSeq sequencing: Metagenomic sample from cocoa fermentation mass inoculated with treatment T6, collected at 48hr-rep3	food fermentation metagenome	1154581	AMPLICON	METAGENOMIC	PCR	PAIRED	ILLUMINA	Illumina MiSeq	18555716	34553	3892603;5176638	ftp.sra.ebi.ac.uk/vol1/fastq/SRR337/055/SRR33746555/SRR33746555_1.fastq.gz;ftp.sra.ebi.ac.uk/vol1/fastq/SRR337/055/SRR33746555/SRR33746555_2.fastq.gz	37b523157a315383c16505b2367de776;0bb7b75755cf111aa1dd0297527d9a41		2024		fermenting cacao beans	2025-06-23	2025-06-23	non_bacterial_marker	false	ITS/fungal run is outside bacterial 16S scope	https://www.ebi.ac.uk/ena/browser/view/PRJNA1104253
gopaulchan_2025_defined_community	PRJNA1104253	PRJNA1104253	SRP503821	SRR33746556	SRX28969699	SAMN48784827	SRS25190446	P02.bc51_ITS	Metagenome or environmental sample from food fermentation metagenome	Metagenomic sample from cocoa fermentation mass inoculated with treatment T6, collected at 24hr-rep3	Illumina MiSeq sequencing: Metagenomic sample from cocoa fermentation mass inoculated with treatment T6, collected at 24hr-rep3	food fermentation metagenome	1154581	AMPLICON	METAGENOMIC	PCR	PAIRED	ILLUMINA	Illumina MiSeq	14464334	26935	3081097;4040804	ftp.sra.ebi.ac.uk/vol1/fastq/SRR337/056/SRR33746556/SRR33746556_1.fastq.gz;ftp.sra.ebi.ac.uk/vol1/fastq/SRR337/056/SRR33746556/SRR33746556_2.fastq.gz	1db2914e3a3cd1091eb52c433824e2d3;4abc440bf739f65fcbaedab364bee1b5		2024		fermenting cacao beans	2025-06-23	2025-06-23	non_bacterial_marker	false	ITS/fungal run is outside bacterial 16S scope	https://www.ebi.ac.uk/ena/browser/view/PRJNA1104253
gopaulchan_2025_defined_community	PRJNA1104253	PRJNA1104253	SRP503821	SRR33746557	SRX28969698	SAMN48784826	SRS25190442	P02.bc50_ITS	Metagenome or environmental sample from food fermentation metagenome	Metagenomic sample from cocoa fermentation mass inoculated with treatment T7, collected at 24hr-rep3	Illumina MiSeq sequencing: Metagenomic sample from cocoa fermentation mass inoculated with treatment T7, collected at 24hr-rep3	food fermentation metagenome	1154581	AMPLICON	METAGENOMIC	PCR	PAIRED	ILLUMINA	Illumina MiSeq	15109039	28136	3196527;4197260	ftp.sra.ebi.ac.uk/vol1/fastq/SRR337/057/SRR33746557/SRR33746557_1.fastq.gz;ftp.sra.ebi.ac.uk/vol1/fastq/SRR337/057/SRR33746557/SRR33746557_2.fastq.gz	8a6c977f8f196ada185add91c7e23554;5cfa79948f7cc1451edea6a4f29ab15e		2024		fermenting cacao beans	2025-06-23	2025-06-23	non_bacterial_marker	false	ITS/fungal run is outside bacterial 16S scope	https://www.ebi.ac.uk/ena/browser/view/PRJNA1104253
gopaulchan_2025_defined_community	PRJNA1104253	PRJNA1104253	SRP503821	SRR33746558	SRX28969697	SAMN48784727	SRS25190444	P01.bc14_ITS	Metagenome or environmental sample from food fermentation metagenome	Metagenomic sample from cocoa fermentation mass inoculated with treatment T12, collected at 24hr-rep2	Illumina MiSeq sequencing: Metagenomic sample from cocoa fermentation mass inoculated with treatment T12, collected at 24hr-rep2	food fermentation metagenome	1154581	AMPLICON	METAGENOMIC	PCR	PAIRED	ILLUMINA	Illumina MiSeq	6077353	11191	1365049;1769580	ftp.sra.ebi.ac.uk/vol1/fastq/SRR337/058/SRR33746558/SRR33746558_1.fastq.gz;ftp.sra.ebi.ac.uk/vol1/fastq/SRR337/058/SRR33746558/SRR33746558_2.fastq.gz	87baa8b5f7d62de5840d43e3dbed78e4;9a000bcea0c8f9c1253922516bbf8833		2024		fermenting cacao beans	2025-06-23	2025-06-23	non_bacterial_marker	false	ITS/fungal run is outside bacterial 16S scope	https://www.ebi.ac.uk/ena/browser/view/PRJNA1104253
gopaulchan_2025_defined_community	PRJNA1104253	PRJNA1104253	SRP503821	SRR33746559	SRX28969696	SAMN48784825	SRS25190443	P02.bc49_ITS	Metagenome or environmental sample from food fermentation metagenome	Metagenomic sample from cocoa fermentation mass inoculated with treatment T8, collected at 24hr-rep3	Illumina MiSeq sequencing: Metagenomic sample from cocoa fermentation mass inoculated with treatment T8, collected at 24hr-rep3	food fermentation metagenome	1154581	AMPLICON	METAGENOMIC	PCR	PAIRED	ILLUMINA	Illumina MiSeq	17442715	32481	3663472;4783001	ftp.sra.ebi.ac.uk/vol1/fastq/SRR337/059/SRR33746559/SRR33746559_1.fastq.gz;ftp.sra.ebi.ac.uk/vol1/fastq/SRR337/059/SRR33746559/SRR33746559_2.fastq.gz	3dc5c448f1d4df95e262f37403db3fa5;3c2ba576d7f8441bfc58808ff9d6f46d		2024		fermenting cacao beans	2025-06-23	2025-06-23	non_bacterial_marker	false	ITS/fungal run is outside bacterial 16S scope	https://www.ebi.ac.uk/ena/browser/view/PRJNA1104253
gopaulchan_2025_defined_community	PRJNA1104253	PRJNA1104253	SRP503821	SRR33746560	SRX28969695	SAMN48784824	SRS25190439	P02.bc47_ITS	Metagenome or environmental sample from food fermentation metagenome	Metagenomic sample from cocoa fermentation mass inoculated with treatment T8, collected at 24hr-rep4	Illumina MiSeq sequencing: Metagenomic sample from cocoa fermentation mass inoculated with treatment T8, collected at 24hr-rep4	food fermentation metagenome	1154581	AMPLICON	METAGENOMIC	PCR	PAIRED	ILLUMINA	Illumina MiSeq	16089894	29961	3423841;4441517	ftp.sra.ebi.ac.uk/vol1/fastq/SRR337/060/SRR33746560/SRR33746560_1.fastq.gz;ftp.sra.ebi.ac.uk/vol1/fastq/SRR337/060/SRR33746560/SRR33746560_2.fastq.gz	2c2e7e3d0d2a10e1696b9daddf2254ae;f9047326cdb6c683fcb4466cc377a4b2		2024		fermenting cacao beans	2025-06-23	2025-06-23	non_bacterial_marker	false	ITS/fungal run is outside bacterial 16S scope	https://www.ebi.ac.uk/ena/browser/view/PRJNA1104253
gopaulchan_2025_defined_community	PRJNA1104253	PRJNA1104253	SRP503821	SRR33746561	SRX28969694	SAMN48784823	SRS25190441	P02.bc46_ITS	Metagenome or environmental sample from food fermentation metagenome	Metagenomic sample from cocoa fermentation mass inoculated with treatment T11, collected at 0hr-rep3	Illumina MiSeq sequencing: Metagenomic sample from cocoa fermentation mass inoculated with treatment T11, collected at 0hr-rep3	food fermentation metagenome	1154581	AMPLICON	METAGENOMIC	PCR	PAIRED	ILLUMINA	Illumina MiSeq	4840556	9014	1226981;1606559	ftp.sra.ebi.ac.uk/vol1/fastq/SRR337/061/SRR33746561/SRR33746561_1.fastq.gz;ftp.sra.ebi.ac.uk/vol1/fastq/SRR337/061/SRR33746561/SRR33746561_2.fastq.gz	e667ddc1f405c9c5bf1e0954c64883df;0664c0f1b5c26171fd8cc0665452132f		2024		fermenting cacao beans	2025-06-23	2025-06-23	non_bacterial_marker	false	ITS/fungal run is outside bacterial 16S scope	https://www.ebi.ac.uk/ena/browser/view/PRJNA1104253
gopaulchan_2025_defined_community	PRJNA1104253	PRJNA1104253	SRP503821	SRR33746562	SRX28969693	SAMN48784822	SRS25190438	P02.bc43_ITS	Metagenome or environmental sample from food fermentation metagenome	Metagenomic sample from cocoa fermentation mass inoculated with treatment T12, collected at 0hr-rep3	Illumina MiSeq sequencing: Metagenomic sample from cocoa fermentation mass inoculated with treatment T12, collected at 0hr-rep3	food fermentation metagenome	1154581	AMPLICON	METAGENOMIC	PCR	PAIRED	ILLUMINA	Illumina MiSeq	42747300	79603	8424779;11280614	ftp.sra.ebi.ac.uk/vol1/fastq/SRR337/062/SRR33746562/SRR33746562_1.fastq.gz;ftp.sra.ebi.ac.uk/vol1/fastq/SRR337/062/SRR33746562/SRR33746562_2.fastq.gz	4dcc6abb75e3dcd5ff64f4897a9a3ee5;75eac2b6888653554ff6ea8fdb84a064		2024		fermenting cacao beans	2025-06-23	2025-06-23	non_bacterial_marker	false	ITS/fungal run is outside bacterial 16S scope	https://www.ebi.ac.uk/ena/browser/view/PRJNA1104253
gopaulchan_2025_defined_community	PRJNA1104253	PRJNA1104253	SRP503821	SRR33746563	SRX28969692	SAMN48784821	SRS25190437	P02.bc42_ITS	Metagenome or environmental sample from food fermentation metagenome	Metagenomic sample from cocoa fermentation mass inoculated with treatment T5, collected at 48hr-rep2	Illumina MiSeq sequencing: Metagenomic sample from cocoa fermentation mass inoculated with treatment T5, collected at 48hr-rep2	food fermentation metagenome	1154581	AMPLICON	METAGENOMIC	PCR	PAIRED	ILLUMINA	Illumina MiSeq	21214545	39505	4466662;5894048	ftp.sra.ebi.ac.uk/vol1/fastq/SRR337/063/SRR33746563/SRR33746563_1.fastq.gz;ftp.sra.ebi.ac.uk/vol1/fastq/SRR337/063/SRR33746563/SRR33746563_2.fastq.gz	b2a0bebfe520637ea33685538d6dfb76;b094f243b705d11d4e33c5bd3916c9a4		2024		fermenting cacao beans	2025-06-23	2025-06-23	non_bacterial_marker	false	ITS/fungal run is outside bacterial 16S scope	https://www.ebi.ac.uk/ena/browser/view/PRJNA1104253
gopaulchan_2025_defined_community	PRJNA1104253	PRJNA1104253	SRP503821	SRR33746564	SRX28969691	SAMN48784820	SRS25190440	P02.bc41_ITS	Metagenome or environmental sample from food fermentation metagenome	Metagenomic sample from cocoa fermentation mass inoculated with treatment T7, collected at 0hr-rep4	Illumina MiSeq sequencing: Metagenomic sample from cocoa fermentation mass inoculated with treatment T7, collected at 0hr-rep4	food fermentation metagenome	1154581	AMPLICON	METAGENOMIC	PCR	PAIRED	ILLUMINA	Illumina MiSeq	21085495	39264	4455347;5792210	ftp.sra.ebi.ac.uk/vol1/fastq/SRR337/064/SRR33746564/SRR33746564_1.fastq.gz;ftp.sra.ebi.ac.uk/vol1/fastq/SRR337/064/SRR33746564/SRR33746564_2.fastq.gz	b56baf690dcc0dbc39c868b659442495;dfae09ac850dbb013b5d003de4b9251c		2024		fermenting cacao beans	2025-06-23	2025-06-23	non_bacterial_marker	false	ITS/fungal run is outside bacterial 16S scope	https://www.ebi.ac.uk/ena/browser/view/PRJNA1104253
gopaulchan_2025_defined_community	PRJNA1104253	PRJNA1104253	SRP503821	SRR33746565	SRX28969690	SAMN48784819	SRS25190435	P02.bc37_ITS	Metagenome or environmental sample from food fermentation metagenome	Metagenomic sample from cocoa fermentation mass inoculated with treatment T8, collected at 0hr-rep3	Illumina MiSeq sequencing: Metagenomic sample from cocoa fermentation mass inoculated with treatment T8, collected at 0hr-rep3	food fermentation metagenome	1154581	AMPLICON	METAGENOMIC	PCR	PAIRED	ILLUMINA	Illumina MiSeq	30604385	56989	6446215;8438242	ftp.sra.ebi.ac.uk/vol1/fastq/SRR337/065/SRR33746565/SRR33746565_1.fastq.gz;ftp.sra.ebi.ac.uk/vol1/fastq/SRR337/065/SRR33746565/SRR33746565_2.fastq.gz	6f660de1840ef333a0cb8ed140c622ba;7b1fe8a2f68397a201064e5624bc7c5f		2024		fermenting cacao beans	2025-06-23	2025-06-23	non_bacterial_marker	false	ITS/fungal run is outside bacterial 16S scope	https://www.ebi.ac.uk/ena/browser/view/PRJNA1104253
gopaulchan_2025_defined_community	PRJNA1104253	PRJNA1104253	SRP503821	SRR33746566	SRX28969689	SAMN48784818	SRS25190436	P02.bc35_ITS	Metagenome or environmental sample from food fermentation metagenome	Metagenomic sample from cocoa fermentation mass inoculated with treatment T11, collected at 24hr-rep3	Illumina MiSeq sequencing: Metagenomic sample from cocoa fermentation mass inoculated with treatment T11, collected at 24hr-rep3	food fermentation metagenome	1154581	AMPLICON	METAGENOMIC	PCR	PAIRED	ILLUMINA	Illumina MiSeq	8512386	15852	2083414;2782718	ftp.sra.ebi.ac.uk/vol1/fastq/SRR337/066/SRR33746566/SRR33746566_1.fastq.gz;ftp.sra.ebi.ac.uk/vol1/fastq/SRR337/066/SRR33746566/SRR33746566_2.fastq.gz	24618a843ea2b34619e4f31bdc45cef9;27fe32550d4134b8f897391144eeabe9		2024		fermenting cacao beans	2025-06-23	2025-06-23	non_bacterial_marker	false	ITS/fungal run is outside bacterial 16S scope	https://www.ebi.ac.uk/ena/browser/view/PRJNA1104253
gopaulchan_2025_defined_community	PRJNA1104253	PRJNA1104253	SRP503821	SRR33746567	SRX28969688	SAMN48784817	SRS25190433	P02.bc34_ITS	Metagenome or environmental sample from food fermentation metagenome	Metagenomic sample from cocoa fermentation mass inoculated with treatment T13, collected at 24hr-rep4	Illumina MiSeq sequencing: Metagenomic sample from cocoa fermentation mass inoculated with treatment T13, collected at 24hr-rep4	food fermentation metagenome	1154581	AMPLICON	METAGENOMIC	PCR	PAIRED	ILLUMINA	Illumina MiSeq	46797972	87144	8721830;11597074	ftp.sra.ebi.ac.uk/vol1/fastq/SRR337/067/SRR33746567/SRR33746567_1.fastq.gz;ftp.sra.ebi.ac.uk/vol1/fastq/SRR337/067/SRR33746567/SRR33746567_2.fastq.gz	acff175c1f70c0b458b2c9d3f6b7e72c;f05290936a4595cc4a09baa51f66f81a		2024		fermenting cacao beans	2025-06-23	2025-06-23	non_bacterial_marker	false	ITS/fungal run is outside bacterial 16S scope	https://www.ebi.ac.uk/ena/browser/view/PRJNA1104253
gopaulchan_2025_defined_community	PRJNA1104253	PRJNA1104253	SRP503821	SRR33746568	SRX28969687	SAMN48784816	SRS25190434	P02.bc32_ITS	Metagenome or environmental sample from food fermentation metagenome	Metagenomic sample from cocoa fermentation mass inoculated with treatment T2, collected at 0hr-rep4	Illumina MiSeq sequencing: Metagenomic sample from cocoa fermentation mass inoculated with treatment T2, collected at 0hr-rep4	food fermentation metagenome	1154581	AMPLICON	METAGENOMIC	PCR	PAIRED	ILLUMINA	Illumina MiSeq	24727416	46041	5227408;6801402	ftp.sra.ebi.ac.uk/vol1/fastq/SRR337/068/SRR33746568/SRR33746568_1.fastq.gz;ftp.sra.ebi.ac.uk/vol1/fastq/SRR337/068/SRR33746568/SRR33746568_2.fastq.gz	b93c27f59f246763f6e62faee927c1c7;032b91abc593e6f01e91c618140f2db4		2024		fermenting cacao beans	2025-06-23	2025-06-23	non_bacterial_marker	false	ITS/fungal run is outside bacterial 16S scope	https://www.ebi.ac.uk/ena/browser/view/PRJNA1104253
gopaulchan_2025_defined_community	PRJNA1104253	PRJNA1104253	SRP503821	SRR33746569	SRX28969686	SAMN48784726	SRS25190432	P01.bc13_ITS	Metagenome or environmental sample from food fermentation metagenome	Metagenomic sample from cocoa fermentation mass inoculated with treatment T12, collected at 48hr-rep2	Illumina MiSeq sequencing: Metagenomic sample from cocoa fermentation mass inoculated with treatment T12, collected at 48hr-rep2	food fermentation metagenome	1154581	AMPLICON	METAGENOMIC	PCR	PAIRED	ILLUMINA	Illumina MiSeq	27678	51	8374;10796	ftp.sra.ebi.ac.uk/vol1/fastq/SRR337/069/SRR33746569/SRR33746569_1.fastq.gz;ftp.sra.ebi.ac.uk/vol1/fastq/SRR337/069/SRR33746569/SRR33746569_2.fastq.gz	c921df8fd9bb3f2fde98a69119d7c6da;030cd831458cd62dba0a1d0578461c39		2024		fermenting cacao beans	2025-06-23	2025-06-23	non_bacterial_marker	false	ITS/fungal run is outside bacterial 16S scope	https://www.ebi.ac.uk/ena/browser/view/PRJNA1104253
gopaulchan_2025_defined_community	PRJNA1104253	PRJNA1104253	SRP503821	SRR33746570	SRX28969685	SAMN48784717	SRS25190430	P01.bc02_ITS	Metagenome or environmental sample from food fermentation metagenome	Metagenomic sample from cocoa fermentation mass inoculated with treatment T8, collected at 24hr-rep1	Illumina MiSeq sequencing: Metagenomic sample from cocoa fermentation mass inoculated with treatment T8, collected at 24hr-rep1	food fermentation metagenome	1154581	AMPLICON	METAGENOMIC	PCR	PAIRED	ILLUMINA	Illumina MiSeq	18454821	33984	3790939;4945885	ftp.sra.ebi.ac.uk/vol1/fastq/SRR337/070/SRR33746570/SRR33746570_1.fastq.gz;ftp.sra.ebi.ac.uk/vol1/fastq/SRR337/070/SRR33746570/SRR33746570_2.fastq.gz	a4c5a7769f5660ba264793b6de517785;a5e18bb9ff00772f2161d1ebbfc23e8e		2024		fermenting cacao beans	2025-06-23	2025-06-23	non_bacterial_marker	false	ITS/fungal run is outside bacterial 16S scope	https://www.ebi.ac.uk/ena/browser/view/PRJNA1104253
gopaulchan_2025_defined_community	PRJNA1104253	PRJNA1104253	SRP503821	SRR33746571	SRX28969684	SAMN48784716	SRS25190429	P01.bc01_ITS	Metagenome or environmental sample from food fermentation metagenome	Metagenomic sample from cocoa fermentation mass inoculated with treatment T1, collected at 0hr-rep1	Illumina MiSeq sequencing: Metagenomic sample from cocoa fermentation mass inoculated with treatment T1, collected at 0hr-rep1	food fermentation metagenome	1154581	AMPLICON	METAGENOMIC	PCR	PAIRED	ILLUMINA	Illumina MiSeq	21952239	40424	4697415;6147434	ftp.sra.ebi.ac.uk/vol1/fastq/SRR337/071/SRR33746571/SRR33746571_1.fastq.gz;ftp.sra.ebi.ac.uk/vol1/fastq/SRR337/071/SRR33746571/SRR33746571_2.fastq.gz	072c2536e682d8164344b3703c01a1a4;4bc32923e904f30a8238bd7c1b1c6666		2024		fermenting cacao beans	2025-06-23	2025-06-23	non_bacterial_marker	false	ITS/fungal run is outside bacterial 16S scope	https://www.ebi.ac.uk/ena/browser/view/PRJNA1104253
gopaulchan_2025_defined_community	PRJNA1104253	PRJNA1104253	SRP503821	SRR33747421	SRX28970844	SAMN48784483	SRS25191590	P02.bc28	Metagenome or environmental sample from food fermentation metagenome	Metagenomic sample from cocoa fermentation mass inoculated with treatment T4, collected at 48hr-rep4	Illumina MiSeq sequencing: Metagenomic sample from cocoa fermentation mass inoculated with treatment T4, collected at 48hr-rep4	food fermentation metagenome	1154581	AMPLICON	METAGENOMIC	PCR	PAIRED	ILLUMINA	Illumina MiSeq	22234010	41565	4942133;6831782	ftp.sra.ebi.ac.uk/vol1/fastq/SRR337/021/SRR33747421/SRR33747421_1.fastq.gz;ftp.sra.ebi.ac.uk/vol1/fastq/SRR337/021/SRR33747421/SRR33747421_2.fastq.gz	5edffa5d6dc5ea2ff9e910db94c21dc0;f806363e2d1282f2315df45b042c6b7f		2024		fermenting cacao beans	2025-06-23	2025-06-23	not_verified_16s_subset	false	Run does not match the configured, verified bacterial 16S subset	https://www.ebi.ac.uk/ena/browser/view/PRJNA1104253
gopaulchan_2025_defined_community	PRJNA1104253	PRJNA1104253	SRP503821	SRR33747422	SRX28970748	SAMN48784484	SRS25191494	P02.bc30	Metagenome or environmental sample from food fermentation metagenome	Metagenomic sample from cocoa fermentation mass inoculated with treatment T1, collected at 48hr-rep3	Illumina MiSeq sequencing: Metagenomic sample from cocoa fermentation mass inoculated with treatment T1, collected at 48hr-rep3	food fermentation metagenome	1154581	AMPLICON	METAGENOMIC	PCR	PAIRED	ILLUMINA	Illumina MiSeq	35150166	65709	7860472;10774955	ftp.sra.ebi.ac.uk/vol1/fastq/SRR337/022/SRR33747422/SRR33747422_1.fastq.gz;ftp.sra.ebi.ac.uk/vol1/fastq/SRR337/022/SRR33747422/SRR33747422_2.fastq.gz	204d9912646e0ea3922b31d30d78f727;51a42cdb9269dfd92f33f981e3c2f0f7		2024		fermenting cacao beans	2025-06-23	2025-06-23	not_verified_16s_subset	false	Run does not match the configured, verified bacterial 16S subset	https://www.ebi.ac.uk/ena/browser/view/PRJNA1104253
gopaulchan_2025_defined_community	PRJNA1104253	PRJNA1104253	SRP503821	SRR33747423	SRX28970843	SAMN48784482	SRS25191588	P02.bc27	Metagenome or environmental sample from food fermentation metagenome	Metagenomic sample from cocoa fermentation mass inoculated with treatment T7, collected at 0hr-rep3	Illumina MiSeq sequencing: Metagenomic sample from cocoa fermentation mass inoculated with treatment T7, collected at 0hr-rep3	food fermentation metagenome	1154581	AMPLICON	METAGENOMIC	PCR	PAIRED	ILLUMINA	Illumina MiSeq	32888428	61482	7576894;10379281	ftp.sra.ebi.ac.uk/vol1/fastq/SRR337/023/SRR33747423/SRR33747423_1.fastq.gz;ftp.sra.ebi.ac.uk/vol1/fastq/SRR337/023/SRR33747423/SRR33747423_2.fastq.gz	f0b3205e94b2b74b194b14f9a071c94d;fd16cb6fa4f6353a3813fa5cb3a7dbe9		2024		fermenting cacao beans	2025-06-23	2025-06-23	not_verified_16s_subset	false	Run does not match the configured, verified bacterial 16S subset	https://www.ebi.ac.uk/ena/browser/view/PRJNA1104253
gopaulchan_2025_defined_community	PRJNA1104253	PRJNA1104253	SRP503821	SRR33747424	SRX28970842	SAMN48784481	SRS25191589	P02.bc26	Metagenome or environmental sample from food fermentation metagenome	Metagenomic sample from cocoa fermentation mass inoculated with treatment T2, collected at 24hr-rep4	Illumina MiSeq sequencing: Metagenomic sample from cocoa fermentation mass inoculated with treatment T2, collected at 24hr-rep4	food fermentation metagenome	1154581	AMPLICON	METAGENOMIC	PCR	PAIRED	ILLUMINA	Illumina MiSeq	31305919	58524	6996847;9553550	ftp.sra.ebi.ac.uk/vol1/fastq/SRR337/024/SRR33747424/SRR33747424_1.fastq.gz;ftp.sra.ebi.ac.uk/vol1/fastq/SRR337/024/SRR33747424/SRR33747424_2.fastq.gz	c21191d935e62d13ff03460b15ab7f7a;5c3714f8bbec1eb71d8a29706f1359d1		2024		fermenting cacao beans	2025-06-23	2025-06-23	not_verified_16s_subset	false	Run does not match the configured, verified bacterial 16S subset	https://www.ebi.ac.uk/ena/browser/view/PRJNA1104253
gopaulchan_2025_defined_community	PRJNA1104253	PRJNA1104253	SRP503821	SRR33747425	SRX28970841	SAMN48784480	SRS25191586	P02.bc25	Metagenome or environmental sample from food fermentation metagenome	Metagenomic sample from cocoa fermentation mass inoculated with treatment T12, collected at 24hr-rep4	Illumina MiSeq sequencing: Metagenomic sample from cocoa fermentation mass inoculated with treatment T12, collected at 24hr-rep4	food fermentation metagenome	1154581	AMPLICON	METAGENOMIC	PCR	PAIRED	ILLUMINA	Illumina MiSeq	10516327	19659	2631910;3478419	ftp.sra.ebi.ac.uk/vol1/fastq/SRR337/025/SRR33747425/SRR33747425_1.fastq.gz;ftp.sra.ebi.ac.uk/vol1/fastq/SRR337/025/SRR33747425/SRR33747425_2.fastq.gz	4e8013702f8edf1021450f1e466a3edb;a0e3165cd8d1c6224a0de47331513f72		2024		fermenting cacao beans	2025-06-23	2025-06-23	not_verified_16s_subset	false	Run does not match the configured, verified bacterial 16S subset	https://www.ebi.ac.uk/ena/browser/view/PRJNA1104253
gopaulchan_2025_defined_community	PRJNA1104253	PRJNA1104253	SRP503821	SRR33747426	SRX28970840	SAMN48784479	SRS25191587	P02.bc24	Metagenome or environmental sample from food fermentation metagenome	Metagenomic sample from cocoa fermentation mass inoculated with treatment T3, collected at 24hr-rep3	Illumina MiSeq sequencing: Metagenomic sample from cocoa fermentation mass inoculated with treatment T3, collected at 24hr-rep3	food fermentation metagenome	1154581	AMPLICON	METAGENOMIC	PCR	PAIRED	ILLUMINA	Illumina MiSeq	25979287	48566	5810538;7859551	ftp.sra.ebi.ac.uk/vol1/fastq/SRR337/026/SRR33747426/SRR33747426_1.fastq.gz;ftp.sra.ebi.ac.uk/vol1/fastq/SRR337/026/SRR33747426/SRR33747426_2.fastq.gz	b48e576636c63a4de82dba20b24554c4;ccf3ef16fe0a983b2462ff79d0e64ffa		2024		fermenting cacao beans	2025-06-23	2025-06-23	not_verified_16s_subset	false	Run does not match the configured, verified bacterial 16S subset	https://www.ebi.ac.uk/ena/browser/view/PRJNA1104253
gopaulchan_2025_defined_community	PRJNA1104253	PRJNA1104253	SRP503821	SRR33747427	SRX28970839	SAMN48784478	SRS25191585	P02.bc23	Metagenome or environmental sample from food fermentation metagenome	Metagenomic sample from cocoa fermentation mass inoculated with treatment T9, collected at 0hr-rep3	Illumina MiSeq sequencing: Metagenomic sample from cocoa fermentation mass inoculated with treatment T9, collected at 0hr-rep3	food fermentation metagenome	1154581	AMPLICON	METAGENOMIC	PCR	PAIRED	ILLUMINA	Illumina MiSeq	32609649	60962	7470858;10163877	ftp.sra.ebi.ac.uk/vol1/fastq/SRR337/027/SRR33747427/SRR33747427_1.fastq.gz;ftp.sra.ebi.ac.uk/vol1/fastq/SRR337/027/SRR33747427/SRR33747427_2.fastq.gz	b202ea7e04d58608a32995e8d420ddba;fd7a5dd1087e74585f473bde45e5c623		2024		fermenting cacao beans	2025-06-23	2025-06-23	not_verified_16s_subset	false	Run does not match the configured, verified bacterial 16S subset	https://www.ebi.ac.uk/ena/browser/view/PRJNA1104253
gopaulchan_2025_defined_community	PRJNA1104253	PRJNA1104253	SRP503821	SRR33747428	SRX28970838	SAMN48784477	SRS25191584	P02.bc22	Metagenome or environmental sample from food fermentation metagenome	Metagenomic sample from cocoa fermentation mass inoculated with treatment T12, collected at 0hr-rep4	Illumina MiSeq sequencing: Metagenomic sample from cocoa fermentation mass inoculated with treatment T12, collected at 0hr-rep4	food fermentation metagenome	1154581	AMPLICON	METAGENOMIC	PCR	PAIRED	ILLUMINA	Illumina MiSeq	16463969	30778	4050230;5305606	ftp.sra.ebi.ac.uk/vol1/fastq/SRR337/028/SRR33747428/SRR33747428_1.fastq.gz;ftp.sra.ebi.ac.uk/vol1/fastq/SRR337/028/SRR33747428/SRR33747428_2.fastq.gz	82115f1b60853a3402a586823892dc36;2336f6bdcd207a20314477f135455dd2		2024		fermenting cacao beans	2025-06-23	2025-06-23	not_verified_16s_subset	false	Run does not match the configured, verified bacterial 16S subset	https://www.ebi.ac.uk/ena/browser/view/PRJNA1104253
gopaulchan_2025_defined_community	PRJNA1104253	PRJNA1104253	SRP503821	SRR33747429	SRX28970837	SAMN48784476	SRS25191583	P02.bc21	Metagenome or environmental sample from food fermentation metagenome	Metagenomic sample from cocoa fermentation mass inoculated with treatment T6, collected at 24hr-rep4	Illumina MiSeq sequencing: Metagenomic sample from cocoa fermentation mass inoculated with treatment T6, collected at 24hr-rep4	food fermentation metagenome	1154581	AMPLICON	METAGENOMIC	PCR	PAIRED	ILLUMINA	Illumina MiSeq	29910992	55915	7037514;9329359	ftp.sra.ebi.ac.uk/vol1/fastq/SRR337/029/SRR33747429/SRR33747429_1.fastq.gz;ftp.sra.ebi.ac.uk/vol1/fastq/SRR337/029/SRR33747429/SRR33747429_2.fastq.gz	b7bc033ded106c20bf909f850e40e7b1;a34200030f4d3835398c68612b4ffdce		2024		fermenting cacao beans	2025-06-23	2025-06-23	not_verified_16s_subset	false	Run does not match the configured, verified bacterial 16S subset	https://www.ebi.ac.uk/ena/browser/view/PRJNA1104253
gopaulchan_2025_defined_community	PRJNA1104253	PRJNA1104253	SRP503821	SRR33747430	SRX28970836	SAMN48784475	SRS25191582	P02.bc20	Metagenome or environmental sample from food fermentation metagenome	Metagenomic sample from cocoa fermentation mass inoculated with treatment T8, collected at 48hr-rep3	Illumina MiSeq sequencing: Metagenomic sample from cocoa fermentation mass inoculated with treatment T8, collected at 48hr-rep3	food fermentation metagenome	1154581	AMPLICON	METAGENOMIC	PCR	PAIRED	ILLUMINA	Illumina MiSeq	23710879	44325	5291365;7194614	ftp.sra.ebi.ac.uk/vol1/fastq/SRR337/030/SRR33747430/SRR33747430_1.fastq.gz;ftp.sra.ebi.ac.uk/vol1/fastq/SRR337/030/SRR33747430/SRR33747430_2.fastq.gz	e379135b63a53a0349b94f6bb232352c;c6aa61276272d2744d5659108e7b15e9		2024		fermenting cacao beans	2025-06-23	2025-06-23	not_verified_16s_subset	false	Run does not match the configured, verified bacterial 16S subset	https://www.ebi.ac.uk/ena/browser/view/PRJNA1104253
gopaulchan_2025_defined_community	PRJNA1104253	PRJNA1104253	SRP503821	SRR33747431	SRX28970835	SAMN48784474	SRS25191580	P02.bc18	Metagenome or environmental sample from food fermentation metagenome	Metagenomic sample from cocoa fermentation mass inoculated with treatment T2, collected at 48hr-rep4	Illumina MiSeq sequencing: Metagenomic sample from cocoa fermentation mass inoculated with treatment T2, collected at 48hr-rep4	food fermentation metagenome	1154581	AMPLICON	METAGENOMIC	PCR	PAIRED	ILLUMINA	Illumina MiSeq	15958050	29832	3594831;4830590	ftp.sra.ebi.ac.uk/vol1/fastq/SRR337/031/SRR33747431/SRR33747431_1.fastq.gz;ftp.sra.ebi.ac.uk/vol1/fastq/SRR337/031/SRR33747431/SRR33747431_2.fastq.gz	22a85cd94567bf491be8f503f731e643;0a97253ca1cc2d26218a390b98be278e		2024		fermenting cacao beans	2025-06-23	2025-06-23	not_verified_16s_subset	false	Run does not match the configured, verified bacterial 16S subset	https://www.ebi.ac.uk/ena/browser/view/PRJNA1104253
gopaulchan_2025_defined_community	PRJNA1104253	PRJNA1104253	SRP503821	SRR33747432	SRX28970834	SAMN48784393	SRS25191581	P01.bc11	Metagenome or environmental sample from food fermentation metagenome	Metagenomic sample from cocoa fermentation mass inoculated with treatment T8, collected at 0hr-rep2	Illumina MiSeq sequencing: Metagenomic sample from cocoa fermentation mass inoculated with treatment T8, collected at 0hr-rep2	food fermentation metagenome	1154581	AMPLICON	METAGENOMIC	PCR	PAIRED	ILLUMINA	Illumina MiSeq	31765565	58698	7105658;9771664	ftp.sra.ebi.ac.uk/vol1/fastq/SRR337/032/SRR33747432/SRR33747432_1.fastq.gz;ftp.sra.ebi.ac.uk/vol1/fastq/SRR337/032/SRR33747432/SRR33747432_2.fastq.gz	592417270d60dc6acb4bb5afbd574360;ec6a0db99949bac7da64af6c7a3ce25c		2024		fermenting cacao beans	2025-06-23	2025-06-23	not_verified_16s_subset	false	Run does not match the configured, verified bacterial 16S subset	https://www.ebi.ac.uk/ena/browser/view/PRJNA1104253
gopaulchan_2025_defined_community	PRJNA1104253	PRJNA1104253	SRP503821	SRR33747433	SRX28970833	SAMN48784473	SRS25191579	P02.bc17	Metagenome or environmental sample from food fermentation metagenome	Metagenomic sample from cocoa fermentation mass inoculated with treatment T10, collected at 48hr-rep4	Illumina MiSeq sequencing: Metagenomic sample from cocoa fermentation mass inoculated with treatment T10, collected at 48hr-rep4	food fermentation metagenome	1154581	AMPLICON	METAGENOMIC	PCR	PAIRED	ILLUMINA	Illumina MiSeq	21712509	40589	4807605;6699507	ftp.sra.ebi.ac.uk/vol1/fastq/SRR337/033/SRR33747433/SRR33747433_1.fastq.gz;ftp.sra.ebi.ac.uk/vol1/fastq/SRR337/033/SRR33747433/SRR33747433_2.fastq.gz	5898b1baffc7fccaf7a2833ab0c3171e;55011c4348f16385dc387dd050887cd0		2024		fermenting cacao beans	2025-06-23	2025-06-23	not_verified_16s_subset	false	Run does not match the configured, verified bacterial 16S subset	https://www.ebi.ac.uk/ena/browser/view/PRJNA1104253
gopaulchan_2025_defined_community	PRJNA1104253	PRJNA1104253	SRP503821	SRR33747434	SRX28970832	SAMN48784472	SRS25191578	P02.bc15	Metagenome or environmental sample from food fermentation metagenome	Metagenomic sample from cocoa fermentation mass inoculated with treatment T3, collected at 0hr-rep3	Illumina MiSeq sequencing: Metagenomic sample from cocoa fermentation mass inoculated with treatment T3, collected at 0hr-rep3	food fermentation metagenome	1154581	AMPLICON	METAGENOMIC	PCR	PAIRED	ILLUMINA	Illumina MiSeq	13149289	24581	3047389;4132230	ftp.sra.ebi.ac.uk/vol1/fastq/SRR337/034/SRR33747434/SRR33747434_1.fastq.gz;ftp.sra.ebi.ac.uk/vol1/fastq/SRR337/034/SRR33747434/SRR33747434_2.fastq.gz	6a2d7a978da6d50e0c66d54d450d6e04;a57f56afe13ea39118b37cc5efd9e5c9		2024		fermenting cacao beans	2025-06-23	2025-06-23	not_verified_16s_subset	false	Run does not match the configured, verified bacterial 16S subset	https://www.ebi.ac.uk/ena/browser/view/PRJNA1104253
gopaulchan_2025_defined_community	PRJNA1104253	PRJNA1104253	SRP503821	SRR33747435	SRX28970831	SAMN48784471	SRS25191577	P02.bc14	Metagenome or environmental sample from food fermentation metagenome	Metagenomic sample from cocoa fermentation mass inoculated with treatment T4, collected at 24hr-rep4	Illumina MiSeq sequencing: Metagenomic sample from cocoa fermentation mass inoculated with treatment T4, collected at 24hr-rep4	food fermentation metagenome	1154581	AMPLICON	METAGENOMIC	PCR	PAIRED	ILLUMINA	Illumina MiSeq	27582088	51563	6197562;8543459	ftp.sra.ebi.ac.uk/vol1/fastq/SRR337/035/SRR33747435/SRR33747435_1.fastq.gz;ftp.sra.ebi.ac.uk/vol1/fastq/SRR337/035/SRR33747435/SRR33747435_2.fastq.gz	6bc452b41050f6cc0b5f622188dc7646;d01b0fd8258ba0557233049d7d0fedb8		2024		fermenting cacao beans	2025-06-23	2025-06-23	not_verified_16s_subset	false	Run does not match the configured, verified bacterial 16S subset	https://www.ebi.ac.uk/ena/browser/view/PRJNA1104253
gopaulchan_2025_defined_community	PRJNA1104253	PRJNA1104253	SRP503821	SRR33747436	SRX28970830	SAMN48784470	SRS25191576	P02.bc13	Metagenome or environmental sample from food fermentation metagenome	Metagenomic sample from cocoa fermentation mass inoculated with treatment T2, collected at 0hr-rep3	Illumina MiSeq sequencing: Metagenomic sample from cocoa fermentation mass inoculated with treatment T2, collected at 0hr-rep3	food fermentation metagenome	1154581	AMPLICON	METAGENOMIC	PCR	PAIRED	ILLUMINA	Illumina MiSeq	23945455	44764	5471846;7535325	ftp.sra.ebi.ac.uk/vol1/fastq/SRR337/036/SRR33747436/SRR33747436_1.fastq.gz;ftp.sra.ebi.ac.uk/vol1/fastq/SRR337/036/SRR33747436/SRR33747436_2.fastq.gz	d613ce5877dde72b4f8b3de98e729651;3cc750c21ef73ad1dab203858a9de27f		2024		fermenting cacao beans	2025-06-23	2025-06-23	not_verified_16s_subset	false	Run does not match the configured, verified bacterial 16S subset	https://www.ebi.ac.uk/ena/browser/view/PRJNA1104253
gopaulchan_2025_defined_community	PRJNA1104253	PRJNA1104253	SRP503821	SRR33747437	SRX28970829	SAMN48784469	SRS25191575	P02.bc12	Metagenome or environmental sample from food fermentation metagenome	Metagenomic sample from cocoa fermentation mass inoculated with treatment T1, collected at 0hr-rep3	Illumina MiSeq sequencing: Metagenomic sample from cocoa fermentation mass inoculated with treatment T1, collected at 0hr-rep3	food fermentation metagenome	1154581	AMPLICON	METAGENOMIC	PCR	PAIRED	ILLUMINA	Illumina MiSeq	31370280	58644	7169955;9728714	ftp.sra.ebi.ac.uk/vol1/fastq/SRR337/037/SRR33747437/SRR33747437_1.fastq.gz;ftp.sra.ebi.ac.uk/vol1/fastq/SRR337/037/SRR33747437/SRR33747437_2.fastq.gz	537afb2ba77ea20fbd201109fabf6d9e;10cc176089faa905aa5c5ebbba7b90f3		2024		fermenting cacao beans	2025-06-23	2025-06-23	not_verified_16s_subset	false	Run does not match the configured, verified bacterial 16S subset	https://www.ebi.ac.uk/ena/browser/view/PRJNA1104253
gopaulchan_2025_defined_community	PRJNA1104253	PRJNA1104253	SRP503821	SRR33747438	SRX28970828	SAMN48784468	SRS25191574	P02.bc08	Metagenome or environmental sample from food fermentation metagenome	Metagenomic sample from cocoa fermentation mass inoculated with treatment T5, collected at 48hr-rep3	Illumina MiSeq sequencing: Metagenomic sample from cocoa fermentation mass inoculated with treatment T5, collected at 48hr-rep3	food fermentation metagenome	1154581	AMPLICON	METAGENOMIC	PCR	PAIRED	ILLUMINA	Illumina MiSeq	17696930	33083	3934978;5291062	ftp.sra.ebi.ac.uk/vol1/fastq/SRR337/038/SRR33747438/SRR33747438_1.fastq.gz;ftp.sra.ebi.ac.uk/vol1/fastq/SRR337/038/SRR33747438/SRR33747438_2.fastq.gz	f0c6054dd66dad394ad5865ccdd939b6;caede65fe5b42bb98c44daae01bafcae		2024		fermenting cacao beans	2025-06-23	2025-06-23	not_verified_16s_subset	false	Run does not match the configured, verified bacterial 16S subset	https://www.ebi.ac.uk/ena/browser/view/PRJNA1104253
gopaulchan_2025_defined_community	PRJNA1104253	PRJNA1104253	SRP503821	SRR33747439	SRX28970827	SAMN48784467	SRS25191573	P02.bc07	Metagenome or environmental sample from food fermentation metagenome	Metagenomic sample from cocoa fermentation mass inoculated with treatment T4, collected at 48hr-rep3	Illumina MiSeq sequencing: Metagenomic sample from cocoa fermentation mass inoculated with treatment T4, collected at 48hr-rep3	food fermentation metagenome	1154581	AMPLICON	METAGENOMIC	PCR	PAIRED	ILLUMINA	Illumina MiSeq	20190191	37744	4489825;6146719	ftp.sra.ebi.ac.uk/vol1/fastq/SRR337/039/SRR33747439/SRR33747439_1.fastq.gz;ftp.sra.ebi.ac.uk/vol1/fastq/SRR337/039/SRR33747439/SRR33747439_2.fastq.gz	ccaa5edee5073fcde04b643e58cc2d7f;bc2ec8a8b1e65d5cfc76ebb82372f8b4		2024		fermenting cacao beans	2025-06-23	2025-06-23	not_verified_16s_subset	false	Run does not match the configured, verified bacterial 16S subset	https://www.ebi.ac.uk/ena/browser/view/PRJNA1104253
gopaulchan_2025_defined_community	PRJNA1104253	PRJNA1104253	SRP503821	SRR33747440	SRX28970826	SAMN48784466	SRS25191571	P02.bc05	Metagenome or environmental sample from food fermentation metagenome	Metagenomic sample from cocoa fermentation mass inoculated with treatment T11, collected at 0hr-rep4	Illumina MiSeq sequencing: Metagenomic sample from cocoa fermentation mass inoculated with treatment T11, collected at 0hr-rep4	food fermentation metagenome	1154581	AMPLICON	METAGENOMIC	PCR	PAIRED	ILLUMINA	Illumina MiSeq	1458273	2726	378199;485264	ftp.sra.ebi.ac.uk/vol1/fastq/SRR337/040/SRR33747440/SRR33747440_1.fastq.gz;ftp.sra.ebi.ac.uk/vol1/fastq/SRR337/040/SRR33747440/SRR33747440_2.fastq.gz	433693bbae9480ae17f485f5c5745c84;aa7b7526090ddde3f5ff503bd5f7ee83		2024		fermenting cacao beans	2025-06-23	2025-06-23	not_verified_16s_subset	false	Run does not match the configured, verified bacterial 16S subset	https://www.ebi.ac.uk/ena/browser/view/PRJNA1104253
gopaulchan_2025_defined_community	PRJNA1104253	PRJNA1104253	SRP503821	SRR33747441	SRX28970825	SAMN48784465	SRS25191572	P02.bc04	Metagenome or environmental sample from food fermentation metagenome	Metagenomic sample from cocoa fermentation mass inoculated with treatment T7, collected at 48hr-rep3	Illumina MiSeq sequencing: Metagenomic sample from cocoa fermentation mass inoculated with treatment T7, collected at 48hr-rep3	food fermentation metagenome	1154581	AMPLICON	METAGENOMIC	PCR	PAIRED	ILLUMINA	Illumina MiSeq	31390699	58682	6824547;9611878	ftp.sra.ebi.ac.uk/vol1/fastq/SRR337/041/SRR33747441/SRR33747441_1.fastq.gz;ftp.sra.ebi.ac.uk/vol1/fastq/SRR337/041/SRR33747441/SRR33747441_2.fastq.gz	60d1fed6fddf88bbc062193a79736c45;873be1bb7a011bef7e7c27d140cb345f		2024		fermenting cacao beans	2025-06-23	2025-06-23	not_verified_16s_subset	false	Run does not match the configured, verified bacterial 16S subset	https://www.ebi.ac.uk/ena/browser/view/PRJNA1104253
gopaulchan_2025_defined_community	PRJNA1104253	PRJNA1104253	SRP503821	SRR33747442	SRX28970824	SAMN48784464	SRS25191570	P02.bc03	Metagenome or environmental sample from food fermentation metagenome	Metagenomic sample from cocoa fermentation mass inoculated with treatment T1, collected at 48hr-rep4	Illumina MiSeq sequencing: Metagenomic sample from cocoa fermentation mass inoculated with treatment T1, collected at 48hr-rep4	food fermentation metagenome	1154581	AMPLICON	METAGENOMIC	PCR	PAIRED	ILLUMINA	Illumina MiSeq	19873601	37152	4403589;6110594	ftp.sra.ebi.ac.uk/vol1/fastq/SRR337/042/SRR33747442/SRR33747442_1.fastq.gz;ftp.sra.ebi.ac.uk/vol1/fastq/SRR337/042/SRR33747442/SRR33747442_2.fastq.gz	7ec61055fab10dbbc57d9d72e6d0d761;bc8d1236f7bf63f16fd78a0bce9dd159		2024		fermenting cacao beans	2025-06-23	2025-06-23	not_verified_16s_subset	false	Run does not match the configured, verified bacterial 16S subset	https://www.ebi.ac.uk/ena/browser/view/PRJNA1104253
gopaulchan_2025_defined_community	PRJNA1104253	PRJNA1104253	SRP503821	SRR33747443	SRX28970823	SAMN48784392	SRS25191568	P01.bc10	Metagenome or environmental sample from food fermentation metagenome	Metagenomic sample from cocoa fermentation mass inoculated with treatment T1, collected at 0hr-rep2	Illumina MiSeq sequencing: Metagenomic sample from cocoa fermentation mass inoculated with treatment T1, collected at 0hr-rep2	food fermentation metagenome	1154581	AMPLICON	METAGENOMIC	PCR	PAIRED	ILLUMINA	Illumina MiSeq	32408028	59886	7237842;10235300	ftp.sra.ebi.ac.uk/vol1/fastq/SRR337/043/SRR33747443/SRR33747443_1.fastq.gz;ftp.sra.ebi.ac.uk/vol1/fastq/SRR337/043/SRR33747443/SRR33747443_2.fastq.gz	b8a21fa430ea67535cce61f306236a20;68df5473d75dba48f72829661edadd86		2024		fermenting cacao beans	2025-06-23	2025-06-23	not_verified_16s_subset	false	Run does not match the configured, verified bacterial 16S subset	https://www.ebi.ac.uk/ena/browser/view/PRJNA1104253
gopaulchan_2025_defined_community	PRJNA1104253	PRJNA1104253	SRP503821	SRR33747444	SRX28970822	SAMN48784463	SRS25191569	P01.bc96	Metagenome or environmental sample from food fermentation metagenome	Metagenomic sample from cocoa fermentation mass inoculated with treatment T6, collected at 48hr-rep1	Illumina MiSeq sequencing: Metagenomic sample from cocoa fermentation mass inoculated with treatment T6, collected at 48hr-rep1	food fermentation metagenome	1154581	AMPLICON	METAGENOMIC	PCR	PAIRED	ILLUMINA	Illumina MiSeq	27421522	50669	6172388;8156322	ftp.sra.ebi.ac.uk/vol1/fastq/SRR337/044/SRR33747444/SRR33747444_1.fastq.gz;ftp.sra.ebi.ac.uk/vol1/fastq/SRR337/044/SRR33747444/SRR33747444_2.fastq.gz	963a809ca22f818e429ee252d9460160;11eb5a10a4c340bfa788c05f2c874446		2024		fermenting cacao beans	2025-06-23	2025-06-23	not_verified_16s_subset	false	Run does not match the configured, verified bacterial 16S subset	https://www.ebi.ac.uk/ena/browser/view/PRJNA1104253
gopaulchan_2025_defined_community	PRJNA1104253	PRJNA1104253	SRP503821	SRR33747445	SRX28970821	SAMN48784462	SRS25191567	P01.bc94	Metagenome or environmental sample from food fermentation metagenome	Metagenomic sample from cocoa fermentation mass inoculated with treatment T13, collected at 24hr-rep1	Illumina MiSeq sequencing: Metagenomic sample from cocoa fermentation mass inoculated with treatment T13, collected at 24hr-rep1	food fermentation metagenome	1154581	AMPLICON	METAGENOMIC	PCR	PAIRED	ILLUMINA	Illumina MiSeq	20519880	37917	4588301;6029849	ftp.sra.ebi.ac.uk/vol1/fastq/SRR337/045/SRR33747445/SRR33747445_1.fastq.gz;ftp.sra.ebi.ac.uk/vol1/fastq/SRR337/045/SRR33747445/SRR33747445_2.fastq.gz	91a2ebd182b5ab376760e2e26889a3ad;eb44e1674a8e92b061cabeca22611916		2024		fermenting cacao beans	2025-06-23	2025-06-23	not_verified_16s_subset	false	Run does not match the configured, verified bacterial 16S subset	https://www.ebi.ac.uk/ena/browser/view/PRJNA1104253
gopaulchan_2025_defined_community	PRJNA1104253	PRJNA1104253	SRP503821	SRR33747446	SRX28970820	SAMN48784461	SRS25191566	P01.bc93	Metagenome or environmental sample from food fermentation metagenome	Metagenomic sample from cocoa fermentation mass inoculated with treatment T8, collected at 24hr-rep2	Illumina MiSeq sequencing: Metagenomic sample from cocoa fermentation mass inoculated with treatment T8, collected at 24hr-rep2	food fermentation metagenome	1154581	AMPLICON	METAGENOMIC	PCR	PAIRED	ILLUMINA	Illumina MiSeq	26647518	49240	5918587;8366715	ftp.sra.ebi.ac.uk/vol1/fastq/SRR337/046/SRR33747446/SRR33747446_1.fastq.gz;ftp.sra.ebi.ac.uk/vol1/fastq/SRR337/046/SRR33747446/SRR33747446_2.fastq.gz	2a52542d08b4d74aa78c4c9da4e779aa;92ebc64265c61751c74b4f9b2cd40c1a		2024		fermenting cacao beans	2025-06-23	2025-06-23	not_verified_16s_subset	false	Run does not match the configured, verified bacterial 16S subset	https://www.ebi.ac.uk/ena/browser/view/PRJNA1104253
gopaulchan_2025_defined_community	PRJNA1104253	PRJNA1104253	SRP503821	SRR33747447	SRX28970819	SAMN48784460	SRS25191563	P01.bc92	Metagenome or environmental sample from food fermentation metagenome	Metagenomic sample from cocoa fermentation mass inoculated with treatment T13, collected at 48hr-rep2	Illumina MiSeq sequencing: Metagenomic sample from cocoa fermentation mass inoculated with treatment T13, collected at 48hr-rep2	food fermentation metagenome	1154581	AMPLICON	METAGENOMIC	PCR	PAIRED	ILLUMINA	Illumina MiSeq	20016389	36986	4463926;5895422	ftp.sra.ebi.ac.uk/vol1/fastq/SRR337/047/SRR33747447/SRR33747447_1.fastq.gz;ftp.sra.ebi.ac.uk/vol1/fastq/SRR337/047/SRR33747447/SRR33747447_2.fastq.gz	ce92fdfac6dff72df619162f402212e5;506a16a601a33640d3fad104686154a6		2024		fermenting cacao beans	2025-06-23	2025-06-23	not_verified_16s_subset	false	Run does not match the configured, verified bacterial 16S subset	https://www.ebi.ac.uk/ena/browser/view/PRJNA1104253
gopaulchan_2025_defined_community	PRJNA1104253	PRJNA1104253	SRP503821	SRR33747448	SRX28970818	SAMN48784459	SRS25191565	P01.bc91	Metagenome or environmental sample from food fermentation metagenome	Metagenomic sample from cocoa fermentation mass inoculated with treatment T5, collected at 48hr-rep2	Illumina MiSeq sequencing: Metagenomic sample from cocoa fermentation mass inoculated with treatment T5, collected at 48hr-rep2	food fermentation metagenome	1154581	AMPLICON	METAGENOMIC	PCR	PAIRED	ILLUMINA	Illumina MiSeq	30758916	56837	6711295;9381062	ftp.sra.ebi.ac.uk/vol1/fastq/SRR337/048/SRR33747448/SRR33747448_1.fastq.gz;ftp.sra.ebi.ac.uk/vol1/fastq/SRR337/048/SRR33747448/SRR33747448_2.fastq.gz	3081fbc96f7e3c586bc3721b2b990d14;22e73ce5225b48fa50e3edab7b08c79e		2024		fermenting cacao beans	2025-06-23	2025-06-23	not_verified_16s_subset	false	Run does not match the configured, verified bacterial 16S subset	https://www.ebi.ac.uk/ena/browser/view/PRJNA1104253
gopaulchan_2025_defined_community	PRJNA1104253	PRJNA1104253	SRP503821	SRR33747449	SRX28970817	SAMN48784458	SRS25191564	P01.bc90	Metagenome or environmental sample from food fermentation metagenome	Metagenomic sample from cocoa fermentation mass inoculated with treatment T13, collected at 24hr-rep2	Illumina MiSeq sequencing: Metagenomic sample from cocoa fermentation mass inoculated with treatment T13, collected at 24hr-rep2	food fermentation metagenome	1154581	AMPLICON	METAGENOMIC	PCR	PAIRED	ILLUMINA	Illumina MiSeq	24218269	44751	5566434;7472111	ftp.sra.ebi.ac.uk/vol1/fastq/SRR337/049/SRR33747449/SRR33747449_1.fastq.gz;ftp.sra.ebi.ac.uk/vol1/fastq/SRR337/049/SRR33747449/SRR33747449_2.fastq.gz	89ff18a7c4a008c8a2eaa37cd2f410ac;66f590900ce4415b43ddf8d1aed7ceaf		2024		fermenting cacao beans	2025-06-23	2025-06-23	not_verified_16s_subset	false	Run does not match the configured, verified bacterial 16S subset	https://www.ebi.ac.uk/ena/browser/view/PRJNA1104253
gopaulchan_2025_defined_community	PRJNA1104253	PRJNA1104253	SRP503821	SRR33747450	SRX28970816	SAMN48784457	SRS25191561	P01.bc89	Metagenome or environmental sample from food fermentation metagenome	Metagenomic sample from cocoa fermentation mass inoculated with treatment T5, collected at 0hr-rep1	Illumina MiSeq sequencing: Metagenomic sample from cocoa fermentation mass inoculated with treatment T5, collected at 0hr-rep1	food fermentation metagenome	1154581	AMPLICON	METAGENOMIC	PCR	PAIRED	ILLUMINA	Illumina MiSeq	21318851	39393	4759274;6598624	ftp.sra.ebi.ac.uk/vol1/fastq/SRR337/050/SRR33747450/SRR33747450_1.fastq.gz;ftp.sra.ebi.ac.uk/vol1/fastq/SRR337/050/SRR33747450/SRR33747450_2.fastq.gz	30bbf8ab5a1af808dcb8eec77d519454;71065cd55f9ae1b2ad9ba995d78d05cc		2024		fermenting cacao beans	2025-06-23	2025-06-23	not_verified_16s_subset	false	Run does not match the configured, verified bacterial 16S subset	https://www.ebi.ac.uk/ena/browser/view/PRJNA1104253
gopaulchan_2025_defined_community	PRJNA1104253	PRJNA1104253	SRP503821	SRR33747451	SRX28970815	SAMN48784456	SRS25191562	P01.bc85	Metagenome or environmental sample from food fermentation metagenome	Metagenomic sample from cocoa fermentation mass inoculated with treatment T8, collected at 48hr-rep1	Illumina MiSeq sequencing: Metagenomic sample from cocoa fermentation mass inoculated with treatment T8, collected at 48hr-rep1	food fermentation metagenome	1154581	AMPLICON	METAGENOMIC	PCR	PAIRED	ILLUMINA	Illumina MiSeq	31617202	58422	6964887;9390761	ftp.sra.ebi.ac.uk/vol1/fastq/SRR337/051/SRR33747451/SRR33747451_1.fastq.gz;ftp.sra.ebi.ac.uk/vol1/fastq/SRR337/051/SRR33747451/SRR33747451_2.fastq.gz	1c652025e935f7a46ced2cd5d6654447;cf948f0982f327efb6969cf84a39cadd		2024		fermenting cacao beans	2025-06-23	2025-06-23	not_verified_16s_subset	false	Run does not match the configured, verified bacterial 16S subset	https://www.ebi.ac.uk/ena/browser/view/PRJNA1104253
gopaulchan_2025_defined_community	PRJNA1104253	PRJNA1104253	SRP503821	SRR33747452	SRX28970814	SAMN48784455	SRS25191560	P01.bc83	Metagenome or environmental sample from food fermentation metagenome	Metagenomic sample from cocoa fermentation mass inoculated with treatment T8, collected at 0hr-rep1	Illumina MiSeq sequencing: Metagenomic sample from cocoa fermentation mass inoculated with treatment T8, collected at 0hr-rep1	food fermentation metagenome	1154581	AMPLICON	METAGENOMIC	PCR	PAIRED	ILLUMINA	Illumina MiSeq	32627102	60288	7298241;10560526	ftp.sra.ebi.ac.uk/vol1/fastq/SRR337/052/SRR33747452/SRR33747452_1.fastq.gz;ftp.sra.ebi.ac.uk/vol1/fastq/SRR337/052/SRR33747452/SRR33747452_2.fastq.gz	88e4b3fa0a24458a6ad4bd034d8f00da;e380645914c5b2de2fbd793788a91e1a		2024		fermenting cacao beans	2025-06-23	2025-06-23	not_verified_16s_subset	false	Run does not match the configured, verified bacterial 16S subset	https://www.ebi.ac.uk/ena/browser/view/PRJNA1104253
gopaulchan_2025_defined_community	PRJNA1104253	PRJNA1104253	SRP503821	SRR33747453	SRX28970813	SAMN48784454	SRS25191559	P01.bc82	Metagenome or environmental sample from food fermentation metagenome	Metagenomic sample from cocoa fermentation mass inoculated with treatment T7, collected at 24hr-rep2	Illumina MiSeq sequencing: Metagenomic sample from cocoa fermentation mass inoculated with treatment T7, collected at 24hr-rep2	food fermentation metagenome	1154581	AMPLICON	METAGENOMIC	PCR	PAIRED	ILLUMINA	Illumina MiSeq	26316975	48629	5787407;8143351	ftp.sra.ebi.ac.uk/vol1/fastq/SRR337/053/SRR33747453/SRR33747453_1.fastq.gz;ftp.sra.ebi.ac.uk/vol1/fastq/SRR337/053/SRR33747453/SRR33747453_2.fastq.gz	78da7c428a5e69d0954991acf9cd22d9;e65e97c2afea258b8a24975f5a079f14		2024		fermenting cacao beans	2025-06-23	2025-06-23	not_verified_16s_subset	false	Run does not match the configured, verified bacterial 16S subset	https://www.ebi.ac.uk/ena/browser/view/PRJNA1104253
gopaulchan_2025_defined_community	PRJNA1104253	PRJNA1104253	SRP503821	SRR33747454	SRX28970812	SAMN48784391	SRS25191557	P01.bc09	Metagenome or environmental sample from food fermentation metagenome	Metagenomic sample from cocoa fermentation mass inoculated with treatment T5, collected at 0hr-rep2	Illumina MiSeq sequencing: Metagenomic sample from cocoa fermentation mass inoculated with treatment T5, collected at 0hr-rep2	food fermentation metagenome	1154581	AMPLICON	METAGENOMIC	PCR	PAIRED	ILLUMINA	Illumina MiSeq	28529263	52718	6401590;8835054	ftp.sra.ebi.ac.uk/vol1/fastq/SRR337/054/SRR33747454/SRR33747454_1.fastq.gz;ftp.sra.ebi.ac.uk/vol1/fastq/SRR337/054/SRR33747454/SRR33747454_2.fastq.gz	0927511ac53c3b09347f7a7e26734c56;28a00c0e44acbb68081ad3028e5132c4		2024		fermenting cacao beans	2025-06-23	2025-06-23	not_verified_16s_subset	false	Run does not match the configured, verified bacterial 16S subset	https://www.ebi.ac.uk/ena/browser/view/PRJNA1104253
gopaulchan_2025_defined_community	PRJNA1104253	PRJNA1104253	SRP503821	SRR33747455	SRX28970811	SAMN48784453	SRS25191558	P01.bc81	Metagenome or environmental sample from food fermentation metagenome	Metagenomic sample from cocoa fermentation mass inoculated with treatment T4, collected at 0hr-rep1	Illumina MiSeq sequencing: Metagenomic sample from cocoa fermentation mass inoculated with treatment T4, collected at 0hr-rep1	food fermentation metagenome	1154581	AMPLICON	METAGENOMIC	PCR	PAIRED	ILLUMINA	Illumina MiSeq	28160019	52034	6249810;8606018	ftp.sra.ebi.ac.uk/vol1/fastq/SRR337/055/SRR33747455/SRR33747455_1.fastq.gz;ftp.sra.ebi.ac.uk/vol1/fastq/SRR337/055/SRR33747455/SRR33747455_2.fastq.gz	41f0b017580d6ce02c2b54a5c88f342b;0f387ca5aed273f574cdf04de86593ea		2024		fermenting cacao beans	2025-06-23	2025-06-23	not_verified_16s_subset	false	Run does not match the configured, verified bacterial 16S subset	https://www.ebi.ac.uk/ena/browser/view/PRJNA1104253
gopaulchan_2025_defined_community	PRJNA1104253	PRJNA1104253	SRP503821	SRR33747456	SRX28970810	SAMN48784452	SRS25191555	P01.bc80	Metagenome or environmental sample from food fermentation metagenome	Metagenomic sample from cocoa fermentation mass inoculated with treatment T1, collected at 24hr-rep1	Illumina MiSeq sequencing: Metagenomic sample from cocoa fermentation mass inoculated with treatment T1, collected at 24hr-rep1	food fermentation metagenome	1154581	AMPLICON	METAGENOMIC	PCR	PAIRED	ILLUMINA	Illumina MiSeq	19901254	36773	4416235;6045856	ftp.sra.ebi.ac.uk/vol1/fastq/SRR337/056/SRR33747456/SRR33747456_1.fastq.gz;ftp.sra.ebi.ac.uk/vol1/fastq/SRR337/056/SRR33747456/SRR33747456_2.fastq.gz	efa41c98997ab069456578df7fd8098a;1acfcfc9c07cdbd2d1d60cdd55fefa49		2024		fermenting cacao beans	2025-06-23	2025-06-23	not_verified_16s_subset	false	Run does not match the configured, verified bacterial 16S subset	https://www.ebi.ac.uk/ena/browser/view/PRJNA1104253
gopaulchan_2025_defined_community	PRJNA1104253	PRJNA1104253	SRP503821	SRR33747457	SRX28970809	SAMN48784451	SRS25191556	P01.bc79	Metagenome or environmental sample from food fermentation metagenome	Metagenomic sample from cocoa fermentation mass inoculated with treatment T9, collected at 48hr-rep2	Illumina MiSeq sequencing: Metagenomic sample from cocoa fermentation mass inoculated with treatment T9, collected at 48hr-rep2	food fermentation metagenome	1154581	AMPLICON	METAGENOMIC	PCR	PAIRED	ILLUMINA	Illumina MiSeq	21923466	40511	4772914;6787085	ftp.sra.ebi.ac.uk/vol1/fastq/SRR337/057/SRR33747457/SRR33747457_1.fastq.gz;ftp.sra.ebi.ac.uk/vol1/fastq/SRR337/057/SRR33747457/SRR33747457_2.fastq.gz	c505286f002c11902930f4e55f4a49cf;7958a5078bd38128d19e875a5dbd3532		2024		fermenting cacao beans	2025-06-23	2025-06-23	not_verified_16s_subset	false	Run does not match the configured, verified bacterial 16S subset	https://www.ebi.ac.uk/ena/browser/view/PRJNA1104253
gopaulchan_2025_defined_community	PRJNA1104253	PRJNA1104253	SRP503821	SRR33747458	SRX28970808	SAMN48784450	SRS25191553	P01.bc78	Metagenome or environmental sample from food fermentation metagenome	Metagenomic sample from cocoa fermentation mass inoculated with treatment T7, collected at 0hr-rep2	Illumina MiSeq sequencing: Metagenomic sample from cocoa fermentation mass inoculated with treatment T7, collected at 0hr-rep2	food fermentation metagenome	1154581	AMPLICON	METAGENOMIC	PCR	PAIRED	ILLUMINA	Illumina MiSeq	34140949	63085	7663999;10637181	ftp.sra.ebi.ac.uk/vol1/fastq/SRR337/058/SRR33747458/SRR33747458_1.fastq.gz;ftp.sra.ebi.ac.uk/vol1/fastq/SRR337/058/SRR33747458/SRR33747458_2.fastq.gz	fec9564a19ab259bd3f41c2d0d872735;4d0ea743d2050c2c5e2ca0242e0ec367		2024		fermenting cacao beans	2025-06-23	2025-06-23	not_verified_16s_subset	false	Run does not match the configured, verified bacterial 16S subset	https://www.ebi.ac.uk/ena/browser/view/PRJNA1104253
gopaulchan_2025_defined_community	PRJNA1104253	PRJNA1104253	SRP503821	SRR33747459	SRX28970807	SAMN48784449	SRS25191554	P01.bc77	Metagenome or environmental sample from food fermentation metagenome	Metagenomic sample from cocoa fermentation mass inoculated with treatment T13, collected at 0hr-rep1	Illumina MiSeq sequencing: Metagenomic sample from cocoa fermentation mass inoculated with treatment T13, collected at 0hr-rep1	food fermentation metagenome	1154581	AMPLICON	METAGENOMIC	PCR	PAIRED	ILLUMINA	Illumina MiSeq	29167617	53895	6541545;9036496	ftp.sra.ebi.ac.uk/vol1/fastq/SRR337/059/SRR33747459/SRR33747459_1.fastq.gz;ftp.sra.ebi.ac.uk/vol1/fastq/SRR337/059/SRR33747459/SRR33747459_2.fastq.gz	afe863f1014116ebb3c97b229ed789b5;3b3d00a23350b50524380bbb278dfae7		2024		fermenting cacao beans	2025-06-23	2025-06-23	not_verified_16s_subset	false	Run does not match the configured, verified bacterial 16S subset	https://www.ebi.ac.uk/ena/browser/view/PRJNA1104253
gopaulchan_2025_defined_community	PRJNA1104253	PRJNA1104253	SRP503821	SRR33747460	SRX28970806	SAMN48784448	SRS25191552	P01.bc75	Metagenome or environmental sample from food fermentation metagenome	Metagenomic sample from cocoa fermentation mass inoculated with treatment T12, collected at 48hr-rep3	Illumina MiSeq sequencing: Metagenomic sample from cocoa fermentation mass inoculated with treatment T12, collected at 48hr-rep3	food fermentation metagenome	1154581	AMPLICON	METAGENOMIC	PCR	PAIRED	ILLUMINA	Illumina MiSeq	15832798	29257	3887114;5171263	ftp.sra.ebi.ac.uk/vol1/fastq/SRR337/060/SRR33747460/SRR33747460_1.fastq.gz;ftp.sra.ebi.ac.uk/vol1/fastq/SRR337/060/SRR33747460/SRR33747460_2.fastq.gz	c2fdfaa348385b0b467c7091bdf952b1;7f190f659f03cd7fa5460087a6cdd532		2024		fermenting cacao beans	2025-06-23	2025-06-23	not_verified_16s_subset	false	Run does not match the configured, verified bacterial 16S subset	https://www.ebi.ac.uk/ena/browser/view/PRJNA1104253
gopaulchan_2025_defined_community	PRJNA1104253	PRJNA1104253	SRP503821	SRR33747461	SRX28970805	SAMN48784447	SRS25191551	P01.bc74	Metagenome or environmental sample from food fermentation metagenome	Metagenomic sample from cocoa fermentation mass inoculated with treatment T7, collected at 48hr-rep2	Illumina MiSeq sequencing: Metagenomic sample from cocoa fermentation mass inoculated with treatment T7, collected at 48hr-rep2	food fermentation metagenome	1154581	AMPLICON	METAGENOMIC	PCR	PAIRED	ILLUMINA	Illumina MiSeq	21449249	39635	4617838;6566978	ftp.sra.ebi.ac.uk/vol1/fastq/SRR337/061/SRR33747461/SRR33747461_1.fastq.gz;ftp.sra.ebi.ac.uk/vol1/fastq/SRR337/061/SRR33747461/SRR33747461_2.fastq.gz	f65548e85d8b307762c8f375128646db;f207c3724a523f8eb688854137ea777f		2024		fermenting cacao beans	2025-06-23	2025-06-23	not_verified_16s_subset	false	Run does not match the configured, verified bacterial 16S subset	https://www.ebi.ac.uk/ena/browser/view/PRJNA1104253
gopaulchan_2025_defined_community	PRJNA1104253	PRJNA1104253	SRP503821	SRR33747462	SRX28970804	SAMN48784446	SRS25191549	P01.bc73	Metagenome or environmental sample from food fermentation metagenome	Metagenomic sample from cocoa fermentation mass inoculated with treatment T11, collected at 24hr-rep2	Illumina MiSeq sequencing: Metagenomic sample from cocoa fermentation mass inoculated with treatment T11, collected at 24hr-rep2	food fermentation metagenome	1154581	AMPLICON	METAGENOMIC	PCR	PAIRED	ILLUMINA	Illumina MiSeq	7746640	14314	1965219;2616727	ftp.sra.ebi.ac.uk/vol1/fastq/SRR337/062/SRR33747462/SRR33747462_1.fastq.gz;ftp.sra.ebi.ac.uk/vol1/fastq/SRR337/062/SRR33747462/SRR33747462_2.fastq.gz	dd6eb3f86601c615567ad508544c8f52;0b4b19c72e570868fbdf359728205ed4		2024		fermenting cacao beans	2025-06-23	2025-06-23	not_verified_16s_subset	false	Run does not match the configured, verified bacterial 16S subset	https://www.ebi.ac.uk/ena/browser/view/PRJNA1104253
gopaulchan_2025_defined_community	PRJNA1104253	PRJNA1104253	SRP503821	SRR33747463	SRX28970803	SAMN48784445	SRS25191548	P01.bc71	Metagenome or environmental sample from food fermentation metagenome	Metagenomic sample from cocoa fermentation mass inoculated with treatment T12, collected at 0hr-rep1	Illumina MiSeq sequencing: Metagenomic sample from cocoa fermentation mass inoculated with treatment T12, collected at 0hr-rep1	food fermentation metagenome	1154581	AMPLICON	METAGENOMIC	PCR	PAIRED	ILLUMINA	Illumina MiSeq	29727762	54933	7372047;9796979	ftp.sra.ebi.ac.uk/vol1/fastq/SRR337/063/SRR33747463/SRR33747463_1.fastq.gz;ftp.sra.ebi.ac.uk/vol1/fastq/SRR337/063/SRR33747463/SRR33747463_2.fastq.gz	293bc4b7932896c9122bf6c5f97869ec;f8608fe8965f607ff0bfcdce2ba7fb3d		2024		fermenting cacao beans	2025-06-23	2025-06-23	not_verified_16s_subset	false	Run does not match the configured, verified bacterial 16S subset	https://www.ebi.ac.uk/ena/browser/view/PRJNA1104253
gopaulchan_2025_defined_community	PRJNA1104253	PRJNA1104253	SRP503821	SRR33747464	SRX28970802	SAMN48784444	SRS25191550	P01.bc70	Metagenome or environmental sample from food fermentation metagenome	Metagenomic sample from cocoa fermentation mass inoculated with treatment T13, collected at 0hr-rep2	Illumina MiSeq sequencing: Metagenomic sample from cocoa fermentation mass inoculated with treatment T13, collected at 0hr-rep2	food fermentation metagenome	1154581	AMPLICON	METAGENOMIC	PCR	PAIRED	ILLUMINA	Illumina MiSeq	33616673	62117	7621619;10390585	ftp.sra.ebi.ac.uk/vol1/fastq/SRR337/064/SRR33747464/SRR33747464_1.fastq.gz;ftp.sra.ebi.ac.uk/vol1/fastq/SRR337/064/SRR33747464/SRR33747464_2.fastq.gz	86cdacf84d128b8bef27e687bfef833a;41c93fff8405bc2950ccbbe35ac11735		2024		fermenting cacao beans	2025-06-23	2025-06-23	not_verified_16s_subset	false	Run does not match the configured, verified bacterial 16S subset	https://www.ebi.ac.uk/ena/browser/view/PRJNA1104253
gopaulchan_2025_defined_community	PRJNA1104253	PRJNA1104253	SRP503821	SRR33747465	SRX28970801	SAMN48784390	SRS25191547	P01.bc08	Metagenome or environmental sample from food fermentation metagenome	Metagenomic sample from cocoa fermentation mass inoculated with treatment T13, collected at 48hr-rep3	Illumina MiSeq sequencing: Metagenomic sample from cocoa fermentation mass inoculated with treatment T13, collected at 48hr-rep3	food fermentation metagenome	1154581	AMPLICON	METAGENOMIC	PCR	PAIRED	ILLUMINA	Illumina MiSeq	13383968	24731	2981936;3894969	ftp.sra.ebi.ac.uk/vol1/fastq/SRR337/065/SRR33747465/SRR33747465_1.fastq.gz;ftp.sra.ebi.ac.uk/vol1/fastq/SRR337/065/SRR33747465/SRR33747465_2.fastq.gz	d141a80d5281ce8beab1b38afe67d8b1;a144e74f9c1339f3b9c924f2a925f529		2024		fermenting cacao beans	2025-06-23	2025-06-23	not_verified_16s_subset	false	Run does not match the configured, verified bacterial 16S subset	https://www.ebi.ac.uk/ena/browser/view/PRJNA1104253
gopaulchan_2025_defined_community	PRJNA1104253	PRJNA1104253	SRP503821	SRR33747466	SRX28970800	SAMN48784443	SRS25191546	P01.bc69	Metagenome or environmental sample from food fermentation metagenome	Metagenomic sample from cocoa fermentation mass inoculated with treatment T11, collected at 48hr-rep1	Illumina MiSeq sequencing: Metagenomic sample from cocoa fermentation mass inoculated with treatment T11, collected at 48hr-rep1	food fermentation metagenome	1154581	AMPLICON	METAGENOMIC	PCR	PAIRED	ILLUMINA	Illumina MiSeq	21475344	39683	5431705;7184291	ftp.sra.ebi.ac.uk/vol1/fastq/SRR337/066/SRR33747466/SRR33747466_1.fastq.gz;ftp.sra.ebi.ac.uk/vol1/fastq/SRR337/066/SRR33747466/SRR33747466_2.fastq.gz	4aa22e90b244e1accd54fa7dc3eee25e;cbc6e2ac38a55f39256bccdaa14651ce		2024		fermenting cacao beans	2025-06-23	2025-06-23	not_verified_16s_subset	false	Run does not match the configured, verified bacterial 16S subset	https://www.ebi.ac.uk/ena/browser/view/PRJNA1104253
gopaulchan_2025_defined_community	PRJNA1104253	PRJNA1104253	SRP503821	SRR33747467	SRX28970799	SAMN48784442	SRS25191545	P01.bc68	Metagenome or environmental sample from food fermentation metagenome	Metagenomic sample from cocoa fermentation mass inoculated with treatment T12, collected at 0hr-rep2	Illumina MiSeq sequencing: Metagenomic sample from cocoa fermentation mass inoculated with treatment T12, collected at 0hr-rep2	food fermentation metagenome	1154581	AMPLICON	METAGENOMIC	PCR	PAIRED	ILLUMINA	Illumina MiSeq	24892845	45998	6245569;8263795	ftp.sra.ebi.ac.uk/vol1/fastq/SRR337/067/SRR33747467/SRR33747467_1.fastq.gz;ftp.sra.ebi.ac.uk/vol1/fastq/SRR337/067/SRR33747467/SRR33747467_2.fastq.gz	373613b48235ff23626ce8b2ea20c312;e5bd729dfffbf5b2bbc37d66f4b9a0db		2024		fermenting cacao beans	2025-06-23	2025-06-23	not_verified_16s_subset	false	Run does not match the configured, verified bacterial 16S subset	https://www.ebi.ac.uk/ena/browser/view/PRJNA1104253
gopaulchan_2025_defined_community	PRJNA1104253	PRJNA1104253	SRP503821	SRR33747468	SRX28970798	SAMN48784441	SRS25191544	P01.bc67	Metagenome or environmental sample from food fermentation metagenome	Metagenomic sample from cocoa fermentation mass inoculated with treatment T7, collected at 48hr-rep1	Illumina MiSeq sequencing: Metagenomic sample from cocoa fermentation mass inoculated with treatment T7, collected at 48hr-rep1	food fermentation metagenome	1154581	AMPLICON	METAGENOMIC	PCR	PAIRED	ILLUMINA	Illumina MiSeq	29155151	53874	6225217;8793310	ftp.sra.ebi.ac.uk/vol1/fastq/SRR337/068/SRR33747468/SRR33747468_1.fastq.gz;ftp.sra.ebi.ac.uk/vol1/fastq/SRR337/068/SRR33747468/SRR33747468_2.fastq.gz	7446f3093bb1eeeb54c6f3e9bf1d63db;bcad9f141dd9ae4a8ea56a01402083db		2024		fermenting cacao beans	2025-06-23	2025-06-23	not_verified_16s_subset	false	Run does not match the configured, verified bacterial 16S subset	https://www.ebi.ac.uk/ena/browser/view/PRJNA1104253
gopaulchan_2025_defined_community	PRJNA1104253	PRJNA1104253	SRP503821	SRR33747469	SRX28970797	SAMN48784440	SRS25191541	P01.bc66	Metagenome or environmental sample from food fermentation metagenome	Metagenomic sample from cocoa fermentation mass inoculated with treatment T11, collected at 0hr-rep1	Illumina MiSeq sequencing: Metagenomic sample from cocoa fermentation mass inoculated with treatment T11, collected at 0hr-rep1	food fermentation metagenome	1154581	AMPLICON	METAGENOMIC	PCR	PAIRED	ILLUMINA	Illumina MiSeq	23323091	43097	5795283;7555336	ftp.sra.ebi.ac.uk/vol1/fastq/SRR337/069/SRR33747469/SRR33747469_1.fastq.gz;ftp.sra.ebi.ac.uk/vol1/fastq/SRR337/069/SRR33747469/SRR33747469_2.fastq.gz	da7eb2f734985c10444b2b2c83b723e1;28cf578845d3ca5e218a6249b8cfceb5		2024		fermenting cacao beans	2025-06-23	2025-06-23	not_verified_16s_subset	false	Run does not match the configured, verified bacterial 16S subset	https://www.ebi.ac.uk/ena/browser/view/PRJNA1104253
gopaulchan_2025_defined_community	PRJNA1104253	PRJNA1104253	SRP503821	SRR33747470	SRX28970796	SAMN48784439	SRS25191542	P01.bc65	Metagenome or environmental sample from food fermentation metagenome	Metagenomic sample from cocoa fermentation mass inoculated with treatment T2, collected at 0hr-rep1	Illumina MiSeq sequencing: Metagenomic sample from cocoa fermentation mass inoculated with treatment T2, collected at 0hr-rep1	food fermentation metagenome	1154581	AMPLICON	METAGENOMIC	PCR	PAIRED	ILLUMINA	Illumina MiSeq	29505210	54519	6487185;8900753	ftp.sra.ebi.ac.uk/vol1/fastq/SRR337/070/SRR33747470/SRR33747470_1.fastq.gz;ftp.sra.ebi.ac.uk/vol1/fastq/SRR337/070/SRR33747470/SRR33747470_2.fastq.gz	85f5e903c1501ab7b363232dc3056870;87422662aad8d3256aec30a2e79abb60		2024		fermenting cacao beans	2025-06-23	2025-06-23	not_verified_16s_subset	false	Run does not match the configured, verified bacterial 16S subset	https://www.ebi.ac.uk/ena/browser/view/PRJNA1104253
gopaulchan_2025_defined_community	PRJNA1104253	PRJNA1104253	SRP503821	SRR33747471	SRX28970795	SAMN48784438	SRS25191543	P01.bc63	Metagenome or environmental sample from food fermentation metagenome	Metagenomic sample from cocoa fermentation mass inoculated with treatment T1, collected at 24hr-rep2	Illumina MiSeq sequencing: Metagenomic sample from cocoa fermentation mass inoculated with treatment T1, collected at 24hr-rep2	food fermentation metagenome	1154581	AMPLICON	METAGENOMIC	PCR	PAIRED	ILLUMINA	Illumina MiSeq	37178813	68700	8103873;11317065	ftp.sra.ebi.ac.uk/vol1/fastq/SRR337/071/SRR33747471/SRR33747471_1.fastq.gz;ftp.sra.ebi.ac.uk/vol1/fastq/SRR337/071/SRR33747471/SRR33747471_2.fastq.gz	547e24e7d24e3ddc2b6c3ecebe222825;e4c94d86c1557f8c29caea07d4fcaa8a		2024		fermenting cacao beans	2025-06-23	2025-06-23	not_verified_16s_subset	false	Run does not match the configured, verified bacterial 16S subset	https://www.ebi.ac.uk/ena/browser/view/PRJNA1104253
gopaulchan_2025_defined_community	PRJNA1104253	PRJNA1104253	SRP503821	SRR33747472	SRX28970794	SAMN48784437	SRS25191540	P01.bc62	Metagenome or environmental sample from food fermentation metagenome	Metagenomic sample from cocoa fermentation mass inoculated with treatment T3, collected at 48hr-rep1	Illumina MiSeq sequencing: Metagenomic sample from cocoa fermentation mass inoculated with treatment T3, collected at 48hr-rep1	food fermentation metagenome	1154581	AMPLICON	METAGENOMIC	PCR	PAIRED	ILLUMINA	Illumina MiSeq	24500816	45272	5390331;7346160	ftp.sra.ebi.ac.uk/vol1/fastq/SRR337/072/SRR33747472/SRR33747472_1.fastq.gz;ftp.sra.ebi.ac.uk/vol1/fastq/SRR337/072/SRR33747472/SRR33747472_2.fastq.gz	12a637dc79017b150360a81cd07b1d7a;be9cb00084339919235d47392f4e109d		2024		fermenting cacao beans	2025-06-23	2025-06-23	not_verified_16s_subset	false	Run does not match the configured, verified bacterial 16S subset	https://www.ebi.ac.uk/ena/browser/view/PRJNA1104253
gopaulchan_2025_defined_community	PRJNA1104253	PRJNA1104253	SRP503821	SRR33747473	SRX28970793	SAMN48784436	SRS25191539	P01.bc61	Metagenome or environmental sample from food fermentation metagenome	Metagenomic sample from cocoa fermentation mass inoculated with treatment T9, collected at 48hr-rep1	Illumina MiSeq sequencing: Metagenomic sample from cocoa fermentation mass inoculated with treatment T9, collected at 48hr-rep1	food fermentation metagenome	1154581	AMPLICON	METAGENOMIC	PCR	PAIRED	ILLUMINA	Illumina MiSeq	14895702	27524	3270246;4448591	ftp.sra.ebi.ac.uk/vol1/fastq/SRR337/073/SRR33747473/SRR33747473_1.fastq.gz;ftp.sra.ebi.ac.uk/vol1/fastq/SRR337/073/SRR33747473/SRR33747473_2.fastq.gz	fed99dc731b8a691d7b23721e9323d1f;b6db8c80daa96d08a82254d72ce9c394		2024		fermenting cacao beans	2025-06-23	2025-06-23	not_verified_16s_subset	false	Run does not match the configured, verified bacterial 16S subset	https://www.ebi.ac.uk/ena/browser/view/PRJNA1104253
gopaulchan_2025_defined_community	PRJNA1104253	PRJNA1104253	SRP503821	SRR33747474	SRX28970792	SAMN48784435	SRS25191537	P01.bc60	Metagenome or environmental sample from food fermentation metagenome	Metagenomic sample from cocoa fermentation mass inoculated with treatment T2, collected at 24hr-rep2	Illumina MiSeq sequencing: Metagenomic sample from cocoa fermentation mass inoculated with treatment T2, collected at 24hr-rep2	food fermentation metagenome	1154581	AMPLICON	METAGENOMIC	PCR	PAIRED	ILLUMINA	Illumina MiSeq	31602818	58396	6967263;9909764	ftp.sra.ebi.ac.uk/vol1/fastq/SRR337/074/SRR33747474/SRR33747474_1.fastq.gz;ftp.sra.ebi.ac.uk/vol1/fastq/SRR337/074/SRR33747474/SRR33747474_2.fastq.gz	450420271ed68f3e681aaab0a727c7b2;3dfafb9daffcdec7beef851f877ffa2d		2024		fermenting cacao beans	2025-06-23	2025-06-23	not_verified_16s_subset	false	Run does not match the configured, verified bacterial 16S subset	https://www.ebi.ac.uk/ena/browser/view/PRJNA1104253
gopaulchan_2025_defined_community	PRJNA1104253	PRJNA1104253	SRP503821	SRR33747475	SRX28970791	SAMN48784434	SRS25191538	P01.bc58	Metagenome or environmental sample from food fermentation metagenome	Metagenomic sample from cocoa fermentation mass inoculated with treatment T13, collected at 48hr-rep1	Illumina MiSeq sequencing: Metagenomic sample from cocoa fermentation mass inoculated with treatment T13, collected at 48hr-rep1	food fermentation metagenome	1154581	AMPLICON	METAGENOMIC	PCR	PAIRED	ILLUMINA	Illumina MiSeq	16691559	30842	3672753;5025097	ftp.sra.ebi.ac.uk/vol1/fastq/SRR337/075/SRR33747475/SRR33747475_1.fastq.gz;ftp.sra.ebi.ac.uk/vol1/fastq/SRR337/075/SRR33747475/SRR33747475_2.fastq.gz	625267520cb911f11e5866b253f7a853;027ebfa465d0a6308a7232935702cf95		2024		fermenting cacao beans	2025-06-23	2025-06-23	not_verified_16s_subset	false	Run does not match the configured, verified bacterial 16S subset	https://www.ebi.ac.uk/ena/browser/view/PRJNA1104253
gopaulchan_2025_defined_community	PRJNA1104253	PRJNA1104253	SRP503821	SRR33747476	SRX28970790	SAMN48784389	SRS25191536	P01.bc07	Metagenome or environmental sample from food fermentation metagenome	Metagenomic sample from cocoa fermentation mass inoculated with treatment T11, collected at 0hr-rep2	Illumina MiSeq sequencing: Metagenomic sample from cocoa fermentation mass inoculated with treatment T11, collected at 0hr-rep2	food fermentation metagenome	1154581	AMPLICON	METAGENOMIC	PCR	PAIRED	ILLUMINA	Illumina MiSeq	24546085	45358	6219990;8197608	ftp.sra.ebi.ac.uk/vol1/fastq/SRR337/076/SRR33747476/SRR33747476_1.fastq.gz;ftp.sra.ebi.ac.uk/vol1/fastq/SRR337/076/SRR33747476/SRR33747476_2.fastq.gz	e485305224ece3b590bc75d6d491412a;262e7a14f39ad19a7509b5205748e532		2024		fermenting cacao beans	2025-06-23	2025-06-23	not_verified_16s_subset	false	Run does not match the configured, verified bacterial 16S subset	https://www.ebi.ac.uk/ena/browser/view/PRJNA1104253
gopaulchan_2025_defined_community	PRJNA1104253	PRJNA1104253	SRP503821	SRR33747477	SRX28970789	SAMN48784433	SRS25191535	P01.bc57	Metagenome or environmental sample from food fermentation metagenome	Metagenomic sample from cocoa fermentation mass inoculated with treatment T9, collected at 24hr-rep1	Illumina MiSeq sequencing: Metagenomic sample from cocoa fermentation mass inoculated with treatment T9, collected at 24hr-rep1	food fermentation metagenome	1154581	AMPLICON	METAGENOMIC	PCR	PAIRED	ILLUMINA	Illumina MiSeq	23213837	42895	5096582;6924961	ftp.sra.ebi.ac.uk/vol1/fastq/SRR337/077/SRR33747477/SRR33747477_1.fastq.gz;ftp.sra.ebi.ac.uk/vol1/fastq/SRR337/077/SRR33747477/SRR33747477_2.fastq.gz	3fc2fd240f35a0853a6aa74cb0fb7f5d;146d794633697347ed155819d4df537d		2024		fermenting cacao beans	2025-06-23	2025-06-23	not_verified_16s_subset	false	Run does not match the configured, verified bacterial 16S subset	https://www.ebi.ac.uk/ena/browser/view/PRJNA1104253
gopaulchan_2025_defined_community	PRJNA1104253	PRJNA1104253	SRP503821	SRR33747478	SRX28970788	SAMN48784432	SRS25191534	P01.bc56	Metagenome or environmental sample from food fermentation metagenome	Metagenomic sample from cocoa fermentation mass inoculated with treatment T5, collected at 48hr-rep1	Illumina MiSeq sequencing: Metagenomic sample from cocoa fermentation mass inoculated with treatment T5, collected at 48hr-rep1	food fermentation metagenome	1154581	AMPLICON	METAGENOMIC	PCR	PAIRED	ILLUMINA	Illumina MiSeq	25803302	47678	5685936;7756250	ftp.sra.ebi.ac.uk/vol1/fastq/SRR337/078/SRR33747478/SRR33747478_1.fastq.gz;ftp.sra.ebi.ac.uk/vol1/fastq/SRR337/078/SRR33747478/SRR33747478_2.fastq.gz	651f2a421363af48261d3c009198dbf5;b0336207711c6a762f6b708aa2c1f9d2		2024		fermenting cacao beans	2025-06-23	2025-06-23	not_verified_16s_subset	false	Run does not match the configured, verified bacterial 16S subset	https://www.ebi.ac.uk/ena/browser/view/PRJNA1104253
gopaulchan_2025_defined_community	PRJNA1104253	PRJNA1104253	SRP503821	SRR33747479	SRX28970787	SAMN48784431	SRS25191533	P01.bc55	Metagenome or environmental sample from food fermentation metagenome	Metagenomic sample from cocoa fermentation mass inoculated with treatment T10, collected at 0hr-rep2	Illumina MiSeq sequencing: Metagenomic sample from cocoa fermentation mass inoculated with treatment T10, collected at 0hr-rep2	food fermentation metagenome	1154581	AMPLICON	METAGENOMIC	PCR	PAIRED	ILLUMINA	Illumina MiSeq	35752193	66064	7942181;11002843	ftp.sra.ebi.ac.uk/vol1/fastq/SRR337/079/SRR33747479/SRR33747479_1.fastq.gz;ftp.sra.ebi.ac.uk/vol1/fastq/SRR337/079/SRR33747479/SRR33747479_2.fastq.gz	c50e5cc47b8231dbf046543032afc0b9;aed9026b7af7976d81662ea09bb300c0		2024		fermenting cacao beans	2025-06-23	2025-06-23	not_verified_16s_subset	false	Run does not match the configured, verified bacterial 16S subset	https://www.ebi.ac.uk/ena/browser/view/PRJNA1104253
gopaulchan_2025_defined_community	PRJNA1104253	PRJNA1104253	SRP503821	SRR33747480	SRX28970786	SAMN48784430	SRS25191532	P01.bc53	Metagenome or environmental sample from food fermentation metagenome	Metagenomic sample from cocoa fermentation mass inoculated with treatment T3, collected at 24hr-rep1	Illumina MiSeq sequencing: Metagenomic sample from cocoa fermentation mass inoculated with treatment T3, collected at 24hr-rep1	food fermentation metagenome	1154581	AMPLICON	METAGENOMIC	PCR	PAIRED	ILLUMINA	Illumina MiSeq	22514405	41602	4986202;7103660	ftp.sra.ebi.ac.uk/vol1/fastq/SRR337/080/SRR33747480/SRR33747480_1.fastq.gz;ftp.sra.ebi.ac.uk/vol1/fastq/SRR337/080/SRR33747480/SRR33747480_2.fastq.gz	d015fc7d708a62c67a8d35038be6d0dc;07f474be2e552782f3d3f3a0919f3f6d		2024		fermenting cacao beans	2025-06-23	2025-06-23	not_verified_16s_subset	false	Run does not match the configured, verified bacterial 16S subset	https://www.ebi.ac.uk/ena/browser/view/PRJNA1104253
gopaulchan_2025_defined_community	PRJNA1104253	PRJNA1104253	SRP503821	SRR33747481	SRX28970785	SAMN48784429	SRS25191530	P01.bc52	Metagenome or environmental sample from food fermentation metagenome	Metagenomic sample from cocoa fermentation mass inoculated with treatment T3, collected at 0hr-rep2	Illumina MiSeq sequencing: Metagenomic sample from cocoa fermentation mass inoculated with treatment T3, collected at 0hr-rep2	food fermentation metagenome	1154581	AMPLICON	METAGENOMIC	PCR	PAIRED	ILLUMINA	Illumina MiSeq	32742774	60503	7335399;10219523	ftp.sra.ebi.ac.uk/vol1/fastq/SRR337/081/SRR33747481/SRR33747481_1.fastq.gz;ftp.sra.ebi.ac.uk/vol1/fastq/SRR337/081/SRR33747481/SRR33747481_2.fastq.gz	2810a75ae1efd8f069b5cdca8a65b54f;f5e89bebda922eee63db55898f2b4eae		2024		fermenting cacao beans	2025-06-23	2025-06-23	not_verified_16s_subset	false	Run does not match the configured, verified bacterial 16S subset	https://www.ebi.ac.uk/ena/browser/view/PRJNA1104253
gopaulchan_2025_defined_community	PRJNA1104253	PRJNA1104253	SRP503821	SRR33747482	SRX28970784	SAMN48784428	SRS25191531	P01.bc51	Metagenome or environmental sample from food fermentation metagenome	Metagenomic sample from cocoa fermentation mass inoculated with treatment T6, collected at 24hr-rep2	Illumina MiSeq sequencing: Metagenomic sample from cocoa fermentation mass inoculated with treatment T6, collected at 24hr-rep2	food fermentation metagenome	1154581	AMPLICON	METAGENOMIC	PCR	PAIRED	ILLUMINA	Illumina MiSeq	26356226	48701	6171482;8286238	ftp.sra.ebi.ac.uk/vol1/fastq/SRR337/082/SRR33747482/SRR33747482_1.fastq.gz;ftp.sra.ebi.ac.uk/vol1/fastq/SRR337/082/SRR33747482/SRR33747482_2.fastq.gz	7bc7d30ec6948d9b315e3b61a7a1e374;953dcf5ea791ec54dffe990e18803b34		2024		fermenting cacao beans	2025-06-23	2025-06-23	not_verified_16s_subset	false	Run does not match the configured, verified bacterial 16S subset	https://www.ebi.ac.uk/ena/browser/view/PRJNA1104253
gopaulchan_2025_defined_community	PRJNA1104253	PRJNA1104253	SRP503821	SRR33747483	SRX28970783	SAMN48784427	SRS25191529	P01.bc50	Metagenome or environmental sample from food fermentation metagenome	Metagenomic sample from cocoa fermentation mass inoculated with treatment T4, collected at 0hr-rep2	Illumina MiSeq sequencing: Metagenomic sample from cocoa fermentation mass inoculated with treatment T4, collected at 0hr-rep2	food fermentation metagenome	1154581	AMPLICON	METAGENOMIC	PCR	PAIRED	ILLUMINA	Illumina MiSeq	30968581	57225	6999056;9615446	ftp.sra.ebi.ac.uk/vol1/fastq/SRR337/083/SRR33747483/SRR33747483_1.fastq.gz;ftp.sra.ebi.ac.uk/vol1/fastq/SRR337/083/SRR33747483/SRR33747483_2.fastq.gz	b9160edeca167e3f78fbcd784bd87b18;fba78e1abbd6a6ec61a43ecbfe61c203		2024		fermenting cacao beans	2025-06-23	2025-06-23	not_verified_16s_subset	false	Run does not match the configured, verified bacterial 16S subset	https://www.ebi.ac.uk/ena/browser/view/PRJNA1104253
gopaulchan_2025_defined_community	PRJNA1104253	PRJNA1104253	SRP503821	SRR33747484	SRX28970782	SAMN48784426	SRS25191528	P01.bc49	Metagenome or environmental sample from food fermentation metagenome	Metagenomic sample from cocoa fermentation mass inoculated with treatment T4, collected at 48hr-rep1	Illumina MiSeq sequencing: Metagenomic sample from cocoa fermentation mass inoculated with treatment T4, collected at 48hr-rep1	food fermentation metagenome	1154581	AMPLICON	METAGENOMIC	PCR	PAIRED	ILLUMINA	Illumina MiSeq	19232759	35538	4243467;5773156	ftp.sra.ebi.ac.uk/vol1/fastq/SRR337/084/SRR33747484/SRR33747484_1.fastq.gz;ftp.sra.ebi.ac.uk/vol1/fastq/SRR337/084/SRR33747484/SRR33747484_2.fastq.gz	2bd4d21ab393719a8f339a3db615e93c;01c65482f7411bca23d408a309be8468		2024		fermenting cacao beans	2025-06-23	2025-06-23	not_verified_16s_subset	false	Run does not match the configured, verified bacterial 16S subset	https://www.ebi.ac.uk/ena/browser/view/PRJNA1104253
gopaulchan_2025_defined_community	PRJNA1104253	PRJNA1104253	SRP503821	SRR33747485	SRX28970781	SAMN48784425	SRS25191527	P01.bc48	Metagenome or environmental sample from food fermentation metagenome	Metagenomic sample from cocoa fermentation mass inoculated with treatment T10, collected at 24hr-rep2	Illumina MiSeq sequencing: Metagenomic sample from cocoa fermentation mass inoculated with treatment T10, collected at 24hr-rep2	food fermentation metagenome	1154581	AMPLICON	METAGENOMIC	PCR	PAIRED	ILLUMINA	Illumina MiSeq	33981870	62793	7498585;10517985	ftp.sra.ebi.ac.uk/vol1/fastq/SRR337/085/SRR33747485/SRR33747485_1.fastq.gz;ftp.sra.ebi.ac.uk/vol1/fastq/SRR337/085/SRR33747485/SRR33747485_2.fastq.gz	a447d33e9335fcbee482b5870feb9e0e;837d6a21e27c10941c6d612d30aa14c2		2024		fermenting cacao beans	2025-06-23	2025-06-23	not_verified_16s_subset	false	Run does not match the configured, verified bacterial 16S subset	https://www.ebi.ac.uk/ena/browser/view/PRJNA1104253
gopaulchan_2025_defined_community	PRJNA1104253	PRJNA1104253	SRP503821	SRR33747486	SRX28970780	SAMN48784424	SRS25191525	P01.bc47	Metagenome or environmental sample from food fermentation metagenome	Metagenomic sample from cocoa fermentation mass inoculated with treatment T2, collected at 24hr-rep1	Illumina MiSeq sequencing: Metagenomic sample from cocoa fermentation mass inoculated with treatment T2, collected at 24hr-rep1	food fermentation metagenome	1154581	AMPLICON	METAGENOMIC	PCR	PAIRED	ILLUMINA	Illumina MiSeq	22496470	41570	5029709;6709867	ftp.sra.ebi.ac.uk/vol1/fastq/SRR337/086/SRR33747486/SRR33747486_1.fastq.gz;ftp.sra.ebi.ac.uk/vol1/fastq/SRR337/086/SRR33747486/SRR33747486_2.fastq.gz	c693e67dd2ed56b8dd40c459370bff8b;c4f2f6730b4b5d376853a89c93f3f308		2024		fermenting cacao beans	2025-06-23	2025-06-23	not_verified_16s_subset	false	Run does not match the configured, verified bacterial 16S subset	https://www.ebi.ac.uk/ena/browser/view/PRJNA1104253
gopaulchan_2025_defined_community	PRJNA1104253	PRJNA1104253	SRP503821	SRR33747487	SRX28970779	SAMN48784388	SRS25191526	P01.bc06	Metagenome or environmental sample from food fermentation metagenome	Metagenomic sample from cocoa fermentation mass inoculated with treatment T10, collected at 48hr-rep1	Illumina MiSeq sequencing: Metagenomic sample from cocoa fermentation mass inoculated with treatment T10, collected at 48hr-rep1	food fermentation metagenome	1154581	AMPLICON	METAGENOMIC	PCR	PAIRED	ILLUMINA	Illumina MiSeq	14150372	26148	3193237;4346224	ftp.sra.ebi.ac.uk/vol1/fastq/SRR337/087/SRR33747487/SRR33747487_1.fastq.gz;ftp.sra.ebi.ac.uk/vol1/fastq/SRR337/087/SRR33747487/SRR33747487_2.fastq.gz	710017b2391d58d8dc93a0cf3f5fb8b7;2c3a04a9cad5ff9848dc85015da4f95c		2024		fermenting cacao beans	2025-06-23	2025-06-23	not_verified_16s_subset	false	Run does not match the configured, verified bacterial 16S subset	https://www.ebi.ac.uk/ena/browser/view/PRJNA1104253
gopaulchan_2025_defined_community	PRJNA1104253	PRJNA1104253	SRP503821	SRR33747488	SRX28970778	SAMN48784423	SRS25191521	P01.bc46	Metagenome or environmental sample from food fermentation metagenome	Metagenomic sample from cocoa fermentation mass inoculated with treatment T10, collected at 24hr-rep1	Illumina MiSeq sequencing: Metagenomic sample from cocoa fermentation mass inoculated with treatment T10, collected at 24hr-rep1	food fermentation metagenome	1154581	AMPLICON	METAGENOMIC	PCR	PAIRED	ILLUMINA	Illumina MiSeq	25907442	47871	5690685;7734105	ftp.sra.ebi.ac.uk/vol1/fastq/SRR337/088/SRR33747488/SRR33747488_1.fastq.gz;ftp.sra.ebi.ac.uk/vol1/fastq/SRR337/088/SRR33747488/SRR33747488_2.fastq.gz	223d577ea1593d21d3056a00481a9ace;963b261cf88b17d423202fa8e89057f3		2024		fermenting cacao beans	2025-06-23	2025-06-23	not_verified_16s_subset	false	Run does not match the configured, verified bacterial 16S subset	https://www.ebi.ac.uk/ena/browser/view/PRJNA1104253
gopaulchan_2025_defined_community	PRJNA1104253	PRJNA1104253	SRP503821	SRR33747489	SRX28970777	SAMN48784422	SRS25191524	P01.bc43	Metagenome or environmental sample from food fermentation metagenome	Metagenomic sample from cocoa fermentation mass inoculated with treatment T12, collected at 48hr-rep1	Illumina MiSeq sequencing: Metagenomic sample from cocoa fermentation mass inoculated with treatment T12, collected at 48hr-rep1	food fermentation metagenome	1154581	AMPLICON	METAGENOMIC	PCR	PAIRED	ILLUMINA	Illumina MiSeq	21189997	39156	5195450;6811588	ftp.sra.ebi.ac.uk/vol1/fastq/SRR337/089/SRR33747489/SRR33747489_1.fastq.gz;ftp.sra.ebi.ac.uk/vol1/fastq/SRR337/089/SRR33747489/SRR33747489_2.fastq.gz	14ab1f042040a7194f0afbbc243388a2;801abe80fd4d1c6276a469af159a60e0		2024		fermenting cacao beans	2025-06-23	2025-06-23	not_verified_16s_subset	false	Run does not match the configured, verified bacterial 16S subset	https://www.ebi.ac.uk/ena/browser/view/PRJNA1104253
gopaulchan_2025_defined_community	PRJNA1104253	PRJNA1104253	SRP503821	SRR33747490	SRX28970744	SAMN48784421	SRS25191489	P01.bc42	Metagenome or environmental sample from food fermentation metagenome	Metagenomic sample from cocoa fermentation mass inoculated with treatment T12, collected at 24hr-rep1	Illumina MiSeq sequencing: Metagenomic sample from cocoa fermentation mass inoculated with treatment T12, collected at 24hr-rep1	food fermentation metagenome	1154581	AMPLICON	METAGENOMIC	PCR	PAIRED	ILLUMINA	Illumina MiSeq	15960530	29493	3960859;5189198	ftp.sra.ebi.ac.uk/vol1/fastq/SRR337/090/SRR33747490/SRR33747490_1.fastq.gz;ftp.sra.ebi.ac.uk/vol1/fastq/SRR337/090/SRR33747490/SRR33747490_2.fastq.gz	84b731042d3041fac9226d9d34c60d08;0f17b93c1f0a797d9924858df530241f		2024		fermenting cacao beans	2025-06-23	2025-06-23	not_verified_16s_subset	false	Run does not match the configured, verified bacterial 16S subset	https://www.ebi.ac.uk/ena/browser/view/PRJNA1104253
gopaulchan_2025_defined_community	PRJNA1104253	PRJNA1104253	SRP503821	SRR33747491	SRX28970775	SAMN48784534	SRS25191522	P03.bc14	Metagenome or environmental sample from food fermentation metagenome	Metagenomic sample from cocoa fermentation mass inoculated with treatment T5, collected at 0hr-rep4	Illumina MiSeq sequencing: Metagenomic sample from cocoa fermentation mass inoculated with treatment T5, collected at 0hr-rep4	food fermentation metagenome	1154581	AMPLICON	METAGENOMIC	PCR	PAIRED	ILLUMINA	Illumina MiSeq	19634707	36490	4487848;6143144	ftp.sra.ebi.ac.uk/vol1/fastq/SRR337/091/SRR33747491/SRR33747491_1.fastq.gz;ftp.sra.ebi.ac.uk/vol1/fastq/SRR337/091/SRR33747491/SRR33747491_2.fastq.gz	d9a7c9be7ce8f88baddf4e9562188994;0a76e14eb1fe22811dc7e45b4572bd4d		2024		fermenting cacao beans	2025-06-23	2025-06-23	not_verified_16s_subset	false	Run does not match the configured, verified bacterial 16S subset	https://www.ebi.ac.uk/ena/browser/view/PRJNA1104253
gopaulchan_2025_defined_community	PRJNA1104253	PRJNA1104253	SRP503821	SRR33747492	SRX28970774	SAMN48784399	SRS25191520	P01.bc17	Metagenome or environmental sample from food fermentation metagenome	Metagenomic sample from cocoa fermentation mass inoculated with treatment T3, collected at 0hr-rep1	Illumina MiSeq sequencing: Metagenomic sample from cocoa fermentation mass inoculated with treatment T3, collected at 0hr-rep1	food fermentation metagenome	1154581	AMPLICON	METAGENOMIC	PCR	PAIRED	ILLUMINA	Illumina MiSeq	29842171	55143	6626730;9169725	ftp.sra.ebi.ac.uk/vol1/fastq/SRR337/092/SRR33747492/SRR33747492_1.fastq.gz;ftp.sra.ebi.ac.uk/vol1/fastq/SRR337/092/SRR33747492/SRR33747492_2.fastq.gz	d5219d62d531be89da42b2ea71c8f8e2;ff6bf2e34fc00ffdab8babd3ee029407		2024		fermenting cacao beans	2025-06-23	2025-06-23	not_verified_16s_subset	false	Run does not match the configured, verified bacterial 16S subset	https://www.ebi.ac.uk/ena/browser/view/PRJNA1104253
gopaulchan_2025_defined_community	PRJNA1104253	PRJNA1104253	SRP503821	SRR33747493	SRX28970773	SAMN48784533	SRS25191519	P03.bc10	Metagenome or environmental sample from food fermentation metagenome	Metagenomic sample from cocoa fermentation mass inoculated with treatment T9, collected at 48hr-rep4	Illumina MiSeq sequencing: Metagenomic sample from cocoa fermentation mass inoculated with treatment T9, collected at 48hr-rep4	food fermentation metagenome	1154581	AMPLICON	METAGENOMIC	PCR	PAIRED	ILLUMINA	Illumina MiSeq	25050685	46555	5444576;7757955	ftp.sra.ebi.ac.uk/vol1/fastq/SRR337/093/SRR33747493/SRR33747493_1.fastq.gz;ftp.sra.ebi.ac.uk/vol1/fastq/SRR337/093/SRR33747493/SRR33747493_2.fastq.gz	d44fed498e5ae0ee95bc2857b30031c6;eebfa6f374c05a51ff27419482518f36		2024		fermenting cacao beans	2025-06-23	2025-06-23	not_verified_16s_subset	false	Run does not match the configured, verified bacterial 16S subset	https://www.ebi.ac.uk/ena/browser/view/PRJNA1104253
gopaulchan_2025_defined_community	PRJNA1104253	PRJNA1104253	SRP503821	SRR33747494	SRX28970772	SAMN48784532	SRS25191517	P03.bc09	Metagenome or environmental sample from food fermentation metagenome	Metagenomic sample from cocoa fermentation mass inoculated with treatment T8, collected at 48hr-rep4	Illumina MiSeq sequencing: Metagenomic sample from cocoa fermentation mass inoculated with treatment T8, collected at 48hr-rep4	food fermentation metagenome	1154581	AMPLICON	METAGENOMIC	PCR	PAIRED	ILLUMINA	Illumina MiSeq	21341580	39662	4691779;6524427	ftp.sra.ebi.ac.uk/vol1/fastq/SRR337/094/SRR33747494/SRR33747494_1.fastq.gz;ftp.sra.ebi.ac.uk/vol1/fastq/SRR337/094/SRR33747494/SRR33747494_2.fastq.gz	1def9e97a71e641529acec08154808a8;35e18451917c328867e9a6743f39836e		2024		fermenting cacao beans	2025-06-23	2025-06-23	not_verified_16s_subset	false	Run does not match the configured, verified bacterial 16S subset	https://www.ebi.ac.uk/ena/browser/view/PRJNA1104253
gopaulchan_2025_defined_community	PRJNA1104253	PRJNA1104253	SRP503821	SRR33747495	SRX28970771	SAMN48784531	SRS25191518	P03.bc07	Metagenome or environmental sample from food fermentation metagenome	Metagenomic sample from cocoa fermentation mass inoculated with treatment T4, collected at 0hr-rep4	Illumina MiSeq sequencing: Metagenomic sample from cocoa fermentation mass inoculated with treatment T4, collected at 0hr-rep4	food fermentation metagenome	1154581	AMPLICON	METAGENOMIC	PCR	PAIRED	ILLUMINA	Illumina MiSeq	24232424	45036	5489940;7574611	ftp.sra.ebi.ac.uk/vol1/fastq/SRR337/095/SRR33747495/SRR33747495_1.fastq.gz;ftp.sra.ebi.ac.uk/vol1/fastq/SRR337/095/SRR33747495/SRR33747495_2.fastq.gz	1d550e15361fac652beebe4d3b6dbfbc;5c12ab9645cf3f4b7c92723b6e2be3c8		2024		fermenting cacao beans	2025-06-23	2025-06-23	not_verified_16s_subset	false	Run does not match the configured, verified bacterial 16S subset	https://www.ebi.ac.uk/ena/browser/view/PRJNA1104253
gopaulchan_2025_defined_community	PRJNA1104253	PRJNA1104253	SRP503821	SRR33747496	SRX28970770	SAMN48784530	SRS25191516	P03.bc05	Metagenome or environmental sample from food fermentation metagenome	Metagenomic sample from cocoa fermentation mass inoculated with treatment T10, collected at 24hr-rep4	Illumina MiSeq sequencing: Metagenomic sample from cocoa fermentation mass inoculated with treatment T10, collected at 24hr-rep4	food fermentation metagenome	1154581	AMPLICON	METAGENOMIC	PCR	PAIRED	ILLUMINA	Illumina MiSeq	22522485	41857	4906319;6900092	ftp.sra.ebi.ac.uk/vol1/fastq/SRR337/096/SRR33747496/SRR33747496_1.fastq.gz;ftp.sra.ebi.ac.uk/vol1/fastq/SRR337/096/SRR33747496/SRR33747496_2.fastq.gz	675d27cd474aab0335f29b4c6dc1c8b9;1386796da4b5292684c3bebe12bf0b91		2024		fermenting cacao beans	2025-06-23	2025-06-23	not_verified_16s_subset	false	Run does not match the configured, verified bacterial 16S subset	https://www.ebi.ac.uk/ena/browser/view/PRJNA1104253
gopaulchan_2025_defined_community	PRJNA1104253	PRJNA1104253	SRP503821	SRR33747497	SRX28970769	SAMN48784529	SRS25191514	P03.bc04	Metagenome or environmental sample from food fermentation metagenome	Metagenomic sample from cocoa fermentation mass inoculated with treatment T3, collected at 0hr-rep4	Illumina MiSeq sequencing: Metagenomic sample from cocoa fermentation mass inoculated with treatment T3, collected at 0hr-rep4	food fermentation metagenome	1154581	AMPLICON	METAGENOMIC	PCR	PAIRED	ILLUMINA	Illumina MiSeq	27095128	50357	6106643;8393245	ftp.sra.ebi.ac.uk/vol1/fastq/SRR337/097/SRR33747497/SRR33747497_1.fastq.gz;ftp.sra.ebi.ac.uk/vol1/fastq/SRR337/097/SRR33747497/SRR33747497_2.fastq.gz	bcacf8aad9094ae597d7fd66ca8f4861;798c2ad75c579b68f64a47ec5ebbdcf1		2024		fermenting cacao beans	2025-06-23	2025-06-23	not_verified_16s_subset	false	Run does not match the configured, verified bacterial 16S subset	https://www.ebi.ac.uk/ena/browser/view/PRJNA1104253
gopaulchan_2025_defined_community	PRJNA1104253	PRJNA1104253	SRP503821	SRR33747498	SRX28970768	SAMN48784528	SRS25191515	P03.bc01	Metagenome or environmental sample from food fermentation metagenome	Metagenomic sample from cocoa fermentation mass inoculated with treatment T11, collected at 24hr-rep4	Illumina MiSeq sequencing: Metagenomic sample from cocoa fermentation mass inoculated with treatment T11, collected at 24hr-rep4	food fermentation metagenome	1154581	AMPLICON	METAGENOMIC	PCR	PAIRED	ILLUMINA	Illumina MiSeq	6608189	12281	1645227;2173062	ftp.sra.ebi.ac.uk/vol1/fastq/SRR337/098/SRR33747498/SRR33747498_1.fastq.gz;ftp.sra.ebi.ac.uk/vol1/fastq/SRR337/098/SRR33747498/SRR33747498_2.fastq.gz	7bc478c64cd910c6ac2aca31967b4c1c;6fca1f4927236bec5ae1d4484ebea2d6		2024		fermenting cacao beans	2025-06-23	2025-06-23	not_verified_16s_subset	false	Run does not match the configured, verified bacterial 16S subset	https://www.ebi.ac.uk/ena/browser/view/PRJNA1104253
gopaulchan_2025_defined_community	PRJNA1104253	PRJNA1104253	SRP503821	SRR33747499	SRX28970767	SAMN48784527	SRS25191513	P02.bc96	Metagenome or environmental sample from food fermentation metagenome	Metagenomic sample from cocoa fermentation mass inoculated with treatment T5, collected at 24hr-rep3	Illumina MiSeq sequencing: Metagenomic sample from cocoa fermentation mass inoculated with treatment T5, collected at 24hr-rep3	food fermentation metagenome	1154581	AMPLICON	METAGENOMIC	PCR	PAIRED	ILLUMINA	Illumina MiSeq	6786557	12687	1577007;2110559	ftp.sra.ebi.ac.uk/vol1/fastq/SRR337/099/SRR33747499/SRR33747499_1.fastq.gz;ftp.sra.ebi.ac.uk/vol1/fastq/SRR337/099/SRR33747499/SRR33747499_2.fastq.gz	c45c51f0816a174ca7a76a1268fbeb95;8825892b32ca0243ded1aef8f88aa42b		2024		fermenting cacao beans	2025-06-23	2025-06-23	not_verified_16s_subset	false	Run does not match the configured, verified bacterial 16S subset	https://www.ebi.ac.uk/ena/browser/view/PRJNA1104253
gopaulchan_2025_defined_community	PRJNA1104253	PRJNA1104253	SRP503821	SRR33747500	SRX28970766	SAMN48784526	SRS25191512	P02.bc93	Metagenome or environmental sample from food fermentation metagenome	Metagenomic sample from cocoa fermentation mass inoculated with treatment T12, collected at 48hr-rep4	Illumina MiSeq sequencing: Metagenomic sample from cocoa fermentation mass inoculated with treatment T12, collected at 48hr-rep4	food fermentation metagenome	1154581	AMPLICON	METAGENOMIC	PCR	PAIRED	ILLUMINA	Illumina MiSeq	9791112	18304	2502463;3309145	ftp.sra.ebi.ac.uk/vol1/fastq/SRR337/000/SRR33747500/SRR33747500_1.fastq.gz;ftp.sra.ebi.ac.uk/vol1/fastq/SRR337/000/SRR33747500/SRR33747500_2.fastq.gz	214bb1f9777fd3c0d9b23da686577207;5d081a24a09a69a4c0750f7148584867		2024		fermenting cacao beans	2025-06-23	2025-06-23	not_verified_16s_subset	false	Run does not match the configured, verified bacterial 16S subset	https://www.ebi.ac.uk/ena/browser/view/PRJNA1104253
gopaulchan_2025_defined_community	PRJNA1104253	PRJNA1104253	SRP503821	SRR33747501	SRX28970765	SAMN48784525	SRS25191510	P02.bc92	Metagenome or environmental sample from food fermentation metagenome	Metagenomic sample from cocoa fermentation mass inoculated with treatment T9, collected at 24hr-rep3	Illumina MiSeq sequencing: Metagenomic sample from cocoa fermentation mass inoculated with treatment T9, collected at 24hr-rep3	food fermentation metagenome	1154581	AMPLICON	METAGENOMIC	PCR	PAIRED	ILLUMINA	Illumina MiSeq	23171474	43317	5203975;7024402	ftp.sra.ebi.ac.uk/vol1/fastq/SRR337/001/SRR33747501/SRR33747501_1.fastq.gz;ftp.sra.ebi.ac.uk/vol1/fastq/SRR337/001/SRR33747501/SRR33747501_2.fastq.gz	618f259ecfb2640883cfa0e0713ce134;4935a222e4f4733b00334af987a4769f		2024		fermenting cacao beans	2025-06-23	2025-06-23	not_verified_16s_subset	false	Run does not match the configured, verified bacterial 16S subset	https://www.ebi.ac.uk/ena/browser/view/PRJNA1104253
gopaulchan_2025_defined_community	PRJNA1104253	PRJNA1104253	SRP503821	SRR33747502	SRX28970764	SAMN48784524	SRS25191511	P02.bc91	Metagenome or environmental sample from food fermentation metagenome	Metagenomic sample from cocoa fermentation mass inoculated with treatment T13, collected at 48hr-rep4	Illumina MiSeq sequencing: Metagenomic sample from cocoa fermentation mass inoculated with treatment T13, collected at 48hr-rep4	food fermentation metagenome	1154581	AMPLICON	METAGENOMIC	PCR	PAIRED	ILLUMINA	Illumina MiSeq	18090568	33819	4078357;5313963	ftp.sra.ebi.ac.uk/vol1/fastq/SRR337/002/SRR33747502/SRR33747502_1.fastq.gz;ftp.sra.ebi.ac.uk/vol1/fastq/SRR337/002/SRR33747502/SRR33747502_2.fastq.gz	d86965584401aeae28dd19f9252c417d;310ad94ca5372d1eb7f9356efbd7979e		2024		fermenting cacao beans	2025-06-23	2025-06-23	not_verified_16s_subset	false	Run does not match the configured, verified bacterial 16S subset	https://www.ebi.ac.uk/ena/browser/view/PRJNA1104253
gopaulchan_2025_defined_community	PRJNA1104253	PRJNA1104253	SRP503821	SRR33747503	SRX28970763	SAMN48784398	SRS25191509	P01.bc16	Metagenome or environmental sample from food fermentation metagenome	Metagenomic sample from cocoa fermentation mass inoculated with treatment T8, collected at 48hr-rep2	Illumina MiSeq sequencing: Metagenomic sample from cocoa fermentation mass inoculated with treatment T8, collected at 48hr-rep2	food fermentation metagenome	1154581	AMPLICON	METAGENOMIC	PCR	PAIRED	ILLUMINA	Illumina MiSeq	19837130	36657	4298381;6029515	ftp.sra.ebi.ac.uk/vol1/fastq/SRR337/003/SRR33747503/SRR33747503_1.fastq.gz;ftp.sra.ebi.ac.uk/vol1/fastq/SRR337/003/SRR33747503/SRR33747503_2.fastq.gz	8f5f25be9dadab093c29b9f132bb6def;6d55fef37c4848eb1912752d93baf82f		2024		fermenting cacao beans	2025-06-23	2025-06-23	not_verified_16s_subset	false	Run does not match the configured, verified bacterial 16S subset	https://www.ebi.ac.uk/ena/browser/view/PRJNA1104253
gopaulchan_2025_defined_community	PRJNA1104253	PRJNA1104253	SRP503821	SRR33747504	SRX28970762	SAMN48784523	SRS25191508	P02.bc90	Metagenome or environmental sample from food fermentation metagenome	Metagenomic sample from cocoa fermentation mass inoculated with treatment T10, collected at 48hr-rep3	Illumina MiSeq sequencing: Metagenomic sample from cocoa fermentation mass inoculated with treatment T10, collected at 48hr-rep3	food fermentation metagenome	1154581	AMPLICON	METAGENOMIC	PCR	PAIRED	ILLUMINA	Illumina MiSeq	21088889	39424	4711382;6321639	ftp.sra.ebi.ac.uk/vol1/fastq/SRR337/004/SRR33747504/SRR33747504_1.fastq.gz;ftp.sra.ebi.ac.uk/vol1/fastq/SRR337/004/SRR33747504/SRR33747504_2.fastq.gz	26b56a5857b325c34bc09459e58f8b89;563f302e8bea129134063b442c7b3d91		2024		fermenting cacao beans	2025-06-23	2025-06-23	not_verified_16s_subset	false	Run does not match the configured, verified bacterial 16S subset	https://www.ebi.ac.uk/ena/browser/view/PRJNA1104253
gopaulchan_2025_defined_community	PRJNA1104253	PRJNA1104253	SRP503821	SRR33747505	SRX28970761	SAMN48784522	SRS25191507	P02.bc89	Metagenome or environmental sample from food fermentation metagenome	Metagenomic sample from cocoa fermentation mass inoculated with treatment T1, collected at 0hr-rep4	Illumina MiSeq sequencing: Metagenomic sample from cocoa fermentation mass inoculated with treatment T1, collected at 0hr-rep4	food fermentation metagenome	1154581	AMPLICON	METAGENOMIC	PCR	PAIRED	ILLUMINA	Illumina MiSeq	11314275	21151	2616564;3524237	ftp.sra.ebi.ac.uk/vol1/fastq/SRR337/005/SRR33747505/SRR33747505_1.fastq.gz;ftp.sra.ebi.ac.uk/vol1/fastq/SRR337/005/SRR33747505/SRR33747505_2.fastq.gz	db865b71def0c713f3028b32d29fbef6;a3ca556e35be9a49c464e21d1d22138d		2024		fermenting cacao beans	2025-06-23	2025-06-23	not_verified_16s_subset	false	Run does not match the configured, verified bacterial 16S subset	https://www.ebi.ac.uk/ena/browser/view/PRJNA1104253
gopaulchan_2025_defined_community	PRJNA1104253	PRJNA1104253	SRP503821	SRR33747506	SRX28970760	SAMN48784521	SRS25191503	P02.bc88	Metagenome or environmental sample from food fermentation metagenome	Metagenomic sample from cocoa fermentation mass inoculated with treatment T5, collected at 24hr-rep4	Illumina MiSeq sequencing: Metagenomic sample from cocoa fermentation mass inoculated with treatment T5, collected at 24hr-rep4	food fermentation metagenome	1154581	AMPLICON	METAGENOMIC	PCR	PAIRED	ILLUMINA	Illumina MiSeq	23864556	44613	5423529;7483756	ftp.sra.ebi.ac.uk/vol1/fastq/SRR337/006/SRR33747506/SRR33747506_1.fastq.gz;ftp.sra.ebi.ac.uk/vol1/fastq/SRR337/006/SRR33747506/SRR33747506_2.fastq.gz	4571cc609f6cbdab5c9e90ce1b80524d;ee21b4f880d7f2cee8a775d2f3ee3ba1		2024		fermenting cacao beans	2025-06-23	2025-06-23	not_verified_16s_subset	false	Run does not match the configured, verified bacterial 16S subset	https://www.ebi.ac.uk/ena/browser/view/PRJNA1104253
gopaulchan_2025_defined_community	PRJNA1104253	PRJNA1104253	SRP503821	SRR33747507	SRX28970759	SAMN48784520	SRS25191505	P02.bc87	Metagenome or environmental sample from food fermentation metagenome	Metagenomic sample from cocoa fermentation mass inoculated with treatment T4, collected at 0hr-rep3	Illumina MiSeq sequencing: Metagenomic sample from cocoa fermentation mass inoculated with treatment T4, collected at 0hr-rep3	food fermentation metagenome	1154581	AMPLICON	METAGENOMIC	PCR	PAIRED	ILLUMINA	Illumina MiSeq	31081428	58105	7082896;9817199	ftp.sra.ebi.ac.uk/vol1/fastq/SRR337/007/SRR33747507/SRR33747507_1.fastq.gz;ftp.sra.ebi.ac.uk/vol1/fastq/SRR337/007/SRR33747507/SRR33747507_2.fastq.gz	369ad2d8c2b31c806c3180a9b2e75d29;f966bc0b95220f98e873db59fef63f97		2024		fermenting cacao beans	2025-06-23	2025-06-23	not_verified_16s_subset	false	Run does not match the configured, verified bacterial 16S subset	https://www.ebi.ac.uk/ena/browser/view/PRJNA1104253
gopaulchan_2025_defined_community	PRJNA1104253	PRJNA1104253	SRP503821	SRR33747508	SRX28970758	SAMN48784519	SRS25191506	P02.bc84	Metagenome or environmental sample from food fermentation metagenome	Metagenomic sample from cocoa fermentation mass inoculated with treatment T11, collected at 48hr-rep4	Illumina MiSeq sequencing: Metagenomic sample from cocoa fermentation mass inoculated with treatment T11, collected at 48hr-rep4	food fermentation metagenome	1154581	AMPLICON	METAGENOMIC	PCR	PAIRED	ILLUMINA	Illumina MiSeq	12692135	23727	3236296;4169508	ftp.sra.ebi.ac.uk/vol1/fastq/SRR337/008/SRR33747508/SRR33747508_1.fastq.gz;ftp.sra.ebi.ac.uk/vol1/fastq/SRR337/008/SRR33747508/SRR33747508_2.fastq.gz	398f2bda11ebfac9eebf96e426777f48;9f379a5825d978044aaa9ccb10f06a09		2024		fermenting cacao beans	2025-06-23	2025-06-23	not_verified_16s_subset	false	Run does not match the configured, verified bacterial 16S subset	https://www.ebi.ac.uk/ena/browser/view/PRJNA1104253
gopaulchan_2025_defined_community	PRJNA1104253	PRJNA1104253	SRP503821	SRR33747509	SRX28970757	SAMN48784518	SRS25191502	P02.bc83	Metagenome or environmental sample from food fermentation metagenome	Metagenomic sample from cocoa fermentation mass inoculated with treatment T4, collected at 24hr-rep3	Illumina MiSeq sequencing: Metagenomic sample from cocoa fermentation mass inoculated with treatment T4, collected at 24hr-rep3	food fermentation metagenome	1154581	AMPLICON	METAGENOMIC	PCR	PAIRED	ILLUMINA	Illumina MiSeq	20776094	38839	4616854;6526730	ftp.sra.ebi.ac.uk/vol1/fastq/SRR337/009/SRR33747509/SRR33747509_1.fastq.gz;ftp.sra.ebi.ac.uk/vol1/fastq/SRR337/009/SRR33747509/SRR33747509_2.fastq.gz	63bacd3014ea55a6e4c5068d5a0ed4c1;3de449e8839ff5057a34f0452a45e4dd		2024		fermenting cacao beans	2025-06-23	2025-06-23	not_verified_16s_subset	false	Run does not match the configured, verified bacterial 16S subset	https://www.ebi.ac.uk/ena/browser/view/PRJNA1104253
gopaulchan_2025_defined_community	PRJNA1104253	PRJNA1104253	SRP503821	SRR33747510	SRX28970756	SAMN48784517	SRS25191504	P02.bc82	Metagenome or environmental sample from food fermentation metagenome	Metagenomic sample from cocoa fermentation mass inoculated with treatment T3, collected at 48hr-rep3	Illumina MiSeq sequencing: Metagenomic sample from cocoa fermentation mass inoculated with treatment T3, collected at 48hr-rep3	food fermentation metagenome	1154581	AMPLICON	METAGENOMIC	PCR	PAIRED	ILLUMINA	Illumina MiSeq	18750831	35053	4188435;5689879	ftp.sra.ebi.ac.uk/vol1/fastq/SRR337/010/SRR33747510/SRR33747510_1.fastq.gz;ftp.sra.ebi.ac.uk/vol1/fastq/SRR337/010/SRR33747510/SRR33747510_2.fastq.gz	176a8915fb4cab5c0dbde85dbc27731b;9f9fca13dbd9564d3f53159bb92d3ebb		2024		fermenting cacao beans	2025-06-23	2025-06-23	not_verified_16s_subset	false	Run does not match the configured, verified bacterial 16S subset	https://www.ebi.ac.uk/ena/browser/view/PRJNA1104253
gopaulchan_2025_defined_community	PRJNA1104253	PRJNA1104253	SRP503821	SRR33747511	SRX28970755	SAMN48784516	SRS25191500	P02.bc81	Metagenome or environmental sample from food fermentation metagenome	Metagenomic sample from cocoa fermentation mass inoculated with treatment T12, collected at 24hr-rep3	Illumina MiSeq sequencing: Metagenomic sample from cocoa fermentation mass inoculated with treatment T12, collected at 24hr-rep3	food fermentation metagenome	1154581	AMPLICON	METAGENOMIC	PCR	PAIRED	ILLUMINA	Illumina MiSeq	13773741	25749	3432598;4512783	ftp.sra.ebi.ac.uk/vol1/fastq/SRR337/011/SRR33747511/SRR33747511_1.fastq.gz;ftp.sra.ebi.ac.uk/vol1/fastq/SRR337/011/SRR33747511/SRR33747511_2.fastq.gz	1112e700fd16e574454c4b80492d40b0;957fb78f1a5de61260a93eb60eaf71d7		2024		fermenting cacao beans	2025-06-23	2025-06-23	not_verified_16s_subset	false	Run does not match the configured, verified bacterial 16S subset	https://www.ebi.ac.uk/ena/browser/view/PRJNA1104253
gopaulchan_2025_defined_community	PRJNA1104253	PRJNA1104253	SRP503821	SRR33747512	SRX28970754	SAMN48784515	SRS25191499	P02.bc80	Metagenome or environmental sample from food fermentation metagenome	Metagenomic sample from cocoa fermentation mass inoculated with treatment T6, collected at 0hr-rep3	Illumina MiSeq sequencing: Metagenomic sample from cocoa fermentation mass inoculated with treatment T6, collected at 0hr-rep3	food fermentation metagenome	1154581	AMPLICON	METAGENOMIC	PCR	PAIRED	ILLUMINA	Illumina MiSeq	15135844	28295	3620580;4802501	ftp.sra.ebi.ac.uk/vol1/fastq/SRR337/012/SRR33747512/SRR33747512_1.fastq.gz;ftp.sra.ebi.ac.uk/vol1/fastq/SRR337/012/SRR33747512/SRR33747512_2.fastq.gz	5540f70143eb3f08a2abef7af8966a04;4ef444dccfcc4d396a70e607e44b23dc		2024		fermenting cacao beans	2025-06-23	2025-06-23	not_verified_16s_subset	false	Run does not match the configured, verified bacterial 16S subset	https://www.ebi.ac.uk/ena/browser/view/PRJNA1104253
gopaulchan_2025_defined_community	PRJNA1104253	PRJNA1104253	SRP503821	SRR33747513	SRX28970753	SAMN48784514	SRS25191501	P02.bc79	Metagenome or environmental sample from food fermentation metagenome	Metagenomic sample from cocoa fermentation mass inoculated with treatment T2, collected at 48hr-rep3	Illumina MiSeq sequencing: Metagenomic sample from cocoa fermentation mass inoculated with treatment T2, collected at 48hr-rep3	food fermentation metagenome	1154581	AMPLICON	METAGENOMIC	PCR	PAIRED	ILLUMINA	Illumina MiSeq	14742637	27560	3311819;4486438	ftp.sra.ebi.ac.uk/vol1/fastq/SRR337/013/SRR33747513/SRR33747513_1.fastq.gz;ftp.sra.ebi.ac.uk/vol1/fastq/SRR337/013/SRR33747513/SRR33747513_2.fastq.gz	847795921d38d632d4cf4e274d5ce694;a7fb75d38235ac20f6525385befd3c25		2024		fermenting cacao beans	2025-06-23	2025-06-23	not_verified_16s_subset	false	Run does not match the configured, verified bacterial 16S subset	https://www.ebi.ac.uk/ena/browser/view/PRJNA1104253
gopaulchan_2025_defined_community	PRJNA1104253	PRJNA1104253	SRP503821	SRR33747514	SRX28970752	SAMN48784397	SRS25191498	P01.bc15	Metagenome or environmental sample from food fermentation metagenome	Metagenomic sample from cocoa fermentation mass inoculated with treatment T5, collected at 24hr-rep1	Illumina MiSeq sequencing: Metagenomic sample from cocoa fermentation mass inoculated with treatment T5, collected at 24hr-rep1	food fermentation metagenome	1154581	AMPLICON	METAGENOMIC	PCR	PAIRED	ILLUMINA	Illumina MiSeq	9782130	18076	2175431;2957086	ftp.sra.ebi.ac.uk/vol1/fastq/SRR337/014/SRR33747514/SRR33747514_1.fastq.gz;ftp.sra.ebi.ac.uk/vol1/fastq/SRR337/014/SRR33747514/SRR33747514_2.fastq.gz	222ce81a6fec4f066805d910be58c538;0269f39b847cbef22b69a92277a6d341		2024		fermenting cacao beans	2025-06-23	2025-06-23	not_verified_16s_subset	false	Run does not match the configured, verified bacterial 16S subset	https://www.ebi.ac.uk/ena/browser/view/PRJNA1104253
gopaulchan_2025_defined_community	PRJNA1104253	PRJNA1104253	SRP503821	SRR33747515	SRX28970751	SAMN48784513	SRS25191497	P02.bc77	Metagenome or environmental sample from food fermentation metagenome	Metagenomic sample from cocoa fermentation mass inoculated with treatment T9, collected at 0hr-rep4	Illumina MiSeq sequencing: Metagenomic sample from cocoa fermentation mass inoculated with treatment T9, collected at 0hr-rep4	food fermentation metagenome	1154581	AMPLICON	METAGENOMIC	PCR	PAIRED	ILLUMINA	Illumina MiSeq	24755340	46277	5613255;7722229	ftp.sra.ebi.ac.uk/vol1/fastq/SRR337/015/SRR33747515/SRR33747515_1.fastq.gz;ftp.sra.ebi.ac.uk/vol1/fastq/SRR337/015/SRR33747515/SRR33747515_2.fastq.gz	ceec7499d043f30d890ede140e35813c;93aa8f06959b34936353ac255319cb81		2024		fermenting cacao beans	2025-06-23	2025-06-23	not_verified_16s_subset	false	Run does not match the configured, verified bacterial 16S subset	https://www.ebi.ac.uk/ena/browser/view/PRJNA1104253
gopaulchan_2025_defined_community	PRJNA1104253	PRJNA1104253	SRP503821	SRR33747516	SRX28970750	SAMN48784512	SRS25191496	P02.bc76	Metagenome or environmental sample from food fermentation metagenome	Metagenomic sample from cocoa fermentation mass inoculated with treatment T8, collected at 0hr-rep4	Illumina MiSeq sequencing: Metagenomic sample from cocoa fermentation mass inoculated with treatment T8, collected at 0hr-rep4	food fermentation metagenome	1154581	AMPLICON	METAGENOMIC	PCR	PAIRED	ILLUMINA	Illumina MiSeq	27000970	50476	6262640;8462622	ftp.sra.ebi.ac.uk/vol1/fastq/SRR337/016/SRR33747516/SRR33747516_1.fastq.gz;ftp.sra.ebi.ac.uk/vol1/fastq/SRR337/016/SRR33747516/SRR33747516_2.fastq.gz	b01975b026ea1852216967427f20ab77;00b69c8021475559aaa2b8524fc6702d		2024		fermenting cacao beans	2025-06-23	2025-06-23	not_verified_16s_subset	false	Run does not match the configured, verified bacterial 16S subset	https://www.ebi.ac.uk/ena/browser/view/PRJNA1104253
gopaulchan_2025_defined_community	PRJNA1104253	PRJNA1104253	SRP503821	SRR33747517	SRX28970749	SAMN48784511	SRS25191495	P02.bc75	Metagenome or environmental sample from food fermentation metagenome	Metagenomic sample from cocoa fermentation mass inoculated with treatment T13, collected at 24hr-rep3	Illumina MiSeq sequencing: Metagenomic sample from cocoa fermentation mass inoculated with treatment T13, collected at 24hr-rep3	food fermentation metagenome	1154581	AMPLICON	METAGENOMIC	PCR	PAIRED	ILLUMINA	Illumina MiSeq	19790976	36998	4476315;5845179	ftp.sra.ebi.ac.uk/vol1/fastq/SRR337/017/SRR33747517/SRR33747517_1.fastq.gz;ftp.sra.ebi.ac.uk/vol1/fastq/SRR337/017/SRR33747517/SRR33747517_2.fastq.gz	fd91d04f0a818618185c32dad8cd889f;41644636d5eac00a41fc6c8e50f88de1		2024		fermenting cacao beans	2025-06-23	2025-06-23	not_verified_16s_subset	false	Run does not match the configured, verified bacterial 16S subset	https://www.ebi.ac.uk/ena/browser/view/PRJNA1104253
gopaulchan_2025_defined_community	PRJNA1104253	PRJNA1104253	SRP503821	SRR33747518	SRX28970716	SAMN48784510	SRS25191461	P02.bc73	Metagenome or environmental sample from food fermentation metagenome	Metagenomic sample from cocoa fermentation mass inoculated with treatment T7, collected at 24hr-rep4	Illumina MiSeq sequencing: Metagenomic sample from cocoa fermentation mass inoculated with treatment T7, collected at 24hr-rep4	food fermentation metagenome	1154581	AMPLICON	METAGENOMIC	PCR	PAIRED	ILLUMINA	Illumina MiSeq	23949413	44771	5362774;7494075	ftp.sra.ebi.ac.uk/vol1/fastq/SRR337/018/SRR33747518/SRR33747518_1.fastq.gz;ftp.sra.ebi.ac.uk/vol1/fastq/SRR337/018/SRR33747518/SRR33747518_2.fastq.gz	cc1443befd9abd1435bc0eceb8bbf12b;7345d30732bfb5fe25139df7c1401432		2024		fermenting cacao beans	2025-06-23	2025-06-23	not_verified_16s_subset	false	Run does not match the configured, verified bacterial 16S subset	https://www.ebi.ac.uk/ena/browser/view/PRJNA1104253
gopaulchan_2025_defined_community	PRJNA1104253	PRJNA1104253	SRP503821	SRR33747519	SRX28970747	SAMN48784394	SRS25191492	P01.bc12	Metagenome or environmental sample from food fermentation metagenome	Metagenomic sample from cocoa fermentation mass inoculated with treatment T5, collected at 24hr-rep2	Illumina MiSeq sequencing: Metagenomic sample from cocoa fermentation mass inoculated with treatment T5, collected at 24hr-rep2	food fermentation metagenome	1154581	AMPLICON	METAGENOMIC	PCR	PAIRED	ILLUMINA	Illumina MiSeq	28346700	52380	6213605;8664807	ftp.sra.ebi.ac.uk/vol1/fastq/SRR337/019/SRR33747519/SRR33747519_1.fastq.gz;ftp.sra.ebi.ac.uk/vol1/fastq/SRR337/019/SRR33747519/SRR33747519_2.fastq.gz	1c5fcff4244398c646ff2ba6aa28b077;9b2e947ce419c22221d4cd61e3ec237c		2024		fermenting cacao beans	2025-06-23	2025-06-23	not_verified_16s_subset	false	Run does not match the configured, verified bacterial 16S subset	https://www.ebi.ac.uk/ena/browser/view/PRJNA1104253
gopaulchan_2025_defined_community	PRJNA1104253	PRJNA1104253	SRP503821	SRR33747520	SRX28970746	SAMN48784385	SRS25191491	P01.bc02	Metagenome or environmental sample from food fermentation metagenome	Metagenomic sample from cocoa fermentation mass inoculated with treatment T8, collected at 24hr-rep1	Illumina MiSeq sequencing: Metagenomic sample from cocoa fermentation mass inoculated with treatment T8, collected at 24hr-rep1	food fermentation metagenome	1154581	AMPLICON	METAGENOMIC	PCR	PAIRED	ILLUMINA	Illumina MiSeq	20642507	38143	4528966;6114688	ftp.sra.ebi.ac.uk/vol1/fastq/SRR337/020/SRR33747520/SRR33747520_1.fastq.gz;ftp.sra.ebi.ac.uk/vol1/fastq/SRR337/020/SRR33747520/SRR33747520_2.fastq.gz	e8d2e99055bf52a51f2a8db35ce5d08e;6d7e568783ae9e943ac715b0907d2a0c		2024		fermenting cacao beans	2025-06-23	2025-06-23	not_verified_16s_subset	false	Run does not match the configured, verified bacterial 16S subset	https://www.ebi.ac.uk/ena/browser/view/PRJNA1104253
gopaulchan_2025_defined_community	PRJNA1104253	PRJNA1104253	SRP503821	SRR33747521	SRX28970745	SAMN48784384	SRS25191493	P01.bc01	Metagenome or environmental sample from food fermentation metagenome	Metagenomic sample from cocoa fermentation mass inoculated with treatment T1, collected at 0hr-rep1	Illumina MiSeq sequencing: Metagenomic sample from cocoa fermentation mass inoculated with treatment T1, collected at 0hr-rep1	food fermentation metagenome	1154581	AMPLICON	METAGENOMIC	PCR	PAIRED	ILLUMINA	Illumina MiSeq	29146064	53855	6485930;9094034	ftp.sra.ebi.ac.uk/vol1/fastq/SRR337/021/SRR33747521/SRR33747521_1.fastq.gz;ftp.sra.ebi.ac.uk/vol1/fastq/SRR337/021/SRR33747521/SRR33747521_2.fastq.gz	a8108e2e88fdc4388006a6f18b48b820;35ff4309f230d9f79f93a1dd8bcd24ae		2024		fermenting cacao beans	2025-06-23	2025-06-23	not_verified_16s_subset	false	Run does not match the configured, verified bacterial 16S subset	https://www.ebi.ac.uk/ena/browser/view/PRJNA1104253
gopaulchan_2025_defined_community	PRJNA1104253	PRJNA1104253	SRP503821	SRR33747522	SRX28970743	SAMN48784420	SRS25191488	P01.bc41	Metagenome or environmental sample from food fermentation metagenome	Metagenomic sample from cocoa fermentation mass inoculated with treatment T9, collected at 0hr-rep2	Illumina MiSeq sequencing: Metagenomic sample from cocoa fermentation mass inoculated with treatment T9, collected at 0hr-rep2	food fermentation metagenome	1154581	AMPLICON	METAGENOMIC	PCR	PAIRED	ILLUMINA	Illumina MiSeq	31208051	57668	7056617;9674028	ftp.sra.ebi.ac.uk/vol1/fastq/SRR337/022/SRR33747522/SRR33747522_1.fastq.gz;ftp.sra.ebi.ac.uk/vol1/fastq/SRR337/022/SRR33747522/SRR33747522_2.fastq.gz	03e35f6af69cef778d3d07eee869aa5b;70c876b9eb395bcdd24ad659a2d595e8		2024		fermenting cacao beans	2025-06-23	2025-06-23	not_verified_16s_subset	false	Run does not match the configured, verified bacterial 16S subset	https://www.ebi.ac.uk/ena/browser/view/PRJNA1104253
gopaulchan_2025_defined_community	PRJNA1104253	PRJNA1104253	SRP503821	SRR33747523	SRX28970742	SAMN48784419	SRS25191490	P01.bc40	Metagenome or environmental sample from food fermentation metagenome	Metagenomic sample from cocoa fermentation mass inoculated with treatment T10, collected at 48hr-rep2	Illumina MiSeq sequencing: Metagenomic sample from cocoa fermentation mass inoculated with treatment T10, collected at 48hr-rep2	food fermentation metagenome	1154581	AMPLICON	METAGENOMIC	PCR	PAIRED	ILLUMINA	Illumina MiSeq	32591502	60224	7067930;9886521	ftp.sra.ebi.ac.uk/vol1/fastq/SRR337/023/SRR33747523/SRR33747523_1.fastq.gz;ftp.sra.ebi.ac.uk/vol1/fastq/SRR337/023/SRR33747523/SRR33747523_2.fastq.gz	1a259fb893371fe7b32c06959c343a03;ce4ba6c74880661a4fb01bdbe4ba34b2		2024		fermenting cacao beans	2025-06-23	2025-06-23	not_verified_16s_subset	false	Run does not match the configured, verified bacterial 16S subset	https://www.ebi.ac.uk/ena/browser/view/PRJNA1104253
gopaulchan_2025_defined_community	PRJNA1104253	PRJNA1104253	SRP503821	SRR33747524	SRX28970741	SAMN48784418	SRS25191487	P01.bc39	Metagenome or environmental sample from food fermentation metagenome	Metagenomic sample from cocoa fermentation mass inoculated with treatment T4, collected at 24hr-rep2	Illumina MiSeq sequencing: Metagenomic sample from cocoa fermentation mass inoculated with treatment T4, collected at 24hr-rep2	food fermentation metagenome	1154581	AMPLICON	METAGENOMIC	PCR	PAIRED	ILLUMINA	Illumina MiSeq	34146726	63096	7458111;10349339	ftp.sra.ebi.ac.uk/vol1/fastq/SRR337/024/SRR33747524/SRR33747524_1.fastq.gz;ftp.sra.ebi.ac.uk/vol1/fastq/SRR337/024/SRR33747524/SRR33747524_2.fastq.gz	c77167fffc361d925ddd0482c0a7f09a;a573176c88a99a1975748d5f3c7f1952		2024		fermenting cacao beans	2025-06-23	2025-06-23	not_verified_16s_subset	false	Run does not match the configured, verified bacterial 16S subset	https://www.ebi.ac.uk/ena/browser/view/PRJNA1104253
gopaulchan_2025_defined_community	PRJNA1104253	PRJNA1104253	SRP503821	SRR33747525	SRX28970740	SAMN48784417	SRS25191486	P01.bc38	Metagenome or environmental sample from food fermentation metagenome	Metagenomic sample from cocoa fermentation mass inoculated with treatment T2, collected at 0hr-rep2	Illumina MiSeq sequencing: Metagenomic sample from cocoa fermentation mass inoculated with treatment T2, collected at 0hr-rep2	food fermentation metagenome	1154581	AMPLICON	METAGENOMIC	PCR	PAIRED	ILLUMINA	Illumina MiSeq	33524839	61949	7501589;10324149	ftp.sra.ebi.ac.uk/vol1/fastq/SRR337/025/SRR33747525/SRR33747525_1.fastq.gz;ftp.sra.ebi.ac.uk/vol1/fastq/SRR337/025/SRR33747525/SRR33747525_2.fastq.gz	e55a628c78310dd3eef4daf5b9a2b072;03d3e4e6ab4173bb85b31b1e574033f3		2024		fermenting cacao beans	2025-06-23	2025-06-23	not_verified_16s_subset	false	Run does not match the configured, verified bacterial 16S subset	https://www.ebi.ac.uk/ena/browser/view/PRJNA1104253
gopaulchan_2025_defined_community	PRJNA1104253	PRJNA1104253	SRP503821	SRR33747526	SRX28970739	SAMN48784416	SRS25191484	P01.bc37	Metagenome or environmental sample from food fermentation metagenome	Metagenomic sample from cocoa fermentation mass inoculated with treatment T2, collected at 48hr-rep2	Illumina MiSeq sequencing: Metagenomic sample from cocoa fermentation mass inoculated with treatment T2, collected at 48hr-rep2	food fermentation metagenome	1154581	AMPLICON	METAGENOMIC	PCR	PAIRED	ILLUMINA	Illumina MiSeq	20389522	37675	4484036;6157907	ftp.sra.ebi.ac.uk/vol1/fastq/SRR337/026/SRR33747526/SRR33747526_1.fastq.gz;ftp.sra.ebi.ac.uk/vol1/fastq/SRR337/026/SRR33747526/SRR33747526_2.fastq.gz	2aba79963cd5f356e0d09c58489619dd;33f8b94559e3159b2173839aa167ccbd		2024		fermenting cacao beans	2025-06-23	2025-06-23	not_verified_16s_subset	false	Run does not match the configured, verified bacterial 16S subset	https://www.ebi.ac.uk/ena/browser/view/PRJNA1104253
gopaulchan_2025_defined_community	PRJNA1104253	PRJNA1104253	SRP503821	SRR33747527	SRX28970738	SAMN48784415	SRS25191485	P01.bc36	Metagenome or environmental sample from food fermentation metagenome	Metagenomic sample from cocoa fermentation mass inoculated with treatment T10, collected at 0hr-rep1	Illumina MiSeq sequencing: Metagenomic sample from cocoa fermentation mass inoculated with treatment T10, collected at 0hr-rep1	food fermentation metagenome	1154581	AMPLICON	METAGENOMIC	PCR	PAIRED	ILLUMINA	Illumina MiSeq	37887413	70009	8407948;11733975	ftp.sra.ebi.ac.uk/vol1/fastq/SRR337/027/SRR33747527/SRR33747527_1.fastq.gz;ftp.sra.ebi.ac.uk/vol1/fastq/SRR337/027/SRR33747527/SRR33747527_2.fastq.gz	8408ea44fd75d2e43a0cbe1454340c27;7722975c4d30821d1cdc3e4a67099875		2024		fermenting cacao beans	2025-06-23	2025-06-23	not_verified_16s_subset	false	Run does not match the configured, verified bacterial 16S subset	https://www.ebi.ac.uk/ena/browser/view/PRJNA1104253
gopaulchan_2025_defined_community	PRJNA1104253	PRJNA1104253	SRP503821	SRR33747528	SRX28970737	SAMN48784414	SRS25191481	P01.bc35	Metagenome or environmental sample from food fermentation metagenome	Metagenomic sample from cocoa fermentation mass inoculated with treatment T4, collected at 24hr-rep1	Illumina MiSeq sequencing: Metagenomic sample from cocoa fermentation mass inoculated with treatment T4, collected at 24hr-rep1	food fermentation metagenome	1154581	AMPLICON	METAGENOMIC	PCR	PAIRED	ILLUMINA	Illumina MiSeq	22041671	40729	4824666;6600964	ftp.sra.ebi.ac.uk/vol1/fastq/SRR337/028/SRR33747528/SRR33747528_1.fastq.gz;ftp.sra.ebi.ac.uk/vol1/fastq/SRR337/028/SRR33747528/SRR33747528_2.fastq.gz	670ee084589477b0dd03ac6bcec242a2;38f8be4bee281353c145601402acbd0b		2024		fermenting cacao beans	2025-06-23	2025-06-23	not_verified_16s_subset	false	Run does not match the configured, verified bacterial 16S subset	https://www.ebi.ac.uk/ena/browser/view/PRJNA1104253
gopaulchan_2025_defined_community	PRJNA1104253	PRJNA1104253	SRP503821	SRR33747529	SRX28970736	SAMN48784387	SRS25191483	P01.bc04	Metagenome or environmental sample from food fermentation metagenome	Metagenomic sample from cocoa fermentation mass inoculated with treatment T7, collected at 24hr-rep1	Illumina MiSeq sequencing: Metagenomic sample from cocoa fermentation mass inoculated with treatment T7, collected at 24hr-rep1	food fermentation metagenome	1154581	AMPLICON	METAGENOMIC	PCR	PAIRED	ILLUMINA	Illumina MiSeq	23050137	42594	4957864;7007488	ftp.sra.ebi.ac.uk/vol1/fastq/SRR337/029/SRR33747529/SRR33747529_1.fastq.gz;ftp.sra.ebi.ac.uk/vol1/fastq/SRR337/029/SRR33747529/SRR33747529_2.fastq.gz	3a22caebdad67f70a98619a9bfca89c1;b8a5329073be022db3e97efaeadbe283		2024		fermenting cacao beans	2025-06-23	2025-06-23	not_verified_16s_subset	false	Run does not match the configured, verified bacterial 16S subset	https://www.ebi.ac.uk/ena/browser/view/PRJNA1104253
gopaulchan_2025_defined_community	PRJNA1104253	PRJNA1104253	SRP503821	SRR33747530	SRX28970735	SAMN48784413	SRS25191482	P01.bc34	Metagenome or environmental sample from food fermentation metagenome	Metagenomic sample from cocoa fermentation mass inoculated with treatment T6, collected at 0hr-rep2	Illumina MiSeq sequencing: Metagenomic sample from cocoa fermentation mass inoculated with treatment T6, collected at 0hr-rep2	food fermentation metagenome	1154581	AMPLICON	METAGENOMIC	PCR	PAIRED	ILLUMINA	Illumina MiSeq	30885144	57070	7085624;9510868	ftp.sra.ebi.ac.uk/vol1/fastq/SRR337/030/SRR33747530/SRR33747530_1.fastq.gz;ftp.sra.ebi.ac.uk/vol1/fastq/SRR337/030/SRR33747530/SRR33747530_2.fastq.gz	7328cc8fd49e065e30d963d71a89fb02;5e3233c127b1179e1bf04d89b9bd29b2		2024		fermenting cacao beans	2025-06-23	2025-06-23	not_verified_16s_subset	false	Run does not match the configured, verified bacterial 16S subset	https://www.ebi.ac.uk/ena/browser/view/PRJNA1104253
gopaulchan_2025_defined_community	PRJNA1104253	PRJNA1104253	SRP503821	SRR33747531	SRX28970734	SAMN48784412	SRS25191480	P01.bc32	Metagenome or environmental sample from food fermentation metagenome	Metagenomic sample from cocoa fermentation mass inoculated with treatment T9, collected at 24hr-rep2	Illumina MiSeq sequencing: Metagenomic sample from cocoa fermentation mass inoculated with treatment T9, collected at 24hr-rep2	food fermentation metagenome	1154581	AMPLICON	METAGENOMIC	PCR	PAIRED	ILLUMINA	Illumina MiSeq	33092609	61149	7277266;10088750	ftp.sra.ebi.ac.uk/vol1/fastq/SRR337/031/SRR33747531/SRR33747531_1.fastq.gz;ftp.sra.ebi.ac.uk/vol1/fastq/SRR337/031/SRR33747531/SRR33747531_2.fastq.gz	488e22189911bf724269998cdabe3ae9;21f8ad0199c53ecfce0f5d725d72b776		2024		fermenting cacao beans	2025-06-23	2025-06-23	not_verified_16s_subset	false	Run does not match the configured, verified bacterial 16S subset	https://www.ebi.ac.uk/ena/browser/view/PRJNA1104253
gopaulchan_2025_defined_community	PRJNA1104253	PRJNA1104253	SRP503821	SRR33747532	SRX28970733	SAMN48784411	SRS25191479	P01.bc31	Metagenome or environmental sample from food fermentation metagenome	Metagenomic sample from cocoa fermentation mass inoculated with treatment T6, collected at 24hr-rep1	Illumina MiSeq sequencing: Metagenomic sample from cocoa fermentation mass inoculated with treatment T6, collected at 24hr-rep1	food fermentation metagenome	1154581	AMPLICON	METAGENOMIC	PCR	PAIRED	ILLUMINA	Illumina MiSeq	24557948	45378	5613941;7389559	ftp.sra.ebi.ac.uk/vol1/fastq/SRR337/032/SRR33747532/SRR33747532_1.fastq.gz;ftp.sra.ebi.ac.uk/vol1/fastq/SRR337/032/SRR33747532/SRR33747532_2.fastq.gz	d1b299553962ee98f1a329126971ade0;b9add9c1bc6714ed25ebdb3710974a2e		2024		fermenting cacao beans	2025-06-23	2025-06-23	not_verified_16s_subset	false	Run does not match the configured, verified bacterial 16S subset	https://www.ebi.ac.uk/ena/browser/view/PRJNA1104253
gopaulchan_2025_defined_community	PRJNA1104253	PRJNA1104253	SRP503821	SRR33747533	SRX28970732	SAMN48784410	SRS25191477	P01.bc29	Metagenome or environmental sample from food fermentation metagenome	Metagenomic sample from cocoa fermentation mass inoculated with treatment T6, collected at 48hr-rep2	Illumina MiSeq sequencing: Metagenomic sample from cocoa fermentation mass inoculated with treatment T6, collected at 48hr-rep2	food fermentation metagenome	1154581	AMPLICON	METAGENOMIC	PCR	PAIRED	ILLUMINA	Illumina MiSeq	25849108	47764	5903346;7872047	ftp.sra.ebi.ac.uk/vol1/fastq/SRR337/033/SRR33747533/SRR33747533_1.fastq.gz;ftp.sra.ebi.ac.uk/vol1/fastq/SRR337/033/SRR33747533/SRR33747533_2.fastq.gz	e2d8006eef10e589a56f8ff9a643c784;eac7cccb4924394d81ac953a4ba26bf8		2024		fermenting cacao beans	2025-06-23	2025-06-23	not_verified_16s_subset	false	Run does not match the configured, verified bacterial 16S subset	https://www.ebi.ac.uk/ena/browser/view/PRJNA1104253
gopaulchan_2025_defined_community	PRJNA1104253	PRJNA1104253	SRP503821	SRR33747534	SRX28970731	SAMN48784409	SRS25191478	P01.bc28	Metagenome or environmental sample from food fermentation metagenome	Metagenomic sample from cocoa fermentation mass inoculated with treatment T7, collected at 0hr-rep1	Illumina MiSeq sequencing: Metagenomic sample from cocoa fermentation mass inoculated with treatment T7, collected at 0hr-rep1	food fermentation metagenome	1154581	AMPLICON	METAGENOMIC	PCR	PAIRED	ILLUMINA	Illumina MiSeq	32167317	59440	7203734;10039998	ftp.sra.ebi.ac.uk/vol1/fastq/SRR337/034/SRR33747534/SRR33747534_1.fastq.gz;ftp.sra.ebi.ac.uk/vol1/fastq/SRR337/034/SRR33747534/SRR33747534_2.fastq.gz	34868fe506a08bf97a4b9e76bca6ac09;84c628fb02e2e251a5ffc8302e2eedaa		2024		fermenting cacao beans	2025-06-23	2025-06-23	not_verified_16s_subset	false	Run does not match the configured, verified bacterial 16S subset	https://www.ebi.ac.uk/ena/browser/view/PRJNA1104253
gopaulchan_2025_defined_community	PRJNA1104253	PRJNA1104253	SRP503821	SRR33747535	SRX28970730	SAMN48784408	SRS25191475	P01.bc27	Metagenome or environmental sample from food fermentation metagenome	Metagenomic sample from cocoa fermentation mass inoculated with treatment T6, collected at 0hr-rep1	Illumina MiSeq sequencing: Metagenomic sample from cocoa fermentation mass inoculated with treatment T6, collected at 0hr-rep1	food fermentation metagenome	1154581	AMPLICON	METAGENOMIC	PCR	PAIRED	ILLUMINA	Illumina MiSeq	32093469	59302	7254901;9808934	ftp.sra.ebi.ac.uk/vol1/fastq/SRR337/035/SRR33747535/SRR33747535_1.fastq.gz;ftp.sra.ebi.ac.uk/vol1/fastq/SRR337/035/SRR33747535/SRR33747535_2.fastq.gz	1b9f49f81b079e77731b96bbff1d21d6;9515e3f3b8c15f6758e5df4e0aeccc06		2024		fermenting cacao beans	2025-06-23	2025-06-23	not_verified_16s_subset	false	Run does not match the configured, verified bacterial 16S subset	https://www.ebi.ac.uk/ena/browser/view/PRJNA1104253
gopaulchan_2025_defined_community	PRJNA1104253	PRJNA1104253	SRP503821	SRR33747536	SRX28970729	SAMN48784407	SRS25191473	P01.bc26	Metagenome or environmental sample from food fermentation metagenome	Metagenomic sample from cocoa fermentation mass inoculated with treatment T11, collected at 24hr-rep1	Illumina MiSeq sequencing: Metagenomic sample from cocoa fermentation mass inoculated with treatment T11, collected at 24hr-rep1	food fermentation metagenome	1154581	AMPLICON	METAGENOMIC	PCR	PAIRED	ILLUMINA	Illumina MiSeq	16939314	31301	4250207;5601036	ftp.sra.ebi.ac.uk/vol1/fastq/SRR337/036/SRR33747536/SRR33747536_1.fastq.gz;ftp.sra.ebi.ac.uk/vol1/fastq/SRR337/036/SRR33747536/SRR33747536_2.fastq.gz	acca3c9e0ea6264e1eb32ec59bd2b468;396bcc08886ad41b6b6e14f076e8c921		2024		fermenting cacao beans	2025-06-23	2025-06-23	not_verified_16s_subset	false	Run does not match the configured, verified bacterial 16S subset	https://www.ebi.ac.uk/ena/browser/view/PRJNA1104253
gopaulchan_2025_defined_community	PRJNA1104253	PRJNA1104253	SRP503821	SRR33747537	SRX28970728	SAMN48784406	SRS25191472	P01.bc25	Metagenome or environmental sample from food fermentation metagenome	Metagenomic sample from cocoa fermentation mass inoculated with treatment T11, collected at 48hr-rep2	Illumina MiSeq sequencing: Metagenomic sample from cocoa fermentation mass inoculated with treatment T11, collected at 48hr-rep2	food fermentation metagenome	1154581	AMPLICON	METAGENOMIC	PCR	PAIRED	ILLUMINA	Illumina MiSeq	15736321	29078	3892884;5114090	ftp.sra.ebi.ac.uk/vol1/fastq/SRR337/037/SRR33747537/SRR33747537_1.fastq.gz;ftp.sra.ebi.ac.uk/vol1/fastq/SRR337/037/SRR33747537/SRR33747537_2.fastq.gz	f5cb7fb44f63cdf9b4389e3949330443;2ec191f70c1ef5235032c49b5d8c5586		2024		fermenting cacao beans	2025-06-23	2025-06-23	not_verified_16s_subset	false	Run does not match the configured, verified bacterial 16S subset	https://www.ebi.ac.uk/ena/browser/view/PRJNA1104253
gopaulchan_2025_defined_community	PRJNA1104253	PRJNA1104253	SRP503821	SRR33747538	SRX28970727	SAMN48784405	SRS25191476	P01.bc24	Metagenome or environmental sample from food fermentation metagenome	Metagenomic sample from cocoa fermentation mass inoculated with treatment T2, collected at 48hr-rep1	Illumina MiSeq sequencing: Metagenomic sample from cocoa fermentation mass inoculated with treatment T2, collected at 48hr-rep1	food fermentation metagenome	1154581	AMPLICON	METAGENOMIC	PCR	PAIRED	ILLUMINA	Illumina MiSeq	15580831	28791	3442451;4655265	ftp.sra.ebi.ac.uk/vol1/fastq/SRR337/038/SRR33747538/SRR33747538_1.fastq.gz;ftp.sra.ebi.ac.uk/vol1/fastq/SRR337/038/SRR33747538/SRR33747538_2.fastq.gz	f74a8211eb7dca4f09c693a37129791a;95874c14cb17a0cab180a681e85ebe1f		2024		fermenting cacao beans	2025-06-23	2025-06-23	not_verified_16s_subset	false	Run does not match the configured, verified bacterial 16S subset	https://www.ebi.ac.uk/ena/browser/view/PRJNA1104253
gopaulchan_2025_defined_community	PRJNA1104253	PRJNA1104253	SRP503821	SRR33747539	SRX28970726	SAMN48784404	SRS25191474	P01.bc22	Metagenome or environmental sample from food fermentation metagenome	Metagenomic sample from cocoa fermentation mass inoculated with treatment T9, collected at 0hr-rep1	Illumina MiSeq sequencing: Metagenomic sample from cocoa fermentation mass inoculated with treatment T9, collected at 0hr-rep1	food fermentation metagenome	1154581	AMPLICON	METAGENOMIC	PCR	PAIRED	ILLUMINA	Illumina MiSeq	40130314	74156	8889564;12307707	ftp.sra.ebi.ac.uk/vol1/fastq/SRR337/039/SRR33747539/SRR33747539_1.fastq.gz;ftp.sra.ebi.ac.uk/vol1/fastq/SRR337/039/SRR33747539/SRR33747539_2.fastq.gz	e6dcced3859c2e8378585581ac76e8d2;3f9329a5189a067b3881222a54fcd774		2024		fermenting cacao beans	2025-06-23	2025-06-23	not_verified_16s_subset	false	Run does not match the configured, verified bacterial 16S subset	https://www.ebi.ac.uk/ena/browser/view/PRJNA1104253
gopaulchan_2025_defined_community	PRJNA1104253	PRJNA1104253	SRP503821	SRR33747540	SRX28970725	SAMN48784386	SRS25191470	P01.bc03	Metagenome or environmental sample from food fermentation metagenome	Metagenomic sample from cocoa fermentation mass inoculated with treatment T3, collected at 24hr-rep2	Illumina MiSeq sequencing: Metagenomic sample from cocoa fermentation mass inoculated with treatment T3, collected at 24hr-rep2	food fermentation metagenome	1154581	AMPLICON	METAGENOMIC	PCR	PAIRED	ILLUMINA	Illumina MiSeq	29648003	54785	6464094;9184861	ftp.sra.ebi.ac.uk/vol1/fastq/SRR337/040/SRR33747540/SRR33747540_1.fastq.gz;ftp.sra.ebi.ac.uk/vol1/fastq/SRR337/040/SRR33747540/SRR33747540_2.fastq.gz	1a30709b70fa56cc8d6adc869738f412;67d09abff2b1bdb50eb546fef2fc8936		2024		fermenting cacao beans	2025-06-23	2025-06-23	not_verified_16s_subset	false	Run does not match the configured, verified bacterial 16S subset	https://www.ebi.ac.uk/ena/browser/view/PRJNA1104253
gopaulchan_2025_defined_community	PRJNA1104253	PRJNA1104253	SRP503821	SRR33747541	SRX28970724	SAMN48784403	SRS25191469	P01.bc21	Metagenome or environmental sample from food fermentation metagenome	Metagenomic sample from cocoa fermentation mass inoculated with treatment T4, collected at 48hr-rep2	Illumina MiSeq sequencing: Metagenomic sample from cocoa fermentation mass inoculated with treatment T4, collected at 48hr-rep2	food fermentation metagenome	1154581	AMPLICON	METAGENOMIC	PCR	PAIRED	ILLUMINA	Illumina MiSeq	32085609	59289	6912921;9770097	ftp.sra.ebi.ac.uk/vol1/fastq/SRR337/041/SRR33747541/SRR33747541_1.fastq.gz;ftp.sra.ebi.ac.uk/vol1/fastq/SRR337/041/SRR33747541/SRR33747541_2.fastq.gz	40426d28596659660e3463b5bbecb6bd;554ee8ea60f53086488b07b68ae3f49a		2024		fermenting cacao beans	2025-06-23	2025-06-23	not_verified_16s_subset	false	Run does not match the configured, verified bacterial 16S subset	https://www.ebi.ac.uk/ena/browser/view/PRJNA1104253
gopaulchan_2025_defined_community	PRJNA1104253	PRJNA1104253	SRP503821	SRR33747542	SRX28970723	SAMN48784402	SRS25191471	P01.bc20	Metagenome or environmental sample from food fermentation metagenome	Metagenomic sample from cocoa fermentation mass inoculated with treatment T3, collected at 48hr-rep2	Illumina MiSeq sequencing: Metagenomic sample from cocoa fermentation mass inoculated with treatment T3, collected at 48hr-rep2	food fermentation metagenome	1154581	AMPLICON	METAGENOMIC	PCR	PAIRED	ILLUMINA	Illumina MiSeq	27052680	49989	5858430;8230928	ftp.sra.ebi.ac.uk/vol1/fastq/SRR337/042/SRR33747542/SRR33747542_1.fastq.gz;ftp.sra.ebi.ac.uk/vol1/fastq/SRR337/042/SRR33747542/SRR33747542_2.fastq.gz	8eb36c1e92d9c55d4b4592d9639334cd;0f37ab92a560dcfc34da1720d7313ece		2024		fermenting cacao beans	2025-06-23	2025-06-23	not_verified_16s_subset	false	Run does not match the configured, verified bacterial 16S subset	https://www.ebi.ac.uk/ena/browser/view/PRJNA1104253
gopaulchan_2025_defined_community	PRJNA1104253	PRJNA1104253	SRP503821	SRR33747543	SRX28970722	SAMN48784401	SRS25191468	P01.bc19	Metagenome or environmental sample from food fermentation metagenome	Metagenomic sample from cocoa fermentation mass inoculated with treatment T1, collected at 48hr-rep2	Illumina MiSeq sequencing: Metagenomic sample from cocoa fermentation mass inoculated with treatment T1, collected at 48hr-rep2	food fermentation metagenome	1154581	AMPLICON	METAGENOMIC	PCR	PAIRED	ILLUMINA	Illumina MiSeq	23077252	42643	5035684;7089081	ftp.sra.ebi.ac.uk/vol1/fastq/SRR337/043/SRR33747543/SRR33747543_1.fastq.gz;ftp.sra.ebi.ac.uk/vol1/fastq/SRR337/043/SRR33747543/SRR33747543_2.fastq.gz	c69c7cc44d5cd381818202db845ef327;77c6fd511c7d253683cc232b0272047f		2024		fermenting cacao beans	2025-06-23	2025-06-23	not_verified_16s_subset	false	Run does not match the configured, verified bacterial 16S subset	https://www.ebi.ac.uk/ena/browser/view/PRJNA1104253
gopaulchan_2025_defined_community	PRJNA1104253	PRJNA1104253	SRP503821	SRR33747544	SRX28970721	SAMN48784400	SRS25191467	P01.bc18	Metagenome or environmental sample from food fermentation metagenome	Metagenomic sample from cocoa fermentation mass inoculated with treatment T1, collected at 48hr-rep1	Illumina MiSeq sequencing: Metagenomic sample from cocoa fermentation mass inoculated with treatment T1, collected at 48hr-rep1	food fermentation metagenome	1154581	AMPLICON	METAGENOMIC	PCR	PAIRED	ILLUMINA	Illumina MiSeq	16569721	30618	3664445;4983427	ftp.sra.ebi.ac.uk/vol1/fastq/SRR337/044/SRR33747544/SRR33747544_1.fastq.gz;ftp.sra.ebi.ac.uk/vol1/fastq/SRR337/044/SRR33747544/SRR33747544_2.fastq.gz	55a9b2c43a45c108e690d3a0c3d4b948;6e6ea5705b81b6707f78e86156db738c		2024		fermenting cacao beans	2025-06-23	2025-06-23	not_verified_16s_subset	false	Run does not match the configured, verified bacterial 16S subset	https://www.ebi.ac.uk/ena/browser/view/PRJNA1104253
gopaulchan_2025_defined_community	PRJNA1104253	PRJNA1104253	SRP503821	SRR33747545	SRX28970720	SAMN48784539	SRS25191465	P03.bc21	Metagenome or environmental sample from food fermentation metagenome	Metagenomic sample from cocoa fermentation mass inoculated with treatment T6, collected at 48hr-rep4	Illumina MiSeq sequencing: Metagenomic sample from cocoa fermentation mass inoculated with treatment T6, collected at 48hr-rep4	food fermentation metagenome	1154581	AMPLICON	METAGENOMIC	PCR	PAIRED	ILLUMINA	Illumina MiSeq	27333014	50798	6206717;8185665	ftp.sra.ebi.ac.uk/vol1/fastq/SRR337/045/SRR33747545/SRR33747545_1.fastq.gz;ftp.sra.ebi.ac.uk/vol1/fastq/SRR337/045/SRR33747545/SRR33747545_2.fastq.gz	3e045d96a47923137fc6fad58cdb2af3;e94c52cdbfbf45856d9fd53a9a547d06		2024		fermenting cacao beans	2025-06-23	2025-06-23	not_verified_16s_subset	false	Run does not match the configured, verified bacterial 16S subset	https://www.ebi.ac.uk/ena/browser/view/PRJNA1104253
gopaulchan_2025_defined_community	PRJNA1104253	PRJNA1104253	SRP503821	SRR33747546	SRX28970719	SAMN48784538	SRS25191464	P03.bc20	Metagenome or environmental sample from food fermentation metagenome	Metagenomic sample from cocoa fermentation mass inoculated with treatment T7, collected at 48hr-rep4	Illumina MiSeq sequencing: Metagenomic sample from cocoa fermentation mass inoculated with treatment T7, collected at 48hr-rep4	food fermentation metagenome	1154581	AMPLICON	METAGENOMIC	PCR	PAIRED	ILLUMINA	Illumina MiSeq	34123515	63418	7371502;10462045	ftp.sra.ebi.ac.uk/vol1/fastq/SRR337/046/SRR33747546/SRR33747546_1.fastq.gz;ftp.sra.ebi.ac.uk/vol1/fastq/SRR337/046/SRR33747546/SRR33747546_2.fastq.gz	c9450a55cc0e2084a5ce57ddcfeb54b6;f625e7fb23e1115a6c81a039cc025786		2024		fermenting cacao beans	2025-06-23	2025-06-23	not_verified_16s_subset	false	Run does not match the configured, verified bacterial 16S subset	https://www.ebi.ac.uk/ena/browser/view/PRJNA1104253
gopaulchan_2025_defined_community	PRJNA1104253	PRJNA1104253	SRP503821	SRR33747547	SRX28970718	SAMN48784537	SRS25191463	P03.bc19	Metagenome or environmental sample from food fermentation metagenome	Metagenomic sample from cocoa fermentation mass inoculated with treatment T9, collected at 24hr-rep4	Illumina MiSeq sequencing: Metagenomic sample from cocoa fermentation mass inoculated with treatment T9, collected at 24hr-rep4	food fermentation metagenome	1154581	AMPLICON	METAGENOMIC	PCR	PAIRED	ILLUMINA	Illumina MiSeq	27364778	50858	6083512;8428002	ftp.sra.ebi.ac.uk/vol1/fastq/SRR337/047/SRR33747547/SRR33747547_1.fastq.gz;ftp.sra.ebi.ac.uk/vol1/fastq/SRR337/047/SRR33747547/SRR33747547_2.fastq.gz	290698e2d0354745290539c8ff693d28;05a6a960a075fa92dda18e0cbdcdc870		2024		fermenting cacao beans	2025-06-23	2025-06-23	not_verified_16s_subset	false	Run does not match the configured, verified bacterial 16S subset	https://www.ebi.ac.uk/ena/browser/view/PRJNA1104253
gopaulchan_2025_defined_community	PRJNA1104253	PRJNA1104253	SRP503821	SRR33747548	SRX28970717	SAMN48784536	SRS25191466	P03.bc17	Metagenome or environmental sample from food fermentation metagenome	Metagenomic sample from cocoa fermentation mass inoculated with treatment T13, collected at 0hr-rep4	Illumina MiSeq sequencing: Metagenomic sample from cocoa fermentation mass inoculated with treatment T13, collected at 0hr-rep4	food fermentation metagenome	1154581	AMPLICON	METAGENOMIC	PCR	PAIRED	ILLUMINA	Illumina MiSeq	24218906	45011	5509978;7654171	ftp.sra.ebi.ac.uk/vol1/fastq/SRR337/048/SRR33747548/SRR33747548_1.fastq.gz;ftp.sra.ebi.ac.uk/vol1/fastq/SRR337/048/SRR33747548/SRR33747548_2.fastq.gz	43c66c47eca597387b52570f568d04fb;e201506c66feb88756ea50e7f2db30d8		2024		fermenting cacao beans	2025-06-23	2025-06-23	not_verified_16s_subset	false	Run does not match the configured, verified bacterial 16S subset	https://www.ebi.ac.uk/ena/browser/view/PRJNA1104253
gopaulchan_2025_defined_community	PRJNA1104253	PRJNA1104253	SRP503821	SRR33747549	SRX28970776	SAMN48784535	SRS25191523	P03.bc15	Metagenome or environmental sample from food fermentation metagenome	Metagenomic sample from cocoa fermentation mass inoculated with treatment T1, collected at 24hr-rep4	Illumina MiSeq sequencing: Metagenomic sample from cocoa fermentation mass inoculated with treatment T1, collected at 24hr-rep4	food fermentation metagenome	1154581	AMPLICON	METAGENOMIC	PCR	PAIRED	ILLUMINA	Illumina MiSeq	8214600	15266	1842675;2535156	ftp.sra.ebi.ac.uk/vol1/fastq/SRR337/049/SRR33747549/SRR33747549_1.fastq.gz;ftp.sra.ebi.ac.uk/vol1/fastq/SRR337/049/SRR33747549/SRR33747549_2.fastq.gz	bc625c9ffe8d005371167a6269a73c8b;a6d069c51198550ddd484328674c47da		2024		fermenting cacao beans	2025-06-23	2025-06-23	not_verified_16s_subset	false	Run does not match the configured, verified bacterial 16S subset	https://www.ebi.ac.uk/ena/browser/view/PRJNA1104253
gopaulchan_2025_defined_community	PRJNA1104253	PRJNA1104253	SRP503821	SRR33747550	SRX28970715	SAMN48784509	SRS25191462	P02.bc70	Metagenome or environmental sample from food fermentation metagenome	Metagenomic sample from cocoa fermentation mass inoculated with treatment T2, collected at 24hr-rep3	Illumina MiSeq sequencing: Metagenomic sample from cocoa fermentation mass inoculated with treatment T2, collected at 24hr-rep3	food fermentation metagenome	1154581	AMPLICON	METAGENOMIC	PCR	PAIRED	ILLUMINA	Illumina MiSeq	29709922	55540	6619056;8862793	ftp.sra.ebi.ac.uk/vol1/fastq/SRR337/050/SRR33747550/SRR33747550_1.fastq.gz;ftp.sra.ebi.ac.uk/vol1/fastq/SRR337/050/SRR33747550/SRR33747550_2.fastq.gz	7c627e3e879d543502a92e4fc1090d30;4c0cca64d28b195ebc3339983a845955		2024		fermenting cacao beans	2025-06-23	2025-06-23	not_verified_16s_subset	false	Run does not match the configured, verified bacterial 16S subset	https://www.ebi.ac.uk/ena/browser/view/PRJNA1104253
gopaulchan_2025_defined_community	PRJNA1104253	PRJNA1104253	SRP503821	SRR33747551	SRX28970714	SAMN48784508	SRS25191460	P02.bc68	Metagenome or environmental sample from food fermentation metagenome	Metagenomic sample from cocoa fermentation mass inoculated with treatment T9, collected at 48hr-rep3	Illumina MiSeq sequencing: Metagenomic sample from cocoa fermentation mass inoculated with treatment T9, collected at 48hr-rep3	food fermentation metagenome	1154581	AMPLICON	METAGENOMIC	PCR	PAIRED	ILLUMINA	Illumina MiSeq	26970277	50418	5993303;8162475	ftp.sra.ebi.ac.uk/vol1/fastq/SRR337/051/SRR33747551/SRR33747551_1.fastq.gz;ftp.sra.ebi.ac.uk/vol1/fastq/SRR337/051/SRR33747551/SRR33747551_2.fastq.gz	6b7a602dce87b819bd678048f35acd11;4cfdc954f332782ea81ef0ee60db42cb		2024		fermenting cacao beans	2025-06-23	2025-06-23	not_verified_16s_subset	false	Run does not match the configured, verified bacterial 16S subset	https://www.ebi.ac.uk/ena/browser/view/PRJNA1104253
gopaulchan_2025_defined_community	PRJNA1104253	PRJNA1104253	SRP503821	SRR33747552	SRX28970713	SAMN48784507	SRS25191459	P02.bc67	Metagenome or environmental sample from food fermentation metagenome	Metagenomic sample from cocoa fermentation mass inoculated with treatment T5, collected at 48hr-rep4	Illumina MiSeq sequencing: Metagenomic sample from cocoa fermentation mass inoculated with treatment T5, collected at 48hr-rep4	food fermentation metagenome	1154581	AMPLICON	METAGENOMIC	PCR	PAIRED	ILLUMINA	Illumina MiSeq	25187708	47086	5577184;7642915	ftp.sra.ebi.ac.uk/vol1/fastq/SRR337/052/SRR33747552/SRR33747552_1.fastq.gz;ftp.sra.ebi.ac.uk/vol1/fastq/SRR337/052/SRR33747552/SRR33747552_2.fastq.gz	699353a79ba6d9935545fbd36f35299d;38b0fb5421e5f34a268d051e1515ddcf		2024		fermenting cacao beans	2025-06-23	2025-06-23	not_verified_16s_subset	false	Run does not match the configured, verified bacterial 16S subset	https://www.ebi.ac.uk/ena/browser/view/PRJNA1104253
gopaulchan_2025_defined_community	PRJNA1104253	PRJNA1104253	SRP503821	SRR33747553	SRX28970712	SAMN48784506	SRS25191458	P02.bc66	Metagenome or environmental sample from food fermentation metagenome	Metagenomic sample from cocoa fermentation mass inoculated with treatment T11, collected at 48hr-rep3	Illumina MiSeq sequencing: Metagenomic sample from cocoa fermentation mass inoculated with treatment T11, collected at 48hr-rep3	food fermentation metagenome	1154581	AMPLICON	METAGENOMIC	PCR	PAIRED	ILLUMINA	Illumina MiSeq	16801076	31408	4212747;5467118	ftp.sra.ebi.ac.uk/vol1/fastq/SRR337/053/SRR33747553/SRR33747553_1.fastq.gz;ftp.sra.ebi.ac.uk/vol1/fastq/SRR337/053/SRR33747553/SRR33747553_2.fastq.gz	280882b2ea8056752f3e5f1cf403af1d;60281ec301daad5de04ec44d3d88886d		2024		fermenting cacao beans	2025-06-23	2025-06-23	not_verified_16s_subset	false	Run does not match the configured, verified bacterial 16S subset	https://www.ebi.ac.uk/ena/browser/view/PRJNA1104253
gopaulchan_2025_defined_community	PRJNA1104253	PRJNA1104253	SRP503821	SRR33747554	SRX28970711	SAMN48784505	SRS25191457	P02.bc65	Metagenome or environmental sample from food fermentation metagenome	Metagenomic sample from cocoa fermentation mass inoculated with treatment T10, collected at 0hr-rep3	Illumina MiSeq sequencing: Metagenomic sample from cocoa fermentation mass inoculated with treatment T10, collected at 0hr-rep3	food fermentation metagenome	1154581	AMPLICON	METAGENOMIC	PCR	PAIRED	ILLUMINA	Illumina MiSeq	26853898	50201	6072451;8327171	ftp.sra.ebi.ac.uk/vol1/fastq/SRR337/054/SRR33747554/SRR33747554_1.fastq.gz;ftp.sra.ebi.ac.uk/vol1/fastq/SRR337/054/SRR33747554/SRR33747554_2.fastq.gz	d993312628e691883f7860b86d0f733f;04d939956b957b91dc6a9bf6f37efc39		2024		fermenting cacao beans	2025-06-23	2025-06-23	not_verified_16s_subset	false	Run does not match the configured, verified bacterial 16S subset	https://www.ebi.ac.uk/ena/browser/view/PRJNA1104253
gopaulchan_2025_defined_community	PRJNA1104253	PRJNA1104253	SRP503821	SRR33747555	SRX28970710	SAMN48784504	SRS25191456	P02.bc64	Metagenome or environmental sample from food fermentation metagenome	Metagenomic sample from cocoa fermentation mass inoculated with treatment T1, collected at 24hr-rep3	Illumina MiSeq sequencing: Metagenomic sample from cocoa fermentation mass inoculated with treatment T1, collected at 24hr-rep3	food fermentation metagenome	1154581	AMPLICON	METAGENOMIC	PCR	PAIRED	ILLUMINA	Illumina MiSeq	63115	118	16078;20640	ftp.sra.ebi.ac.uk/vol1/fastq/SRR337/055/SRR33747555/SRR33747555_1.fastq.gz;ftp.sra.ebi.ac.uk/vol1/fastq/SRR337/055/SRR33747555/SRR33747555_2.fastq.gz	34a68e23946b612c893cd6462e0dcd88;e65917091c05c7b0d7643070d1cfeca4		2024		fermenting cacao beans	2025-06-23	2025-06-23	not_verified_16s_subset	false	Run does not match the configured, verified bacterial 16S subset	https://www.ebi.ac.uk/ena/browser/view/PRJNA1104253
gopaulchan_2025_defined_community	PRJNA1104253	PRJNA1104253	SRP503821	SRR33747556	SRX28970709	SAMN48784396	SRS25191453	P01.bc14	Metagenome or environmental sample from food fermentation metagenome	Metagenomic sample from cocoa fermentation mass inoculated with treatment T12, collected at 24hr-rep2	Illumina MiSeq sequencing: Metagenomic sample from cocoa fermentation mass inoculated with treatment T12, collected at 24hr-rep2	food fermentation metagenome	1154581	AMPLICON	METAGENOMIC	PCR	PAIRED	ILLUMINA	Illumina MiSeq	20857488	38542	5242389;6897648	ftp.sra.ebi.ac.uk/vol1/fastq/SRR337/056/SRR33747556/SRR33747556_1.fastq.gz;ftp.sra.ebi.ac.uk/vol1/fastq/SRR337/056/SRR33747556/SRR33747556_2.fastq.gz	bee354007d6ee71bd33f81b36f7ee8ed;18376ce2818c71059874e8895e62ecf2		2024		fermenting cacao beans	2025-06-23	2025-06-23	not_verified_16s_subset	false	Run does not match the configured, verified bacterial 16S subset	https://www.ebi.ac.uk/ena/browser/view/PRJNA1104253
gopaulchan_2025_defined_community	PRJNA1104253	PRJNA1104253	SRP503821	SRR33747557	SRX28970708	SAMN48784503	SRS25191454	P02.bc63	Metagenome or environmental sample from food fermentation metagenome	Metagenomic sample from cocoa fermentation mass inoculated with treatment T5, collected at 0hr-rep3	Illumina MiSeq sequencing: Metagenomic sample from cocoa fermentation mass inoculated with treatment T5, collected at 0hr-rep3	food fermentation metagenome	1154581	AMPLICON	METAGENOMIC	PCR	PAIRED	ILLUMINA	Illumina MiSeq	28883474	53995	6605312;8984531	ftp.sra.ebi.ac.uk/vol1/fastq/SRR337/057/SRR33747557/SRR33747557_1.fastq.gz;ftp.sra.ebi.ac.uk/vol1/fastq/SRR337/057/SRR33747557/SRR33747557_2.fastq.gz	12d975937b93d113c8a123c71becbf8a;8f287dbbf6d48668fef6f4b07eedf3f6		2024		fermenting cacao beans	2025-06-23	2025-06-23	not_verified_16s_subset	false	Run does not match the configured, verified bacterial 16S subset	https://www.ebi.ac.uk/ena/browser/view/PRJNA1104253
gopaulchan_2025_defined_community	PRJNA1104253	PRJNA1104253	SRP503821	SRR33747558	SRX28970707	SAMN48784502	SRS25191455	P02.bc62	Metagenome or environmental sample from food fermentation metagenome	Metagenomic sample from cocoa fermentation mass inoculated with treatment T6, collected at 0hr-rep4	Illumina MiSeq sequencing: Metagenomic sample from cocoa fermentation mass inoculated with treatment T6, collected at 0hr-rep4	food fermentation metagenome	1154581	AMPLICON	METAGENOMIC	PCR	PAIRED	ILLUMINA	Illumina MiSeq	17554214	32815	4142495;5574843	ftp.sra.ebi.ac.uk/vol1/fastq/SRR337/058/SRR33747558/SRR33747558_1.fastq.gz;ftp.sra.ebi.ac.uk/vol1/fastq/SRR337/058/SRR33747558/SRR33747558_2.fastq.gz	7e31dc16a5224a5a72e65662852272f6;2fda98fed47b9a74c4f160deba7df30e		2024		fermenting cacao beans	2025-06-23	2025-06-23	not_verified_16s_subset	false	Run does not match the configured, verified bacterial 16S subset	https://www.ebi.ac.uk/ena/browser/view/PRJNA1104253
gopaulchan_2025_defined_community	PRJNA1104253	PRJNA1104253	SRP503821	SRR33747559	SRX28970706	SAMN48784501	SRS25191451	P02.bc60	Metagenome or environmental sample from food fermentation metagenome	Metagenomic sample from cocoa fermentation mass inoculated with treatment T10, collected at 24hr-rep3	Illumina MiSeq sequencing: Metagenomic sample from cocoa fermentation mass inoculated with treatment T10, collected at 24hr-rep3	food fermentation metagenome	1154581	AMPLICON	METAGENOMIC	PCR	PAIRED	ILLUMINA	Illumina MiSeq	32349521	60475	7251422;9987733	ftp.sra.ebi.ac.uk/vol1/fastq/SRR337/059/SRR33747559/SRR33747559_1.fastq.gz;ftp.sra.ebi.ac.uk/vol1/fastq/SRR337/059/SRR33747559/SRR33747559_2.fastq.gz	3dcf25a59054a1cfda7d244a54f9f59f;f3815e1129ccaea1e28fa3da2cfdb092		2024		fermenting cacao beans	2025-06-23	2025-06-23	not_verified_16s_subset	false	Run does not match the configured, verified bacterial 16S subset	https://www.ebi.ac.uk/ena/browser/view/PRJNA1104253
gopaulchan_2025_defined_community	PRJNA1104253	PRJNA1104253	SRP503821	SRR33747560	SRX28970705	SAMN48784500	SRS25191452	P02.bc58	Metagenome or environmental sample from food fermentation metagenome	Metagenomic sample from cocoa fermentation mass inoculated with treatment T3, collected at 24hr-rep4	Illumina MiSeq sequencing: Metagenomic sample from cocoa fermentation mass inoculated with treatment T3, collected at 24hr-rep4	food fermentation metagenome	1154581	AMPLICON	METAGENOMIC	PCR	PAIRED	ILLUMINA	Illumina MiSeq	30909913	57785	6908166;9810393	ftp.sra.ebi.ac.uk/vol1/fastq/SRR337/060/SRR33747560/SRR33747560_1.fastq.gz;ftp.sra.ebi.ac.uk/vol1/fastq/SRR337/060/SRR33747560/SRR33747560_2.fastq.gz	2a328b7e0ce3f2dfc18895bc9d4a7c7d;6423bf77840a37ed5fbe32d70695dec4		2024		fermenting cacao beans	2025-06-23	2025-06-23	not_verified_16s_subset	false	Run does not match the configured, verified bacterial 16S subset	https://www.ebi.ac.uk/ena/browser/view/PRJNA1104253
gopaulchan_2025_defined_community	PRJNA1104253	PRJNA1104253	SRP503821	SRR33747561	SRX28970704	SAMN48784499	SRS25191450	P02.bc57	Metagenome or environmental sample from food fermentation metagenome	Metagenomic sample from cocoa fermentation mass inoculated with treatment T10, collected at 0hr-rep4	Illumina MiSeq sequencing: Metagenomic sample from cocoa fermentation mass inoculated with treatment T10, collected at 0hr-rep4	food fermentation metagenome	1154581	AMPLICON	METAGENOMIC	PCR	PAIRED	ILLUMINA	Illumina MiSeq	30048205	56173	6856955;9415282	ftp.sra.ebi.ac.uk/vol1/fastq/SRR337/061/SRR33747561/SRR33747561_1.fastq.gz;ftp.sra.ebi.ac.uk/vol1/fastq/SRR337/061/SRR33747561/SRR33747561_2.fastq.gz	972bff5c523285578d823088fd08e269;8925cedd05848e28fdbbd5a33a9fd6dd		2024		fermenting cacao beans	2025-06-23	2025-06-23	not_verified_16s_subset	false	Run does not match the configured, verified bacterial 16S subset	https://www.ebi.ac.uk/ena/browser/view/PRJNA1104253
gopaulchan_2025_defined_community	PRJNA1104253	PRJNA1104253	SRP503821	SRR33747562	SRX28970703	SAMN48784498	SRS25191449	P02.bc56	Metagenome or environmental sample from food fermentation metagenome	Metagenomic sample from cocoa fermentation mass inoculated with treatment T13, collected at 0hr-rep3	Illumina MiSeq sequencing: Metagenomic sample from cocoa fermentation mass inoculated with treatment T13, collected at 0hr-rep3	food fermentation metagenome	1154581	AMPLICON	METAGENOMIC	PCR	PAIRED	ILLUMINA	Illumina MiSeq	22302554	41693	5184514;7081030	ftp.sra.ebi.ac.uk/vol1/fastq/SRR337/062/SRR33747562/SRR33747562_1.fastq.gz;ftp.sra.ebi.ac.uk/vol1/fastq/SRR337/062/SRR33747562/SRR33747562_2.fastq.gz	006889ce47ef4bdd864662d23acaf893;09c0fe3ec3fd67986682c76c653d75b1		2024		fermenting cacao beans	2025-06-23	2025-06-23	not_verified_16s_subset	false	Run does not match the configured, verified bacterial 16S subset	https://www.ebi.ac.uk/ena/browser/view/PRJNA1104253
gopaulchan_2025_defined_community	PRJNA1104253	PRJNA1104253	SRP503821	SRR33747563	SRX28970702	SAMN48784497	SRS25191448	P02.bc53	Metagenome or environmental sample from food fermentation metagenome	Metagenomic sample from cocoa fermentation mass inoculated with treatment T3, collected at 48hr-rep4	Illumina MiSeq sequencing: Metagenomic sample from cocoa fermentation mass inoculated with treatment T3, collected at 48hr-rep4	food fermentation metagenome	1154581	AMPLICON	METAGENOMIC	PCR	PAIRED	ILLUMINA	Illumina MiSeq	19998270	37385	4486646;6358673	ftp.sra.ebi.ac.uk/vol1/fastq/SRR337/063/SRR33747563/SRR33747563_1.fastq.gz;ftp.sra.ebi.ac.uk/vol1/fastq/SRR337/063/SRR33747563/SRR33747563_2.fastq.gz	31a71af8444219e730ba5b18c6dd22c5;450390ef0a7b37e85c97ddc457df5d79		2024		fermenting cacao beans	2025-06-23	2025-06-23	not_verified_16s_subset	false	Run does not match the configured, verified bacterial 16S subset	https://www.ebi.ac.uk/ena/browser/view/PRJNA1104253
gopaulchan_2025_defined_community	PRJNA1104253	PRJNA1104253	SRP503821	SRR33747564	SRX28970701	SAMN48784496	SRS25191447	P02.bc52	Metagenome or environmental sample from food fermentation metagenome	Metagenomic sample from cocoa fermentation mass inoculated with treatment T6, collected at 48hr-rep3	Illumina MiSeq sequencing: Metagenomic sample from cocoa fermentation mass inoculated with treatment T6, collected at 48hr-rep3	food fermentation metagenome	1154581	AMPLICON	METAGENOMIC	PCR	PAIRED	ILLUMINA	Illumina MiSeq	25126559	46972	5793767;7631240	ftp.sra.ebi.ac.uk/vol1/fastq/SRR337/064/SRR33747564/SRR33747564_1.fastq.gz;ftp.sra.ebi.ac.uk/vol1/fastq/SRR337/064/SRR33747564/SRR33747564_2.fastq.gz	7f856896afc82ac6d12d0a58857645c4;c796b3cc80a772c3fbadeaef9a61abe4		2024		fermenting cacao beans	2025-06-23	2025-06-23	not_verified_16s_subset	false	Run does not match the configured, verified bacterial 16S subset	https://www.ebi.ac.uk/ena/browser/view/PRJNA1104253
gopaulchan_2025_defined_community	PRJNA1104253	PRJNA1104253	SRP503821	SRR33747565	SRX28970700	SAMN48784495	SRS25191446	P02.bc51	Metagenome or environmental sample from food fermentation metagenome	Metagenomic sample from cocoa fermentation mass inoculated with treatment T6, collected at 24hr-rep3	Illumina MiSeq sequencing: Metagenomic sample from cocoa fermentation mass inoculated with treatment T6, collected at 24hr-rep3	food fermentation metagenome	1154581	AMPLICON	METAGENOMIC	PCR	PAIRED	ILLUMINA	Illumina MiSeq	33032869	61753	7714800;10102697	ftp.sra.ebi.ac.uk/vol1/fastq/SRR337/065/SRR33747565/SRR33747565_1.fastq.gz;ftp.sra.ebi.ac.uk/vol1/fastq/SRR337/065/SRR33747565/SRR33747565_2.fastq.gz	4fc2795e1e1c6698f021aaedc9f6908c;78182383456576de4adc628003b41123		2024		fermenting cacao beans	2025-06-23	2025-06-23	not_verified_16s_subset	false	Run does not match the configured, verified bacterial 16S subset	https://www.ebi.ac.uk/ena/browser/view/PRJNA1104253
gopaulchan_2025_defined_community	PRJNA1104253	PRJNA1104253	SRP503821	SRR33747566	SRX28970699	SAMN48784494	SRS25191444	P02.bc50	Metagenome or environmental sample from food fermentation metagenome	Metagenomic sample from cocoa fermentation mass inoculated with treatment T7, collected at 24hr-rep3	Illumina MiSeq sequencing: Metagenomic sample from cocoa fermentation mass inoculated with treatment T7, collected at 24hr-rep3	food fermentation metagenome	1154581	AMPLICON	METAGENOMIC	PCR	PAIRED	ILLUMINA	Illumina MiSeq	32368993	60511	7221352;10023600	ftp.sra.ebi.ac.uk/vol1/fastq/SRR337/066/SRR33747566/SRR33747566_1.fastq.gz;ftp.sra.ebi.ac.uk/vol1/fastq/SRR337/066/SRR33747566/SRR33747566_2.fastq.gz	f2887bc8346a9f4d9be4fff25a207753;c3b3f8fe84316c49f0e12980a4492b97		2024		fermenting cacao beans	2025-06-23	2025-06-23	not_verified_16s_subset	false	Run does not match the configured, verified bacterial 16S subset	https://www.ebi.ac.uk/ena/browser/view/PRJNA1104253
gopaulchan_2025_defined_community	PRJNA1104253	PRJNA1104253	SRP503821	SRR33747567	SRX28970698	SAMN48784395	SRS25191445	P01.bc13	Metagenome or environmental sample from food fermentation metagenome	Metagenomic sample from cocoa fermentation mass inoculated with treatment T12, collected at 48hr-rep2	Illumina MiSeq sequencing: Metagenomic sample from cocoa fermentation mass inoculated with treatment T12, collected at 48hr-rep2	food fermentation metagenome	1154581	AMPLICON	METAGENOMIC	PCR	PAIRED	ILLUMINA	Illumina MiSeq	19725117	36449	4925870;6462012	ftp.sra.ebi.ac.uk/vol1/fastq/SRR337/067/SRR33747567/SRR33747567_1.fastq.gz;ftp.sra.ebi.ac.uk/vol1/fastq/SRR337/067/SRR33747567/SRR33747567_2.fastq.gz	050cf9d7769dd517ca1f99674d7b8517;037e5ddc0a81b43025bbe681f17ecadb		2024		fermenting cacao beans	2025-06-23	2025-06-23	not_verified_16s_subset	false	Run does not match the configured, verified bacterial 16S subset	https://www.ebi.ac.uk/ena/browser/view/PRJNA1104253
gopaulchan_2025_defined_community	PRJNA1104253	PRJNA1104253	SRP503821	SRR33747568	SRX28970697	SAMN48784493	SRS25191443	P02.bc49	Metagenome or environmental sample from food fermentation metagenome	Metagenomic sample from cocoa fermentation mass inoculated with treatment T8, collected at 24hr-rep3	Illumina MiSeq sequencing: Metagenomic sample from cocoa fermentation mass inoculated with treatment T8, collected at 24hr-rep3	food fermentation metagenome	1154581	AMPLICON	METAGENOMIC	PCR	PAIRED	ILLUMINA	Illumina MiSeq	26628894	49780	5953798;8047743	ftp.sra.ebi.ac.uk/vol1/fastq/SRR337/068/SRR33747568/SRR33747568_1.fastq.gz;ftp.sra.ebi.ac.uk/vol1/fastq/SRR337/068/SRR33747568/SRR33747568_2.fastq.gz	32c8c031d2d4a69c23e06f131b4ffbbe;2f3f9a3a0c7bc2eaf2fa49a2aeac37ac		2024		fermenting cacao beans	2025-06-23	2025-06-23	not_verified_16s_subset	false	Run does not match the configured, verified bacterial 16S subset	https://www.ebi.ac.uk/ena/browser/view/PRJNA1104253
gopaulchan_2025_defined_community	PRJNA1104253	PRJNA1104253	SRP503821	SRR33747569	SRX28970696	SAMN48784492	SRS25191442	P02.bc47	Metagenome or environmental sample from food fermentation metagenome	Metagenomic sample from cocoa fermentation mass inoculated with treatment T8, collected at 24hr-rep4	Illumina MiSeq sequencing: Metagenomic sample from cocoa fermentation mass inoculated with treatment T8, collected at 24hr-rep4	food fermentation metagenome	1154581	AMPLICON	METAGENOMIC	PCR	PAIRED	ILLUMINA	Illumina MiSeq	31833062	59510	7157214;9763696	ftp.sra.ebi.ac.uk/vol1/fastq/SRR337/069/SRR33747569/SRR33747569_1.fastq.gz;ftp.sra.ebi.ac.uk/vol1/fastq/SRR337/069/SRR33747569/SRR33747569_2.fastq.gz	e7944571e8bf4a3624b06c2246e3d1e0;801b071c8633f1178f99dd3a14e78e7a		2024		fermenting cacao beans	2025-06-23	2025-06-23	not_verified_16s_subset	false	Run does not match the configured, verified bacterial 16S subset	https://www.ebi.ac.uk/ena/browser/view/PRJNA1104253
gopaulchan_2025_defined_community	PRJNA1104253	PRJNA1104253	SRP503821	SRR33747570	SRX28970695	SAMN48784491	SRS25191441	P02.bc46	Metagenome or environmental sample from food fermentation metagenome	Metagenomic sample from cocoa fermentation mass inoculated with treatment T11, collected at 0hr-rep3	Illumina MiSeq sequencing: Metagenomic sample from cocoa fermentation mass inoculated with treatment T11, collected at 0hr-rep3	food fermentation metagenome	1154581	AMPLICON	METAGENOMIC	PCR	PAIRED	ILLUMINA	Illumina MiSeq	6671584	12472	1700908;2214494	ftp.sra.ebi.ac.uk/vol1/fastq/SRR337/070/SRR33747570/SRR33747570_1.fastq.gz;ftp.sra.ebi.ac.uk/vol1/fastq/SRR337/070/SRR33747570/SRR33747570_2.fastq.gz	b514d4a2cfda768abd5d983c4e95c13a;31f395d99daeffea6a96f1b656833c9e		2024		fermenting cacao beans	2025-06-23	2025-06-23	not_verified_16s_subset	false	Run does not match the configured, verified bacterial 16S subset	https://www.ebi.ac.uk/ena/browser/view/PRJNA1104253
gopaulchan_2025_defined_community	PRJNA1104253	PRJNA1104253	SRP503821	SRR33747571	SRX28970694	SAMN48784490	SRS25191439	P02.bc43	Metagenome or environmental sample from food fermentation metagenome	Metagenomic sample from cocoa fermentation mass inoculated with treatment T12, collected at 0hr-rep3	Illumina MiSeq sequencing: Metagenomic sample from cocoa fermentation mass inoculated with treatment T12, collected at 0hr-rep3	food fermentation metagenome	1154581	AMPLICON	METAGENOMIC	PCR	PAIRED	ILLUMINA	Illumina MiSeq	15602292	29167	3917167;5093637	ftp.sra.ebi.ac.uk/vol1/fastq/SRR337/071/SRR33747571/SRR33747571_1.fastq.gz;ftp.sra.ebi.ac.uk/vol1/fastq/SRR337/071/SRR33747571/SRR33747571_2.fastq.gz	e7194989cbbf997ab756ea59e605e19a;5ee078c7ea456151223f269323233781		2024		fermenting cacao beans	2025-06-23	2025-06-23	not_verified_16s_subset	false	Run does not match the configured, verified bacterial 16S subset	https://www.ebi.ac.uk/ena/browser/view/PRJNA1104253
gopaulchan_2025_defined_community	PRJNA1104253	PRJNA1104253	SRP503821	SRR33747572	SRX28970693	SAMN48784489	SRS25191440	P02.bc41	Metagenome or environmental sample from food fermentation metagenome	Metagenomic sample from cocoa fermentation mass inoculated with treatment T7, collected at 0hr-rep4	Illumina MiSeq sequencing: Metagenomic sample from cocoa fermentation mass inoculated with treatment T7, collected at 0hr-rep4	food fermentation metagenome	1154581	AMPLICON	METAGENOMIC	PCR	PAIRED	ILLUMINA	Illumina MiSeq	19562633	36572	4509017;6129095	ftp.sra.ebi.ac.uk/vol1/fastq/SRR337/072/SRR33747572/SRR33747572_1.fastq.gz;ftp.sra.ebi.ac.uk/vol1/fastq/SRR337/072/SRR33747572/SRR33747572_2.fastq.gz	26f84d625d5ffe2498784f73ec5bcf15;392d2eb31193887f01a3edf91eb452fb		2024		fermenting cacao beans	2025-06-23	2025-06-23	not_verified_16s_subset	false	Run does not match the configured, verified bacterial 16S subset	https://www.ebi.ac.uk/ena/browser/view/PRJNA1104253
gopaulchan_2025_defined_community	PRJNA1104253	PRJNA1104253	SRP503821	SRR33747573	SRX28970692	SAMN48784488	SRS25191438	P02.bc37	Metagenome or environmental sample from food fermentation metagenome	Metagenomic sample from cocoa fermentation mass inoculated with treatment T8, collected at 0hr-rep3	Illumina MiSeq sequencing: Metagenomic sample from cocoa fermentation mass inoculated with treatment T8, collected at 0hr-rep3	food fermentation metagenome	1154581	AMPLICON	METAGENOMIC	PCR	PAIRED	ILLUMINA	Illumina MiSeq	29650746	55429	6750520;9253754	ftp.sra.ebi.ac.uk/vol1/fastq/SRR337/073/SRR33747573/SRR33747573_1.fastq.gz;ftp.sra.ebi.ac.uk/vol1/fastq/SRR337/073/SRR33747573/SRR33747573_2.fastq.gz	0e3513cd1b174e52709339aef09822b8;0a6bca84a94b7291ec0904930313432b		2024		fermenting cacao beans	2025-06-23	2025-06-23	not_verified_16s_subset	false	Run does not match the configured, verified bacterial 16S subset	https://www.ebi.ac.uk/ena/browser/view/PRJNA1104253
gopaulchan_2025_defined_community	PRJNA1104253	PRJNA1104253	SRP503821	SRR33747574	SRX28970691	SAMN48784487	SRS25191436	P02.bc35	Metagenome or environmental sample from food fermentation metagenome	Metagenomic sample from cocoa fermentation mass inoculated with treatment T11, collected at 24hr-rep3	Illumina MiSeq sequencing: Metagenomic sample from cocoa fermentation mass inoculated with treatment T11, collected at 24hr-rep3	food fermentation metagenome	1154581	AMPLICON	METAGENOMIC	PCR	PAIRED	ILLUMINA	Illumina MiSeq	16266157	30408	4087126;5303687	ftp.sra.ebi.ac.uk/vol1/fastq/SRR337/074/SRR33747574/SRR33747574_1.fastq.gz;ftp.sra.ebi.ac.uk/vol1/fastq/SRR337/074/SRR33747574/SRR33747574_2.fastq.gz	c6864da1987b1c235d8c64a8b86e010d;4ebb354800eda29688e25b2cfbcc9986		2024		fermenting cacao beans	2025-06-23	2025-06-23	not_verified_16s_subset	false	Run does not match the configured, verified bacterial 16S subset	https://www.ebi.ac.uk/ena/browser/view/PRJNA1104253
gopaulchan_2025_defined_community	PRJNA1104253	PRJNA1104253	SRP503821	SRR33747575	SRX28970690	SAMN48784486	SRS25191437	P02.bc34	Metagenome or environmental sample from food fermentation metagenome	Metagenomic sample from cocoa fermentation mass inoculated with treatment T13, collected at 24hr-rep4	Illumina MiSeq sequencing: Metagenomic sample from cocoa fermentation mass inoculated with treatment T13, collected at 24hr-rep4	food fermentation metagenome	1154581	AMPLICON	METAGENOMIC	PCR	PAIRED	ILLUMINA	Illumina MiSeq	24122297	45094	5563345;7376131	ftp.sra.ebi.ac.uk/vol1/fastq/SRR337/075/SRR33747575/SRR33747575_1.fastq.gz;ftp.sra.ebi.ac.uk/vol1/fastq/SRR337/075/SRR33747575/SRR33747575_2.fastq.gz	5bf7f9009dfe6015b980fe3133989d88;eca1d10e291789d20e7f0d04dd6a3978		2024		fermenting cacao beans	2025-06-23	2025-06-23	not_verified_16s_subset	false	Run does not match the configured, verified bacterial 16S subset	https://www.ebi.ac.uk/ena/browser/view/PRJNA1104253
gopaulchan_2025_defined_community	PRJNA1104253	PRJNA1104253	SRP503821	SRR33747576	SRX28970689	SAMN48784485	SRS25191434	P02.bc32	Metagenome or environmental sample from food fermentation metagenome	Metagenomic sample from cocoa fermentation mass inoculated with treatment T2, collected at 0hr-rep4	Illumina MiSeq sequencing: Metagenomic sample from cocoa fermentation mass inoculated with treatment T2, collected at 0hr-rep4	food fermentation metagenome	1154581	AMPLICON	METAGENOMIC	PCR	PAIRED	ILLUMINA	Illumina MiSeq	28706056	53663	6692324;9036455	ftp.sra.ebi.ac.uk/vol1/fastq/SRR337/076/SRR33747576/SRR33747576_1.fastq.gz;ftp.sra.ebi.ac.uk/vol1/fastq/SRR337/076/SRR33747576/SRR33747576_2.fastq.gz	38c03a726a5edb449b10a4eb5ca8a3c5;47a034e0810f92965d2f70e102a5573d		2024		fermenting cacao beans	2025-06-23	2025-06-23	not_verified_16s_subset	false	Run does not match the configured, verified bacterial 16S subset	https://www.ebi.ac.uk/ena/browser/view/PRJNA1104253
hawaii_phyllosphere_ferment_2022	PRJNA865318	PRJNA865318	SRP390439	SRR20961351	SRX16979950	SAMN30106049	SRS14566720	02.1.3.0day.16S.b	phyllosphere bacteria	Keywords: GSC:MIxS MIMS:5.0	Illumina MiSeq sequencing: cacao phyllosphere bacteria	phyllosphere metagenome	662107	AMPLICON	METAGENOMIC	PCR	PAIRED	ILLUMINA	Illumina MiSeq	23879534	39667	6511919;6032164	ftp.sra.ebi.ac.uk/vol1/fastq/SRR209/051/SRR20961351/SRR20961351_1.fastq.gz;ftp.sra.ebi.ac.uk/vol1/fastq/SRR209/051/SRR20961351/SRR20961351_2.fastq.gz	d50fe38612c6f91218d80e3212b92555;aa39a545dbc05a092eef9377416ae37f	USA: Hawaii, Oahu	2017-03-17			2022-08-11	2022-08-24	non_fermentation_matrix	false	Phyllosphere run is outside the fermentation-mass population	https://www.ebi.ac.uk/ena/browser/view/PRJNA865318
hawaii_phyllosphere_ferment_2022	PRJNA865318	PRJNA865318	SRP390439	SRR20961352	SRX16979949	SAMN30106048	SRS14566719	04.4.5.0.16S.a	phyllosphere bacteria	Keywords: GSC:MIxS MIMS:5.0	Illumina MiSeq sequencing: cacao phyllosphere bacteria	phyllosphere metagenome	662107	AMPLICON	METAGENOMIC	PCR	PAIRED	ILLUMINA	Illumina MiSeq	15936746	26473	3893756;4349322	ftp.sra.ebi.ac.uk/vol1/fastq/SRR209/052/SRR20961352/SRR20961352_1.fastq.gz;ftp.sra.ebi.ac.uk/vol1/fastq/SRR209/052/SRR20961352/SRR20961352_2.fastq.gz	f8392e849ed6475b1c6375487876bc6c;dc8ef1f463b2607932a5ace2b06e54ef	USA: Hawaii, Oahu	2017-03-17			2022-08-11	2022-08-24	non_fermentation_matrix	false	Phyllosphere run is outside the fermentation-mass population	https://www.ebi.ac.uk/ena/browser/view/PRJNA865318
hawaii_phyllosphere_ferment_2022	PRJNA865318	PRJNA865318	SRP390439	SRR20961353	SRX16979948	SAMN30106047	SRS14566718	04.4.3.0.16S.a	phyllosphere bacteria	Keywords: GSC:MIxS MIMS:5.0	Illumina MiSeq sequencing: cacao phyllosphere bacteria	phyllosphere metagenome	662107	AMPLICON	METAGENOMIC	PCR	PAIRED	ILLUMINA	Illumina MiSeq	22523228	37414	4522345;5820968	ftp.sra.ebi.ac.uk/vol1/fastq/SRR209/053/SRR20961353/SRR20961353_1.fastq.gz;ftp.sra.ebi.ac.uk/vol1/fastq/SRR209/053/SRR20961353/SRR20961353_2.fastq.gz	2ae980f99f0bb4bf4e0d058ff4e0c29d;1fb74105439cc31d7d593fdc72aca414	USA: Hawaii, Oahu	2017-03-17			2022-08-11	2022-08-24	non_fermentation_matrix	false	Phyllosphere run is outside the fermentation-mass population	https://www.ebi.ac.uk/ena/browser/view/PRJNA865318
hawaii_phyllosphere_ferment_2022	PRJNA865318	PRJNA865318	SRP390439	SRR20961354	SRX16979947	SAMN30106102	SRS14566717	ITSNEG.Cacao.b	Bacteria negative control	Keywords: GSC:MIxS MIMS:5.0	Illumina MiSeq sequencing: Bacteria negative control	metagenome	256318	AMPLICON	METAGENOMIC	PCR	PAIRED	ILLUMINA	Illumina MiSeq	309428	514	115326;124131	ftp.sra.ebi.ac.uk/vol1/fastq/SRR209/054/SRR20961354/SRR20961354_1.fastq.gz;ftp.sra.ebi.ac.uk/vol1/fastq/SRR209/054/SRR20961354/SRR20961354_2.fastq.gz	b15c97a20f3de93c43bac32a9bc5c559;31ff154b0e5e1fd2d181208c3be5edca	USA: Hawaii, Oahu	2017-03-18			2022-08-11	2022-08-24	control	false	Mock or negative-control run is not a biological fermentation sample	https://www.ebi.ac.uk/ena/browser/view/PRJNA865318
hawaii_phyllosphere_ferment_2022	PRJNA865318	PRJNA865318	SRP390439	SRR20961355	SRX16979946	SAMN30106101	SRS14566716	ITSMOCK.b	Fungi mock community	Keywords: GSC:MIxS MIMS:5.0	Illumina MiSeq sequencing: Fungi mock community	synthetic metagenome	1235509	AMPLICON	METAGENOMIC	PCR	PAIRED	ILLUMINA	Illumina MiSeq	29539538	49069	6468005;8749751	ftp.sra.ebi.ac.uk/vol1/fastq/SRR209/055/SRR20961355/SRR20961355_1.fastq.gz;ftp.sra.ebi.ac.uk/vol1/fastq/SRR209/055/SRR20961355/SRR20961355_2.fastq.gz	63ef0d2979b7a37f946ad7afd357ce7b;3d23946e40220daf54db5b61be5df179	USA: Hawaii, Oahu	2017-03-18			2022-08-11	2022-08-24	control	false	Mock or negative-control run is not a biological fermentation sample	https://www.ebi.ac.uk/ena/browser/view/PRJNA865318
hawaii_phyllosphere_ferment_2022	PRJNA865318	PRJNA865318	SRP390439	SRR20961356	SRX16979945	SAMN30106100	SRS14566715	16SNEG.Cacao.b	Bacteria negative control	Keywords: GSC:MIxS MIMS:5.0	Illumina MiSeq sequencing: Bacteria negative control	metagenome	256318	AMPLICON	METAGENOMIC	PCR	PAIRED	ILLUMINA	Illumina MiSeq	127624	212	50806;54427	ftp.sra.ebi.ac.uk/vol1/fastq/SRR209/056/SRR20961356/SRR20961356_1.fastq.gz;ftp.sra.ebi.ac.uk/vol1/fastq/SRR209/056/SRR20961356/SRR20961356_2.fastq.gz	1c9728a726f43a50d740632a48fc166f;cb374bf74e5d8ed48245d1cf819b207a	USA: Hawaii, Oahu	2017-03-18			2022-08-11	2022-08-24	control	false	Mock or negative-control run is not a biological fermentation sample	https://www.ebi.ac.uk/ena/browser/view/PRJNA865318
hawaii_phyllosphere_ferment_2022	PRJNA865318	PRJNA865318	SRP390439	SRR20961357	SRX16979944	SAMN30106046	SRS14566714	04.3.5.0.16S.a	phyllosphere bacteria	Keywords: GSC:MIxS MIMS:5.0	Illumina MiSeq sequencing: cacao phyllosphere bacteria	phyllosphere metagenome	662107	AMPLICON	METAGENOMIC	PCR	PAIRED	ILLUMINA	Illumina MiSeq	19460252	32326	4461072;6112164	ftp.sra.ebi.ac.uk/vol1/fastq/SRR209/057/SRR20961357/SRR20961357_1.fastq.gz;ftp.sra.ebi.ac.uk/vol1/fastq/SRR209/057/SRR20961357/SRR20961357_2.fastq.gz	d24de97e02fba8e6bef9d55a2735796c;925ab9ecb282b567bb67cde0e660aa8e	USA: Hawaii, Oahu	2017-03-17			2022-08-11	2022-08-24	non_fermentation_matrix	false	Phyllosphere run is outside the fermentation-mass population	https://www.ebi.ac.uk/ena/browser/view/PRJNA865318
hawaii_phyllosphere_ferment_2022	PRJNA865318	PRJNA865318	SRP390439	SRR20961358	SRX16979943	SAMN30106099	SRS14566713	ITSNEG.ITS.a	Fungi negative control	Keywords: GSC:MIxS MIMS:5.0	Illumina MiSeq sequencing: Fungi negative control	metagenome	256318	AMPLICON	METAGENOMIC	PCR	PAIRED	ILLUMINA	Illumina MiSeq	266686	443	87820;98230	ftp.sra.ebi.ac.uk/vol1/fastq/SRR209/058/SRR20961358/SRR20961358_1.fastq.gz;ftp.sra.ebi.ac.uk/vol1/fastq/SRR209/058/SRR20961358/SRR20961358_2.fastq.gz	8d9fcf6c2610f0555a6c6bcdbc8341a2;ab3bbd60011925c19203c7a828832158	USA: Hawaii, Oahu	2017-03-18			2022-08-11	2022-08-24	control	false	Mock or negative-control run is not a biological fermentation sample	https://www.ebi.ac.uk/ena/browser/view/PRJNA865318
hawaii_phyllosphere_ferment_2022	PRJNA865318	PRJNA865318	SRP390439	SRR20961359	SRX16979942	SAMN30106098	SRS14566712	ITSMOCK.ITS.a	Fungi negative control	Keywords: GSC:MIxS MIMS:5.0	Illumina MiSeq sequencing: Fungi negative control	metagenome	256318	AMPLICON	METAGENOMIC	PCR	PAIRED	ILLUMINA	Illumina MiSeq	62884318	104459	14070669;18838976	ftp.sra.ebi.ac.uk/vol1/fastq/SRR209/059/SRR20961359/SRR20961359_1.fastq.gz;ftp.sra.ebi.ac.uk/vol1/fastq/SRR209/059/SRR20961359/SRR20961359_2.fastq.gz	13555dd5dd74a3a49d998e6d7812157c;df56454d5f3ce09348766612d8015d6c	USA: Hawaii, Oahu	2017-03-18			2022-08-11	2022-08-24	control	false	Mock or negative-control run is not a biological fermentation sample	https://www.ebi.ac.uk/ena/browser/view/PRJNA865318
hawaii_phyllosphere_ferment_2022	PRJNA865318	PRJNA865318	SRP390439	SRR20961360	SRX16979941	SAMN30106097	SRS14566711	16SNEG.16S.a	Bacteria negative control	Keywords: GSC:MIxS MIMS:5.0	Illumina MiSeq sequencing: Bacteria negative control	metagenome	256318	AMPLICON	METAGENOMIC	PCR	PAIRED	ILLUMINA	Illumina MiSeq	146888	244	51816;59684	ftp.sra.ebi.ac.uk/vol1/fastq/SRR209/060/SRR20961360/SRR20961360_1.fastq.gz;ftp.sra.ebi.ac.uk/vol1/fastq/SRR209/060/SRR20961360/SRR20961360_2.fastq.gz	1d66a90c9d292278d9acea0ff3857744;5e12502f1afcb2f987c08e2c84afa955	USA: Hawaii, Oahu	2017-03-18			2022-08-11	2022-08-24	control	false	Mock or negative-control run is not a biological fermentation sample	https://www.ebi.ac.uk/ena/browser/view/PRJNA865318
hawaii_phyllosphere_ferment_2022	PRJNA865318	PRJNA865318	SRP390439	SRR20961361	SRX16979940	SAMN30106096	SRS14566710	16SMOCK.16S.a	Bacteria mock community	Keywords: GSC:MIxS MIMS:5.0	Illumina MiSeq sequencing: Bacteria mock community	synthetic metagenome	1235509	AMPLICON	METAGENOMIC	PCR	PAIRED	ILLUMINA	Illumina MiSeq	29915788	49694	5088191;7064176	ftp.sra.ebi.ac.uk/vol1/fastq/SRR209/061/SRR20961361/SRR20961361_1.fastq.gz;ftp.sra.ebi.ac.uk/vol1/fastq/SRR209/061/SRR20961361/SRR20961361_2.fastq.gz	f12e6fcd3ade4f1baa96751746b8cd89;70fef679b850dcab1c6e4ece04091ac9	USA: Hawaii, Oahu	2017-03-18			2022-08-11	2022-08-24	control	false	Mock or negative-control run is not a biological fermentation sample	https://www.ebi.ac.uk/ena/browser/view/PRJNA865318
hawaii_phyllosphere_ferment_2022	PRJNA865318	PRJNA865318	SRP390439	SRR20961362	SRX16979939	SAMN30106095	SRS14566709	04.3.5.1day.ITS.b	fermentation fungi	Keywords: GSC:MIxS MIMS:5.0	Illumina MiSeq sequencing: cacao fermentation fungi	fermentation metagenome	1326787	AMPLICON	METAGENOMIC	PCR	PAIRED	ILLUMINA	Illumina MiSeq	76871788	127694	14993045;19393568	ftp.sra.ebi.ac.uk/vol1/fastq/SRR209/062/SRR20961362/SRR20961362_1.fastq.gz;ftp.sra.ebi.ac.uk/vol1/fastq/SRR209/062/SRR20961362/SRR20961362_2.fastq.gz	1008cd4a23106d7a8fb1490f4eae245d;fe68ce382a46db2bcd31a69c23608b13	USA: Hawaii, Oahu	2017-03-18			2022-08-11	2022-08-24	non_bacterial_marker	false	ITS/fungal run is outside bacterial 16S scope	https://www.ebi.ac.uk/ena/browser/view/PRJNA865318
hawaii_phyllosphere_ferment_2022	PRJNA865318	PRJNA865318	SRP390439	SRR20961363	SRX16979938	SAMN30106094	SRS14566708	04.3.3.1day.ITS.b	fermentation fungi	Keywords: GSC:MIxS MIMS:5.0	Illumina MiSeq sequencing: cacao fermentation fungi	fermentation metagenome	1326787	AMPLICON	METAGENOMIC	PCR	PAIRED	ILLUMINA	Illumina MiSeq	107942212	179306	24411719;29986576	ftp.sra.ebi.ac.uk/vol1/fastq/SRR209/063/SRR20961363/SRR20961363_1.fastq.gz;ftp.sra.ebi.ac.uk/vol1/fastq/SRR209/063/SRR20961363/SRR20961363_2.fastq.gz	76524c7891e2fe74d68454d4559f867e;f87f5d14f5fe278d0533c9bb284b9cc2	USA: Hawaii, Oahu	2017-03-18			2022-08-11	2022-08-24	non_bacterial_marker	false	ITS/fungal run is outside bacterial 16S scope	https://www.ebi.ac.uk/ena/browser/view/PRJNA865318
hawaii_phyllosphere_ferment_2022	PRJNA865318	PRJNA865318	SRP390439	SRR20961364	SRX16979937	SAMN30106093	SRS14566707	04.1.3.1day.ITS.b	fermentation fungi	Keywords: GSC:MIxS MIMS:5.0	Illumina MiSeq sequencing: cacao fermentation fungi	fermentation metagenome	1326787	AMPLICON	METAGENOMIC	PCR	PAIRED	ILLUMINA	Illumina MiSeq	92049412	152906	21168512;26836005	ftp.sra.ebi.ac.uk/vol1/fastq/SRR209/064/SRR20961364/SRR20961364_1.fastq.gz;ftp.sra.ebi.ac.uk/vol1/fastq/SRR209/064/SRR20961364/SRR20961364_2.fastq.gz	cda3216f86cee0a4f8729eb4fe23668c;2aa501210338cc5d753c9ac0699e1e18	USA: Hawaii, Oahu	2017-03-18			2022-08-11	2022-08-24	non_bacterial_marker	false	ITS/fungal run is outside bacterial 16S scope	https://www.ebi.ac.uk/ena/browser/view/PRJNA865318
hawaii_phyllosphere_ferment_2022	PRJNA865318	PRJNA865318	SRP390439	SRR20961365	SRX16979936	SAMN30106092	SRS14566706	04.1.2.5.1day.ITS.b	fermentation fungi	Keywords: GSC:MIxS MIMS:5.0	Illumina MiSeq sequencing: cacao fermentation fungi	fermentation metagenome	1326787	AMPLICON	METAGENOMIC	PCR	PAIRED	ILLUMINA	Illumina MiSeq	119197806	198003	24150575;32244096	ftp.sra.ebi.ac.uk/vol1/fastq/SRR209/065/SRR20961365/SRR20961365_1.fastq.gz;ftp.sra.ebi.ac.uk/vol1/fastq/SRR209/065/SRR20961365/SRR20961365_2.fastq.gz	4c46d0947c2552b575b1016ccc2d18d3;c476ff6c82778867a1a002bb2f58114a	USA: Hawaii, Oahu	2017-03-18			2022-08-11	2022-08-24	non_bacterial_marker	false	ITS/fungal run is outside bacterial 16S scope	https://www.ebi.ac.uk/ena/browser/view/PRJNA865318
hawaii_phyllosphere_ferment_2022	PRJNA865318	PRJNA865318	SRP390439	SRR20961366	SRX16979935	SAMN30106091	SRS14566705	02.4.5.1day.ITS.b	fermentation fungi	Keywords: GSC:MIxS MIMS:5.0	Illumina MiSeq sequencing: cacao fermentation fungi	fermentation metagenome	1326787	AMPLICON	METAGENOMIC	PCR	PAIRED	ILLUMINA	Illumina MiSeq	110601246	183723	24132031;29447944	ftp.sra.ebi.ac.uk/vol1/fastq/SRR209/066/SRR20961366/SRR20961366_1.fastq.gz;ftp.sra.ebi.ac.uk/vol1/fastq/SRR209/066/SRR20961366/SRR20961366_2.fastq.gz	abaf1a60f5c51beb5295ad7442661476;d0b1c7c17efecb09d8697764d2b75458	USA: Hawaii, Oahu	2017-03-18			2022-08-11	2022-08-24	non_bacterial_marker	false	ITS/fungal run is outside bacterial 16S scope	https://www.ebi.ac.uk/ena/browser/view/PRJNA865318
hawaii_phyllosphere_ferment_2022	PRJNA865318	PRJNA865318	SRP390439	SRR20961367	SRX16979934	SAMN30106090	SRS14566704	04.4.5.1.ITS.a	fermentation fungi	Keywords: GSC:MIxS MIMS:5.0	Illumina MiSeq sequencing: cacao fermentation fungi	fermentation metagenome	1326787	AMPLICON	METAGENOMIC	PCR	PAIRED	ILLUMINA	Illumina MiSeq	78024618	129609	15499275;19753960	ftp.sra.ebi.ac.uk/vol1/fastq/SRR209/067/SRR20961367/SRR20961367_1.fastq.gz;ftp.sra.ebi.ac.uk/vol1/fastq/SRR209/067/SRR20961367/SRR20961367_2.fastq.gz	d74e37b7f965ee95264cac897e75222f;3a69a1494720435958fb4c6f53e8f5e4	USA: Hawaii, Oahu	2017-03-18			2022-08-11	2022-08-24	non_bacterial_marker	false	ITS/fungal run is outside bacterial 16S scope	https://www.ebi.ac.uk/ena/browser/view/PRJNA865318
hawaii_phyllosphere_ferment_2022	PRJNA865318	PRJNA865318	SRP390439	SRR20961368	SRX16979933	SAMN30106045	SRS14566703	04.3.3.0.16S.a	phyllosphere bacteria	Keywords: GSC:MIxS MIMS:5.0	Illumina MiSeq sequencing: cacao phyllosphere bacteria	phyllosphere metagenome	662107	AMPLICON	METAGENOMIC	PCR	PAIRED	ILLUMINA	Illumina MiSeq	16500218	27409	3948315;4257822	ftp.sra.ebi.ac.uk/vol1/fastq/SRR209/068/SRR20961368/SRR20961368_1.fastq.gz;ftp.sra.ebi.ac.uk/vol1/fastq/SRR209/068/SRR20961368/SRR20961368_2.fastq.gz	a34d5fc78d0b3bea112fb1766ce3787f;a9c4fbba8a91bebcc575ce6c44a85736	USA: Hawaii, Oahu	2017-03-17			2022-08-11	2022-08-24	non_fermentation_matrix	false	Phyllosphere run is outside the fermentation-mass population	https://www.ebi.ac.uk/ena/browser/view/PRJNA865318
hawaii_phyllosphere_ferment_2022	PRJNA865318	PRJNA865318	SRP390439	SRR20961369	SRX16979932	SAMN30106089	SRS14566702	04.4.3.1.ITS.a	fermentation fungi	Keywords: GSC:MIxS MIMS:5.0	Illumina MiSeq sequencing: cacao fermentation fungi	fermentation metagenome	1326787	AMPLICON	METAGENOMIC	PCR	PAIRED	ILLUMINA	Illumina MiSeq	61651422	102411	12786992;16679085	ftp.sra.ebi.ac.uk/vol1/fastq/SRR209/069/SRR20961369/SRR20961369_1.fastq.gz;ftp.sra.ebi.ac.uk/vol1/fastq/SRR209/069/SRR20961369/SRR20961369_2.fastq.gz	560c9d4a3bd161bc6d2e4801c938ac9a;c2e0f6ac87fb0a619805b2574922f67a	USA: Hawaii, Oahu	2017-03-18			2022-08-11	2022-08-24	non_bacterial_marker	false	ITS/fungal run is outside bacterial 16S scope	https://www.ebi.ac.uk/ena/browser/view/PRJNA865318
hawaii_phyllosphere_ferment_2022	PRJNA865318	PRJNA865318	SRP390439	SRR20961370	SRX16979931	SAMN30106088	SRS14566701	02.3.5.1.ITS.a	fermentation fungi	Keywords: GSC:MIxS MIMS:5.0	Illumina MiSeq sequencing: cacao fermentation fungi	fermentation metagenome	1326787	AMPLICON	METAGENOMIC	PCR	PAIRED	ILLUMINA	Illumina MiSeq	50605926	84063	13144183;13188795	ftp.sra.ebi.ac.uk/vol1/fastq/SRR209/070/SRR20961370/SRR20961370_1.fastq.gz;ftp.sra.ebi.ac.uk/vol1/fastq/SRR209/070/SRR20961370/SRR20961370_2.fastq.gz	f02d915a658b0df55bd478b716ae6ada;b058ba97436f6fc5498487f8e6dc7cda	USA: Hawaii, Oahu	2017-03-18			2022-08-11	2022-08-24	non_bacterial_marker	false	ITS/fungal run is outside bacterial 16S scope	https://www.ebi.ac.uk/ena/browser/view/PRJNA865318
hawaii_phyllosphere_ferment_2022	PRJNA865318	PRJNA865318	SRP390439	SRR20961371	SRX16979930	SAMN30106087	SRS14566700	02.3.3.1.ITS.a	fermentation fungi	Keywords: GSC:MIxS MIMS:5.0	Illumina MiSeq sequencing: cacao fermentation fungi	fermentation metagenome	1326787	AMPLICON	METAGENOMIC	PCR	PAIRED	ILLUMINA	Illumina MiSeq	61788076	102638	12108173;14768042	ftp.sra.ebi.ac.uk/vol1/fastq/SRR209/071/SRR20961371/SRR20961371_1.fastq.gz;ftp.sra.ebi.ac.uk/vol1/fastq/SRR209/071/SRR20961371/SRR20961371_2.fastq.gz	d27792890200c412ba92e3abe9b7f3c6;3a3aeb7007ed75897b1da666826b3c89	USA: Hawaii, Oahu	2017-03-18			2022-08-11	2022-08-24	non_bacterial_marker	false	ITS/fungal run is outside bacterial 16S scope	https://www.ebi.ac.uk/ena/browser/view/PRJNA865318
hawaii_phyllosphere_ferment_2022	PRJNA865318	PRJNA865318	SRP390439	SRR20961372	SRX16979929	SAMN30106086	SRS14566699	02.2.5.1.ITS.a	fermentation fungi	Keywords: GSC:MIxS MIMS:5.0	Illumina MiSeq sequencing: cacao fermentation fungi	fermentation metagenome	1326787	AMPLICON	METAGENOMIC	PCR	PAIRED	ILLUMINA	Illumina MiSeq	61103000	101500	12395647;17052105	ftp.sra.ebi.ac.uk/vol1/fastq/SRR209/072/SRR20961372/SRR20961372_1.fastq.gz;ftp.sra.ebi.ac.uk/vol1/fastq/SRR209/072/SRR20961372/SRR20961372_2.fastq.gz	40f389495d9e543dae2bdedb42ca2967;b6ad6db84691a4a893492c9f350926d6	USA: Hawaii, Oahu	2017-03-18			2022-08-11	2022-08-24	non_bacterial_marker	false	ITS/fungal run is outside bacterial 16S scope	https://www.ebi.ac.uk/ena/browser/view/PRJNA865318
hawaii_phyllosphere_ferment_2022	PRJNA865318	PRJNA865318	SRP390439	SRR20961373	SRX16979928	SAMN30106085	SRS14566698	02.2.3.1.ITS.a	fermentation fungi	Keywords: GSC:MIxS MIMS:5.0	Illumina MiSeq sequencing: cacao fermentation fungi	fermentation metagenome	1326787	AMPLICON	METAGENOMIC	PCR	PAIRED	ILLUMINA	Illumina MiSeq	70057148	116374	13643504;17643617	ftp.sra.ebi.ac.uk/vol1/fastq/SRR209/073/SRR20961373/SRR20961373_1.fastq.gz;ftp.sra.ebi.ac.uk/vol1/fastq/SRR209/073/SRR20961373/SRR20961373_2.fastq.gz	09ccdd8c713d2601ff92b24f22092e8b;881b3c631b38354d256960f202cfd178	USA: Hawaii, Oahu	2017-03-18			2022-08-11	2022-08-24	non_bacterial_marker	false	ITS/fungal run is outside bacterial 16S scope	https://www.ebi.ac.uk/ena/browser/view/PRJNA865318
hawaii_phyllosphere_ferment_2022	PRJNA865318	PRJNA865318	SRP390439	SRR20961374	SRX16979927	SAMN30106084	SRS14566697	02.1.3.1.ITS.a	fermentation fungi	Keywords: GSC:MIxS MIMS:5.0	Illumina MiSeq sequencing: cacao fermentation fungi	fermentation metagenome	1326787	AMPLICON	METAGENOMIC	PCR	PAIRED	ILLUMINA	Illumina MiSeq	46699548	77574	10007775;12611040	ftp.sra.ebi.ac.uk/vol1/fastq/SRR209/074/SRR20961374/SRR20961374_1.fastq.gz;ftp.sra.ebi.ac.uk/vol1/fastq/SRR209/074/SRR20961374/SRR20961374_2.fastq.gz	e248ea6d57a891bb4c5ebb00f8e762c9;05317ec008439c0907191f023fa63d7d	USA: Hawaii, Oahu	2017-03-18			2022-08-11	2022-08-24	non_bacterial_marker	false	ITS/fungal run is outside bacterial 16S scope	https://www.ebi.ac.uk/ena/browser/view/PRJNA865318
hawaii_phyllosphere_ferment_2022	PRJNA865318	PRJNA865318	SRP390439	SRR20961375	SRX16979926	SAMN30106083	SRS14566696	04.4.5.1day.16S.b	fermentation bacteria	Keywords: GSC:MIxS MIMS:5.0	Illumina MiSeq sequencing: cacao fermentation bacteria	fermentation metagenome	1326787	AMPLICON	METAGENOMIC	PCR	PAIRED	ILLUMINA	Illumina MiSeq	74321716	123458	12021283;17206410	ftp.sra.ebi.ac.uk/vol1/fastq/SRR209/075/SRR20961375/SRR20961375_1.fastq.gz;ftp.sra.ebi.ac.uk/vol1/fastq/SRR209/075/SRR20961375/SRR20961375_2.fastq.gz	d451f0e738265697df1c7c557e39363f;566042164bb549b371dd8f8f429ea58b	USA: Hawaii, Oahu	2017-03-18			2022-08-11	2022-08-24	bacterial_16s_candidate	pending	Public fermentation-bacteria runs exist, but temporal metadata is limited or ambiguous and no linked paper was verified.	https://www.ebi.ac.uk/ena/browser/view/PRJNA865318
hawaii_phyllosphere_ferment_2022	PRJNA865318	PRJNA865318	SRP390439	SRR20961376	SRX16979925	SAMN30106082	SRS14566695	04.4.3.1day.16S.b	fermentation bacteria	Keywords: GSC:MIxS MIMS:5.0	Illumina MiSeq sequencing: cacao fermentation bacteria	fermentation metagenome	1326787	AMPLICON	METAGENOMIC	PCR	PAIRED	ILLUMINA	Illumina MiSeq	37862790	62895	6081186;9769056	ftp.sra.ebi.ac.uk/vol1/fastq/SRR209/076/SRR20961376/SRR20961376_1.fastq.gz;ftp.sra.ebi.ac.uk/vol1/fastq/SRR209/076/SRR20961376/SRR20961376_2.fastq.gz	5e2fb7765a530703e66d1da56ff0b3a6;5976af30bd924779981cafebc49363eb	USA: Hawaii, Oahu	2017-03-18			2022-08-11	2022-08-24	bacterial_16s_candidate	pending	Public fermentation-bacteria runs exist, but temporal metadata is limited or ambiguous and no linked paper was verified.	https://www.ebi.ac.uk/ena/browser/view/PRJNA865318
hawaii_phyllosphere_ferment_2022	PRJNA865318	PRJNA865318	SRP390439	SRR20961377	SRX16979924	SAMN30106081	SRS14566694	04.3.5.1day.16S.b	fermentation bacteria	Keywords: GSC:MIxS MIMS:5.0	Illumina MiSeq sequencing: cacao fermentation bacteria	fermentation metagenome	1326787	AMPLICON	METAGENOMIC	PCR	PAIRED	ILLUMINA	Illumina MiSeq	71669304	119052	11745322;16646926	ftp.sra.ebi.ac.uk/vol1/fastq/SRR209/077/SRR20961377/SRR20961377_1.fastq.gz;ftp.sra.ebi.ac.uk/vol1/fastq/SRR209/077/SRR20961377/SRR20961377_2.fastq.gz	f69c8491579eed18e16659b1ff1ce18c;08863e8cde9859b4f4ecacd849e31e52	USA: Hawaii, Oahu	2017-03-18			2022-08-11	2022-08-24	bacterial_16s_candidate	pending	Public fermentation-bacteria runs exist, but temporal metadata is limited or ambiguous and no linked paper was verified.	https://www.ebi.ac.uk/ena/browser/view/PRJNA865318
hawaii_phyllosphere_ferment_2022	PRJNA865318	PRJNA865318	SRP390439	SRR20961378	SRX16979923	SAMN30106080	SRS14566693	04.3.3.1day.16S.b	fermentation bacteria	Keywords: GSC:MIxS MIMS:5.0	Illumina MiSeq sequencing: cacao fermentation bacteria	fermentation metagenome	1326787	AMPLICON	METAGENOMIC	PCR	PAIRED	ILLUMINA	Illumina MiSeq	58761822	97611	9166228;13032457	ftp.sra.ebi.ac.uk/vol1/fastq/SRR209/078/SRR20961378/SRR20961378_1.fastq.gz;ftp.sra.ebi.ac.uk/vol1/fastq/SRR209/078/SRR20961378/SRR20961378_2.fastq.gz	5317cf983821aa7af86d0b1c0f2daa3a;6fc6d70b7149cb59d16a00f10106cc1d	USA: Hawaii, Oahu	2017-03-18			2022-08-11	2022-08-24	bacterial_16s_candidate	pending	Public fermentation-bacteria runs exist, but temporal metadata is limited or ambiguous and no linked paper was verified.	https://www.ebi.ac.uk/ena/browser/view/PRJNA865318
hawaii_phyllosphere_ferment_2022	PRJNA865318	PRJNA865318	SRP390439	SRR20961379	SRX16979922	SAMN30106044	SRS14566692	04.1.3.0.16S.a	phyllosphere bacteria	Keywords: GSC:MIxS MIMS:5.0	Illumina MiSeq sequencing: cacao phyllosphere bacteria	phyllosphere metagenome	662107	AMPLICON	METAGENOMIC	PCR	PAIRED	ILLUMINA	Illumina MiSeq	21847182	36291	4551838;5841388	ftp.sra.ebi.ac.uk/vol1/fastq/SRR209/079/SRR20961379/SRR20961379_1.fastq.gz;ftp.sra.ebi.ac.uk/vol1/fastq/SRR209/079/SRR20961379/SRR20961379_2.fastq.gz	5a81736c524800184c94388657aa3d01;4f93404e8706227b3638ced05092871f	USA: Hawaii, Oahu	2017-03-17			2022-08-11	2022-08-24	non_fermentation_matrix	false	Phyllosphere run is outside the fermentation-mass population	https://www.ebi.ac.uk/ena/browser/view/PRJNA865318
hawaii_phyllosphere_ferment_2022	PRJNA865318	PRJNA865318	SRP390439	SRR20961380	SRX16979921	SAMN30106079	SRS14566691	04.1.3.1day.16S.b	fermentation bacteria	Keywords: GSC:MIxS MIMS:5.0	Illumina MiSeq sequencing: cacao fermentation bacteria	fermentation metagenome	1326787	AMPLICON	METAGENOMIC	PCR	PAIRED	ILLUMINA	Illumina MiSeq	34020224	56512	7722500;7792401	ftp.sra.ebi.ac.uk/vol1/fastq/SRR209/080/SRR20961380/SRR20961380_1.fastq.gz;ftp.sra.ebi.ac.uk/vol1/fastq/SRR209/080/SRR20961380/SRR20961380_2.fastq.gz	c2b059b9cdfcabd5b836558266ac0b2e;f57159e869c53a31f808bd6d2976d90b	USA: Hawaii, Oahu	2017-03-18			2022-08-11	2022-08-12	bacterial_16s_candidate	pending	Public fermentation-bacteria runs exist, but temporal metadata is limited or ambiguous and no linked paper was verified.	https://www.ebi.ac.uk/ena/browser/view/PRJNA865318
hawaii_phyllosphere_ferment_2022	PRJNA865318	PRJNA865318	SRP390439	SRR20961381	SRX16979920	SAMN30106078	SRS14566690	04.1.2.5.1day.16S.b	fermentation bacteria	Keywords: GSC:MIxS MIMS:5.0	Illumina MiSeq sequencing: cacao fermentation bacteria	fermentation metagenome	1326787	AMPLICON	METAGENOMIC	PCR	PAIRED	ILLUMINA	Illumina MiSeq	5052586	8393	1468082;1433017	ftp.sra.ebi.ac.uk/vol1/fastq/SRR209/081/SRR20961381/SRR20961381_1.fastq.gz;ftp.sra.ebi.ac.uk/vol1/fastq/SRR209/081/SRR20961381/SRR20961381_2.fastq.gz	04dc243e5142311c7da1da8204a7ac22;e96bc875fe94b3ec23a76b8a7f249ff7	USA: Hawaii, Oahu	2017-03-18			2022-08-11	2022-10-28	bacterial_16s_candidate	pending	Public fermentation-bacteria runs exist, but temporal metadata is limited or ambiguous and no linked paper was verified.	https://www.ebi.ac.uk/ena/browser/view/PRJNA865318
hawaii_phyllosphere_ferment_2022	PRJNA865318	PRJNA865318	SRP390439	SRR20961382	SRX16979919	SAMN30106077	SRS14566689	02.4.5.1day.16S.b	fermentation bacteria	Keywords: GSC:MIxS MIMS:5.0	Illumina MiSeq sequencing: cacao fermentation bacteria	fermentation metagenome	1326787	AMPLICON	METAGENOMIC	PCR	PAIRED	ILLUMINA	Illumina MiSeq	80164126	133163	12185137;18111835	ftp.sra.ebi.ac.uk/vol1/fastq/SRR209/082/SRR20961382/SRR20961382_1.fastq.gz;ftp.sra.ebi.ac.uk/vol1/fastq/SRR209/082/SRR20961382/SRR20961382_2.fastq.gz	6b2a3e3dfd6762a1ff96f2b27cdbd782;517ef0daca30b2c58142bc9b43ebdc98	USA: Hawaii, Oahu	2017-03-18			2022-08-11	2022-08-24	bacterial_16s_candidate	pending	Public fermentation-bacteria runs exist, but temporal metadata is limited or ambiguous and no linked paper was verified.	https://www.ebi.ac.uk/ena/browser/view/PRJNA865318
hawaii_phyllosphere_ferment_2022	PRJNA865318	PRJNA865318	SRP390439	SRR20961383	SRX16979918	SAMN30106076	SRS14566688	02.3.3.1day.16S.b	fermentation bacteria	Keywords: GSC:MIxS MIMS:5.0	Illumina MiSeq sequencing: cacao fermentation bacteria	fermentation metagenome	1326787	AMPLICON	METAGENOMIC	PCR	PAIRED	ILLUMINA	Illumina MiSeq	37559984	62392	6910875;8310928	ftp.sra.ebi.ac.uk/vol1/fastq/SRR209/083/SRR20961383/SRR20961383_1.fastq.gz;ftp.sra.ebi.ac.uk/vol1/fastq/SRR209/083/SRR20961383/SRR20961383_2.fastq.gz	bfa112952e18d23fa8cee252dc1381ef;28fdcbf967af87f5e50bc9e88cc7058f	USA: Hawaii, Oahu	2017-03-18			2022-08-11	2022-08-24	bacterial_16s_candidate	pending	Public fermentation-bacteria runs exist, but temporal metadata is limited or ambiguous and no linked paper was verified.	https://www.ebi.ac.uk/ena/browser/view/PRJNA865318
hawaii_phyllosphere_ferment_2022	PRJNA865318	PRJNA865318	SRP390439	SRR20961384	SRX16979917	SAMN30106075	SRS14566687	02.2.5.1day.16S.b	fermentation bacteria	Keywords: GSC:MIxS MIMS:5.0	Illumina MiSeq sequencing: cacao fermentation bacteria	fermentation metagenome	1326787	AMPLICON	METAGENOMIC	PCR	PAIRED	ILLUMINA	Illumina MiSeq	31204670	51835	7017367;8533286	ftp.sra.ebi.ac.uk/vol1/fastq/SRR209/084/SRR20961384/SRR20961384_1.fastq.gz;ftp.sra.ebi.ac.uk/vol1/fastq/SRR209/084/SRR20961384/SRR20961384_2.fastq.gz	2e858ff97dedc658af21aff8f15f5c9d;05fbf67aa26fde01d4d6d5b33dbf663b	USA: Hawaii, Oahu	2017-03-18			2022-08-11	2022-08-12	bacterial_16s_candidate	pending	Public fermentation-bacteria runs exist, but temporal metadata is limited or ambiguous and no linked paper was verified.	https://www.ebi.ac.uk/ena/browser/view/PRJNA865318
hawaii_phyllosphere_ferment_2022	PRJNA865318	PRJNA865318	SRP390439	SRR20961385	SRX16979916	SAMN30106074	SRS14566686	02.2.3.1day.16S.b	fermentation bacteria	Keywords: GSC:MIxS MIMS:5.0	Illumina MiSeq sequencing: cacao fermentation bacteria	fermentation metagenome	1326787	AMPLICON	METAGENOMIC	PCR	PAIRED	ILLUMINA	Illumina MiSeq	49801052	82726	7698671;11120730	ftp.sra.ebi.ac.uk/vol1/fastq/SRR209/085/SRR20961385/SRR20961385_1.fastq.gz;ftp.sra.ebi.ac.uk/vol1/fastq/SRR209/085/SRR20961385/SRR20961385_2.fastq.gz	c9bb292e4e446c59acb55efcf82e95a4;31900c798b1172926837df413660e264	USA: Hawaii, Oahu	2017-03-18			2022-08-11	2022-10-28	bacterial_16s_candidate	pending	Public fermentation-bacteria runs exist, but temporal metadata is limited or ambiguous and no linked paper was verified.	https://www.ebi.ac.uk/ena/browser/view/PRJNA865318
hawaii_phyllosphere_ferment_2022	PRJNA865318	PRJNA865318	SRP390439	SRR20961386	SRX16979915	SAMN30106073	SRS14566685	04.4.5.1.16S.a	fermentation bacteria	Keywords: GSC:MIxS MIMS:5.0	Illumina MiSeq sequencing: cacao fermentation bacteria	fermentation metagenome	1326787	AMPLICON	METAGENOMIC	PCR	PAIRED	ILLUMINA	Illumina MiSeq	3069598	5099	571354;782152	ftp.sra.ebi.ac.uk/vol1/fastq/SRR209/086/SRR20961386/SRR20961386_1.fastq.gz;ftp.sra.ebi.ac.uk/vol1/fastq/SRR209/086/SRR20961386/SRR20961386_2.fastq.gz	d4ae2da082e335e8af3e8182e1a74843;ddb953e90d8dbf456562a0fa7e86a89c	USA: Hawaii, Oahu	2017-03-18			2022-08-11	2022-08-24	bacterial_16s_candidate	pending	Public fermentation-bacteria runs exist, but temporal metadata is limited or ambiguous and no linked paper was verified.	https://www.ebi.ac.uk/ena/browser/view/PRJNA865318
hawaii_phyllosphere_ferment_2022	PRJNA865318	PRJNA865318	SRP390439	SRR20961387	SRX16979914	SAMN30106072	SRS14566684	04.4.3.1.16S.a	fermentation bacteria	Keywords: GSC:MIxS MIMS:5.0	Illumina MiSeq sequencing: cacao fermentation bacteria	fermentation metagenome	1326787	AMPLICON	METAGENOMIC	PCR	PAIRED	ILLUMINA	Illumina MiSeq	26688466	44333	4781482;6722008	ftp.sra.ebi.ac.uk/vol1/fastq/SRR209/087/SRR20961387/SRR20961387_1.fastq.gz;ftp.sra.ebi.ac.uk/vol1/fastq/SRR209/087/SRR20961387/SRR20961387_2.fastq.gz	ed388a1c486962cbb93172a9cc90ff52;8b2baa14a2501a0311b64bfc3755ad88	USA: Hawaii, Oahu	2017-03-18			2022-08-11	2022-08-24	bacterial_16s_candidate	pending	Public fermentation-bacteria runs exist, but temporal metadata is limited or ambiguous and no linked paper was verified.	https://www.ebi.ac.uk/ena/browser/view/PRJNA865318
hawaii_phyllosphere_ferment_2022	PRJNA865318	PRJNA865318	SRP390439	SRR20961388	SRX16979913	SAMN30106071	SRS14566683	04.3.3.1.16S.a	fermentation bacteria	Keywords: GSC:MIxS MIMS:5.0	Illumina MiSeq sequencing: cacao fermentation bacteria	fermentation metagenome	1326787	AMPLICON	METAGENOMIC	PCR	PAIRED	ILLUMINA	Illumina MiSeq	25008284	41542	4403325;6100856	ftp.sra.ebi.ac.uk/vol1/fastq/SRR209/088/SRR20961388/SRR20961388_1.fastq.gz;ftp.sra.ebi.ac.uk/vol1/fastq/SRR209/088/SRR20961388/SRR20961388_2.fastq.gz	bf34e2545555815853d8cc27297a6d2c;3e8a25f7658067f2dfd64e7c44b30d81	USA: Hawaii, Oahu	2017-03-18			2022-08-11	2022-08-12	bacterial_16s_candidate	pending	Public fermentation-bacteria runs exist, but temporal metadata is limited or ambiguous and no linked paper was verified.	https://www.ebi.ac.uk/ena/browser/view/PRJNA865318
hawaii_phyllosphere_ferment_2022	PRJNA865318	PRJNA865318	SRP390439	SRR20961389	SRX16979912	SAMN30106070	SRS14566682	04.1.3.1.16S.a	fermentation bacteria	Keywords: GSC:MIxS MIMS:5.0	Illumina MiSeq sequencing: cacao fermentation bacteria	fermentation metagenome	1326787	AMPLICON	METAGENOMIC	PCR	PAIRED	ILLUMINA	Illumina MiSeq	11506026	19113	3083513;2834480	ftp.sra.ebi.ac.uk/vol1/fastq/SRR209/089/SRR20961389/SRR20961389_1.fastq.gz;ftp.sra.ebi.ac.uk/vol1/fastq/SRR209/089/SRR20961389/SRR20961389_2.fastq.gz	b0916ba261b10d5f6a6bd052e0607933;45b0f57d0a07e0766a755795a49e7197	USA: Hawaii, Oahu	2017-03-18			2022-08-11	2022-10-28	bacterial_16s_candidate	pending	Public fermentation-bacteria runs exist, but temporal metadata is limited or ambiguous and no linked paper was verified.	https://www.ebi.ac.uk/ena/browser/view/PRJNA865318
hawaii_phyllosphere_ferment_2022	PRJNA865318	PRJNA865318	SRP390439	SRR20961390	SRX16979911	SAMN30106043	SRS14566681	04.1.2.5.0.16S.a	phyllosphere bacteria	Keywords: GSC:MIxS MIMS:5.0	Illumina MiSeq sequencing: cacao phyllosphere bacteria	phyllosphere metagenome	662107	AMPLICON	METAGENOMIC	PCR	PAIRED	ILLUMINA	Illumina MiSeq	18682468	31034	4535165;4922112	ftp.sra.ebi.ac.uk/vol1/fastq/SRR209/090/SRR20961390/SRR20961390_1.fastq.gz;ftp.sra.ebi.ac.uk/vol1/fastq/SRR209/090/SRR20961390/SRR20961390_2.fastq.gz	06251462b4eaba8e5954cc6dae978ee7;ebcdc23f3f9d43eed2993c1280178694	USA: Hawaii, Oahu	2017-03-17			2022-08-11	2022-08-12	non_fermentation_matrix	false	Phyllosphere run is outside the fermentation-mass population	https://www.ebi.ac.uk/ena/browser/view/PRJNA865318
hawaii_phyllosphere_ferment_2022	PRJNA865318	PRJNA865318	SRP390439	SRR20961391	SRX16979910	SAMN30106069	SRS14566680	04.1.2.5.1.16S.a	fermentation bacteria	Keywords: GSC:MIxS MIMS:5.0	Illumina MiSeq sequencing: cacao fermentation bacteria	fermentation metagenome	1326787	AMPLICON	METAGENOMIC	PCR	PAIRED	ILLUMINA	Illumina MiSeq	2376094	3947	789554;758139	ftp.sra.ebi.ac.uk/vol1/fastq/SRR209/091/SRR20961391/SRR20961391_1.fastq.gz;ftp.sra.ebi.ac.uk/vol1/fastq/SRR209/091/SRR20961391/SRR20961391_2.fastq.gz	3af665ac98b58ff71923782e2db158d9;3be19b220e5af4a35d19a7f4da9d0a8d	USA: Hawaii, Oahu	2017-03-18			2022-08-11	2022-08-24	bacterial_16s_candidate	pending	Public fermentation-bacteria runs exist, but temporal metadata is limited or ambiguous and no linked paper was verified.	https://www.ebi.ac.uk/ena/browser/view/PRJNA865318
hawaii_phyllosphere_ferment_2022	PRJNA865318	PRJNA865318	SRP390439	SRR20961392	SRX16979909	SAMN30106068	SRS14566679	02.4.5.1.16S.a	fermentation bacteria	Keywords: GSC:MIxS MIMS:5.0	Illumina MiSeq sequencing: cacao fermentation bacteria	fermentation metagenome	1326787	AMPLICON	METAGENOMIC	PCR	PAIRED	ILLUMINA	Illumina MiSeq	24242540	40270	4197016;6093924	ftp.sra.ebi.ac.uk/vol1/fastq/SRR209/092/SRR20961392/SRR20961392_1.fastq.gz;ftp.sra.ebi.ac.uk/vol1/fastq/SRR209/092/SRR20961392/SRR20961392_2.fastq.gz	e4f7666fed6f1c2069a247c678f7224f;db5b73ecd122288ff4c452ea92ef3916	USA: Hawaii, Oahu	2017-03-18			2022-08-11	2022-08-24	bacterial_16s_candidate	pending	Public fermentation-bacteria runs exist, but temporal metadata is limited or ambiguous and no linked paper was verified.	https://www.ebi.ac.uk/ena/browser/view/PRJNA865318
hawaii_phyllosphere_ferment_2022	PRJNA865318	PRJNA865318	SRP390439	SRR20961393	SRX16979908	SAMN30106067	SRS14566678	02.3.5.1.16S.a	fermentation bacteria	Keywords: GSC:MIxS MIMS:5.0	Illumina MiSeq sequencing: cacao fermentation bacteria	fermentation metagenome	1326787	AMPLICON	METAGENOMIC	PCR	PAIRED	ILLUMINA	Illumina MiSeq	23114392	38396	4072212;5824802	ftp.sra.ebi.ac.uk/vol1/fastq/SRR209/093/SRR20961393/SRR20961393_1.fastq.gz;ftp.sra.ebi.ac.uk/vol1/fastq/SRR209/093/SRR20961393/SRR20961393_2.fastq.gz	c382b4a367a96091d3579dd0bebc822f;c384347f89df036f58641080c56a8c00	USA: Hawaii, Oahu	2017-03-18			2022-08-11	2022-08-12	bacterial_16s_candidate	pending	Public fermentation-bacteria runs exist, but temporal metadata is limited or ambiguous and no linked paper was verified.	https://www.ebi.ac.uk/ena/browser/view/PRJNA865318
hawaii_phyllosphere_ferment_2022	PRJNA865318	PRJNA865318	SRP390439	SRR20961394	SRX16979907	SAMN30106066	SRS14566677	02.3.3.1.16S.a	fermentation bacteria	Keywords: GSC:MIxS MIMS:5.0	Illumina MiSeq sequencing: cacao fermentation bacteria	fermentation metagenome	1326787	AMPLICON	METAGENOMIC	PCR	PAIRED	ILLUMINA	Illumina MiSeq	17544086	29143	3717258;4150211	ftp.sra.ebi.ac.uk/vol1/fastq/SRR209/094/SRR20961394/SRR20961394_1.fastq.gz;ftp.sra.ebi.ac.uk/vol1/fastq/SRR209/094/SRR20961394/SRR20961394_2.fastq.gz	39a603461a625755818ceb0357ea9880;b07e3a6c661078a962ddeea69ddfd17d	USA: Hawaii, Oahu	2017-03-18			2022-08-11	2022-08-12	bacterial_16s_candidate	pending	Public fermentation-bacteria runs exist, but temporal metadata is limited or ambiguous and no linked paper was verified.	https://www.ebi.ac.uk/ena/browser/view/PRJNA865318
hawaii_phyllosphere_ferment_2022	PRJNA865318	PRJNA865318	SRP390439	SRR20961395	SRX16979906	SAMN30106065	SRS14566676	02.2.5.1.16S.a	fermentation bacteria	Keywords: GSC:MIxS MIMS:5.0	Illumina MiSeq sequencing: cacao fermentation bacteria	fermentation metagenome	1326787	AMPLICON	METAGENOMIC	PCR	PAIRED	ILLUMINA	Illumina MiSeq	9408056	15628	2465587;2692521	ftp.sra.ebi.ac.uk/vol1/fastq/SRR209/095/SRR20961395/SRR20961395_1.fastq.gz;ftp.sra.ebi.ac.uk/vol1/fastq/SRR209/095/SRR20961395/SRR20961395_2.fastq.gz	a67517da6d82eaecf360011d4148fc45;b7dc8abb61373b848266ef79bb85ed55	USA: Hawaii, Oahu	2017-03-18			2022-08-11	2022-08-24	bacterial_16s_candidate	pending	Public fermentation-bacteria runs exist, but temporal metadata is limited or ambiguous and no linked paper was verified.	https://www.ebi.ac.uk/ena/browser/view/PRJNA865318
hawaii_phyllosphere_ferment_2022	PRJNA865318	PRJNA865318	SRP390439	SRR20961396	SRX16979905	SAMN30106064	SRS14566675	02.2.3.1.16S.a	fermentation bacteria	Keywords: GSC:MIxS MIMS:5.0	Illumina MiSeq sequencing: cacao fermentation bacteria	fermentation metagenome	1326787	AMPLICON	METAGENOMIC	PCR	PAIRED	ILLUMINA	Illumina MiSeq	23182418	38509	4057170;5659523	ftp.sra.ebi.ac.uk/vol1/fastq/SRR209/096/SRR20961396/SRR20961396_1.fastq.gz;ftp.sra.ebi.ac.uk/vol1/fastq/SRR209/096/SRR20961396/SRR20961396_2.fastq.gz	96a2d5f78b5250728e76f443df11f2a5;d6e01298a48d1fc4e11fa21d27e4167b	USA: Hawaii, Oahu	2017-03-18			2022-08-11	2022-08-24	bacterial_16s_candidate	pending	Public fermentation-bacteria runs exist, but temporal metadata is limited or ambiguous and no linked paper was verified.	https://www.ebi.ac.uk/ena/browser/view/PRJNA865318
hawaii_phyllosphere_ferment_2022	PRJNA865318	PRJNA865318	SRP390439	SRR20961397	SRX16979904	SAMN30106063	SRS14566674	02.1.3.1.16S.a	fermentation bacteria	Keywords: GSC:MIxS MIMS:5.0	Illumina MiSeq sequencing: cacao fermentation bacteria	fermentation metagenome	1326787	AMPLICON	METAGENOMIC	PCR	PAIRED	ILLUMINA	Illumina MiSeq	21233142	35271	3759610;5212496	ftp.sra.ebi.ac.uk/vol1/fastq/SRR209/097/SRR20961397/SRR20961397_1.fastq.gz;ftp.sra.ebi.ac.uk/vol1/fastq/SRR209/097/SRR20961397/SRR20961397_2.fastq.gz	d51c3799d0344f4f24721c7a1f4e5dbe;24912544d0faf2dd343ff8948ae7756c	USA: Hawaii, Oahu	2017-03-18			2022-08-11	2022-08-12	bacterial_16s_candidate	pending	Public fermentation-bacteria runs exist, but temporal metadata is limited or ambiguous and no linked paper was verified.	https://www.ebi.ac.uk/ena/browser/view/PRJNA865318
hawaii_phyllosphere_ferment_2022	PRJNA865318	PRJNA865318	SRP390439	SRR20961398	SRX16979903	SAMN30106062	SRS14566673	04.3.3.0day.ITS.b	phyllosphere fungi	Keywords: GSC:MIxS MIMS:5.0	Illumina MiSeq sequencing: cacao phyllosphere fungi	phyllosphere metagenome	662107	AMPLICON	METAGENOMIC	PCR	PAIRED	ILLUMINA	Illumina MiSeq	79188886	131543	16780390;20645486	ftp.sra.ebi.ac.uk/vol1/fastq/SRR209/098/SRR20961398/SRR20961398_1.fastq.gz;ftp.sra.ebi.ac.uk/vol1/fastq/SRR209/098/SRR20961398/SRR20961398_2.fastq.gz	051af33db5340815de34f50f516f64ae;44a32ec834757cc1a2101a0e00f89427	USA: Hawaii, Oahu	2017-03-17			2022-08-11	2022-08-24	non_fermentation_matrix	false	Phyllosphere run is outside the fermentation-mass population	https://www.ebi.ac.uk/ena/browser/view/PRJNA865318
hawaii_phyllosphere_ferment_2022	PRJNA865318	PRJNA865318	SRP390439	SRR20961399	SRX16979902	SAMN30106061	SRS14566672	02.4.5.0day.ITS.b	phyllosphere fungi	Keywords: GSC:MIxS MIMS:5.0	Illumina MiSeq sequencing: cacao phyllosphere fungi	phyllosphere metagenome	662107	AMPLICON	METAGENOMIC	PCR	PAIRED	ILLUMINA	Illumina MiSeq	81015354	134577	17802277;22569510	ftp.sra.ebi.ac.uk/vol1/fastq/SRR209/099/SRR20961399/SRR20961399_1.fastq.gz;ftp.sra.ebi.ac.uk/vol1/fastq/SRR209/099/SRR20961399/SRR20961399_2.fastq.gz	a458b406e60c38212a61fede87415880;810475fa4c7f881f4e773ed73c9360a6	USA: Hawaii, Oahu	2017-03-17			2022-08-11	2022-08-24	non_fermentation_matrix	false	Phyllosphere run is outside the fermentation-mass population	https://www.ebi.ac.uk/ena/browser/view/PRJNA865318
hawaii_phyllosphere_ferment_2022	PRJNA865318	PRJNA865318	SRP390439	SRR20961400	SRX16979901	SAMN30106060	SRS14566671	02.2.5.0day.ITS.b	phyllosphere fungi	Keywords: GSC:MIxS MIMS:5.0	Illumina MiSeq sequencing: cacao phyllosphere fungi	phyllosphere metagenome	662107	AMPLICON	METAGENOMIC	PCR	PAIRED	ILLUMINA	Illumina MiSeq	92773618	154109	19359920;24496522	ftp.sra.ebi.ac.uk/vol1/fastq/SRR209/000/SRR20961400/SRR20961400_1.fastq.gz;ftp.sra.ebi.ac.uk/vol1/fastq/SRR209/000/SRR20961400/SRR20961400_2.fastq.gz	2f023b2555c6d8ffb76c42fe168021f8;79966658ed76ae327e338487a272baa2	USA: Hawaii, Oahu	2017-03-17			2022-08-11	2022-08-12	non_fermentation_matrix	false	Phyllosphere run is outside the fermentation-mass population	https://www.ebi.ac.uk/ena/browser/view/PRJNA865318
hawaii_phyllosphere_ferment_2022	PRJNA865318	PRJNA865318	SRP390439	SRR20961401	SRX16979900	SAMN30106042	SRS14566670	02.3.5.0.16S.a	phyllosphere bacteria	Keywords: GSC:MIxS MIMS:5.0	Illumina MiSeq sequencing: cacao phyllosphere bacteria	phyllosphere metagenome	662107	AMPLICON	METAGENOMIC	PCR	PAIRED	ILLUMINA	Illumina MiSeq	26244190	43595	5482399;7253337	ftp.sra.ebi.ac.uk/vol1/fastq/SRR209/001/SRR20961401/SRR20961401_1.fastq.gz;ftp.sra.ebi.ac.uk/vol1/fastq/SRR209/001/SRR20961401/SRR20961401_2.fastq.gz	853bd222181c948e2717dd451fc91c36;85ca40e553f8c06ccf852993d81e777b	USA: Hawaii, Oahu	2017-03-17			2022-08-11	2022-08-12	non_fermentation_matrix	false	Phyllosphere run is outside the fermentation-mass population	https://www.ebi.ac.uk/ena/browser/view/PRJNA865318
hawaii_phyllosphere_ferment_2022	PRJNA865318	PRJNA865318	SRP390439	SRR20961402	SRX16979899	SAMN30106059	SRS14566669	02.1.3.0day.ITS.b	phyllosphere fungi	Keywords: GSC:MIxS MIMS:5.0	Illumina MiSeq sequencing: cacao phyllosphere fungi	phyllosphere metagenome	662107	AMPLICON	METAGENOMIC	PCR	PAIRED	ILLUMINA	Illumina MiSeq	59424022	98711	13569276;17058317	ftp.sra.ebi.ac.uk/vol1/fastq/SRR209/002/SRR20961402/SRR20961402_1.fastq.gz;ftp.sra.ebi.ac.uk/vol1/fastq/SRR209/002/SRR20961402/SRR20961402_2.fastq.gz	d843abe73078f9610c29ebf31231401c;1896601e53ec0858a6e6cc3611b92ffc	USA: Hawaii, Oahu	2017-03-17			2022-08-11	2022-08-24	non_fermentation_matrix	false	Phyllosphere run is outside the fermentation-mass population	https://www.ebi.ac.uk/ena/browser/view/PRJNA865318
hawaii_phyllosphere_ferment_2022	PRJNA865318	PRJNA865318	SRP390439	SRR20961403	SRX16979898	SAMN30106058	SRS14566668	04.4.5.0.ITS.a	phyllosphere fungi	Keywords: GSC:MIxS MIMS:5.0	Illumina MiSeq sequencing: cacao phyllosphere fungi	phyllosphere metagenome	662107	AMPLICON	METAGENOMIC	PCR	PAIRED	ILLUMINA	Illumina MiSeq	69213746	114973	15248463;19252519	ftp.sra.ebi.ac.uk/vol1/fastq/SRR209/003/SRR20961403/SRR20961403_1.fastq.gz;ftp.sra.ebi.ac.uk/vol1/fastq/SRR209/003/SRR20961403/SRR20961403_2.fastq.gz	472f0f059163921397e159989daefa25;db1b8e1ad0b0b6a43c1e4ff0272caa5e	USA: Hawaii, Oahu	2017-03-17			2022-08-11	2022-08-24	non_fermentation_matrix	false	Phyllosphere run is outside the fermentation-mass population	https://www.ebi.ac.uk/ena/browser/view/PRJNA865318
hawaii_phyllosphere_ferment_2022	PRJNA865318	PRJNA865318	SRP390439	SRR20961404	SRX16979897	SAMN30106057	SRS14566667	04.4.3.0.ITS.a	phyllosphere fungi	Keywords: GSC:MIxS MIMS:5.0	Illumina MiSeq sequencing: cacao phyllosphere fungi	phyllosphere metagenome	662107	AMPLICON	METAGENOMIC	PCR	PAIRED	ILLUMINA	Illumina MiSeq	69565916	115558	16514192;20461160	ftp.sra.ebi.ac.uk/vol1/fastq/SRR209/004/SRR20961404/SRR20961404_1.fastq.gz;ftp.sra.ebi.ac.uk/vol1/fastq/SRR209/004/SRR20961404/SRR20961404_2.fastq.gz	c32ee5c8ca7ce4617d22935282652248;d31113a795b65ad6541b6ff20e167760	USA: Hawaii, Oahu	2017-03-17			2022-08-11	2022-10-28	non_fermentation_matrix	false	Phyllosphere run is outside the fermentation-mass population	https://www.ebi.ac.uk/ena/browser/view/PRJNA865318
hawaii_phyllosphere_ferment_2022	PRJNA865318	PRJNA865318	SRP390439	SRR20961405	SRX16979896	SAMN30106056	SRS14566666	04.3.5.0.ITS.a	phyllosphere fungi	Keywords: GSC:MIxS MIMS:5.0	Illumina MiSeq sequencing: cacao phyllosphere fungi	phyllosphere metagenome	662107	AMPLICON	METAGENOMIC	PCR	PAIRED	ILLUMINA	Illumina MiSeq	78622404	130602	17895403;22090511	ftp.sra.ebi.ac.uk/vol1/fastq/SRR209/005/SRR20961405/SRR20961405_1.fastq.gz;ftp.sra.ebi.ac.uk/vol1/fastq/SRR209/005/SRR20961405/SRR20961405_2.fastq.gz	821ba473b6a5c8fc50631649a2003cbd;39aee065faebfdcdaeac8c7b23593730	USA: Hawaii, Oahu	2017-03-17			2022-08-11	2022-08-12	non_fermentation_matrix	false	Phyllosphere run is outside the fermentation-mass population	https://www.ebi.ac.uk/ena/browser/view/PRJNA865318
hawaii_phyllosphere_ferment_2022	PRJNA865318	PRJNA865318	SRP390439	SRR20961406	SRX16979895	SAMN30106055	SRS14566665	04.1.2.5.0.ITS.a	phyllosphere fungi	Keywords: GSC:MIxS MIMS:5.0	Illumina MiSeq sequencing: cacao phyllosphere fungi	phyllosphere metagenome	662107	AMPLICON	METAGENOMIC	PCR	PAIRED	ILLUMINA	Illumina MiSeq	68904318	114459	15987889;19760556	ftp.sra.ebi.ac.uk/vol1/fastq/SRR209/006/SRR20961406/SRR20961406_1.fastq.gz;ftp.sra.ebi.ac.uk/vol1/fastq/SRR209/006/SRR20961406/SRR20961406_2.fastq.gz	ee05213a554f219b576f77597580a740;acd1e20312e3c3eccf602631281ffeb5	USA: Hawaii, Oahu	2017-03-17			2022-08-11	2022-08-24	non_fermentation_matrix	false	Phyllosphere run is outside the fermentation-mass population	https://www.ebi.ac.uk/ena/browser/view/PRJNA865318
hawaii_phyllosphere_ferment_2022	PRJNA865318	PRJNA865318	SRP390439	SRR20961407	SRX16979894	SAMN30106054	SRS14566664	02.3.5.0.ITS.a	phyllosphere fungi	Keywords: GSC:MIxS MIMS:5.0	Illumina MiSeq sequencing: cacao phyllosphere fungi	phyllosphere metagenome	662107	AMPLICON	METAGENOMIC	PCR	PAIRED	ILLUMINA	Illumina MiSeq	72196656	119928	15715104;18645256	ftp.sra.ebi.ac.uk/vol1/fastq/SRR209/007/SRR20961407/SRR20961407_1.fastq.gz;ftp.sra.ebi.ac.uk/vol1/fastq/SRR209/007/SRR20961407/SRR20961407_2.fastq.gz	39c4e75a739b8271d9f8e9b567a1a29e;bd1bd146a3b1ab1ce6685594d455320b	USA: Hawaii, Oahu	2017-03-17			2022-08-11	2022-08-24	non_fermentation_matrix	false	Phyllosphere run is outside the fermentation-mass population	https://www.ebi.ac.uk/ena/browser/view/PRJNA865318
hawaii_phyllosphere_ferment_2022	PRJNA865318	PRJNA865318	SRP390439	SRR20961408	SRX16979893	SAMN30106053	SRS14566663	02.3.3.0.ITS.a	phyllosphere fungi	Keywords: GSC:MIxS MIMS:5.0	Illumina MiSeq sequencing: cacao phyllosphere fungi	phyllosphere metagenome	662107	AMPLICON	METAGENOMIC	PCR	PAIRED	ILLUMINA	Illumina MiSeq	75980828	126214	15500242;20089132	ftp.sra.ebi.ac.uk/vol1/fastq/SRR209/008/SRR20961408/SRR20961408_1.fastq.gz;ftp.sra.ebi.ac.uk/vol1/fastq/SRR209/008/SRR20961408/SRR20961408_2.fastq.gz	56bca1fb2089f09b99b848ea890e91e6;7957793b009e3c5faebf18b6f4842539	USA: Hawaii, Oahu	2017-03-17			2022-08-11	2022-08-12	non_fermentation_matrix	false	Phyllosphere run is outside the fermentation-mass population	https://www.ebi.ac.uk/ena/browser/view/PRJNA865318
hawaii_phyllosphere_ferment_2022	PRJNA865318	PRJNA865318	SRP390439	SRR20961409	SRX16979892	SAMN30106052	SRS14566662	02.2.3.0.ITS.a	phyllosphere fungi	Keywords: GSC:MIxS MIMS:5.0	Illumina MiSeq sequencing: cacao phyllosphere fungi	phyllosphere metagenome	662107	AMPLICON	METAGENOMIC	PCR	PAIRED	ILLUMINA	Illumina MiSeq	69416620	115310	14115965;18706560	ftp.sra.ebi.ac.uk/vol1/fastq/SRR209/009/SRR20961409/SRR20961409_1.fastq.gz;ftp.sra.ebi.ac.uk/vol1/fastq/SRR209/009/SRR20961409/SRR20961409_2.fastq.gz	f6abf77c15dcda15c0622c4f1fec5d3b;8142d9b19837e558eb2c547ee2b645e5	USA: Hawaii, Oahu	2017-03-17			2022-08-11	2022-08-13	non_fermentation_matrix	false	Phyllosphere run is outside the fermentation-mass population	https://www.ebi.ac.uk/ena/browser/view/PRJNA865318
hawaii_phyllosphere_ferment_2022	PRJNA865318	PRJNA865318	SRP390439	SRR20961410	SRX16979891	SAMN30106051	SRS14566661	02.4.5.0day.16S.b	phyllosphere bacteria	Keywords: GSC:MIxS MIMS:5.0	Illumina MiSeq sequencing: cacao phyllosphere bacteria	phyllosphere metagenome	662107	AMPLICON	METAGENOMIC	PCR	PAIRED	ILLUMINA	Illumina MiSeq	53388370	88685	10484200;13907750	ftp.sra.ebi.ac.uk/vol1/fastq/SRR209/010/SRR20961410/SRR20961410_1.fastq.gz;ftp.sra.ebi.ac.uk/vol1/fastq/SRR209/010/SRR20961410/SRR20961410_2.fastq.gz	0f781888fe6407426bd1137cc90c8163;14dcbaea8417d807dc4599418d892d9d	USA: Hawaii, Oahu	2017-03-17			2022-08-11	2022-08-13	non_fermentation_matrix	false	Phyllosphere run is outside the fermentation-mass population	https://www.ebi.ac.uk/ena/browser/view/PRJNA865318
hawaii_phyllosphere_ferment_2022	PRJNA865318	PRJNA865318	SRP390439	SRR20961411	SRX16979890	SAMN30106050	SRS14566660	02.2.5.0day.16S.b	phyllosphere bacteria	Keywords: GSC:MIxS MIMS:5.0	Illumina MiSeq sequencing: cacao phyllosphere bacteria	phyllosphere metagenome	662107	AMPLICON	METAGENOMIC	PCR	PAIRED	ILLUMINA	Illumina MiSeq	50220044	83422	9791426;12179517	ftp.sra.ebi.ac.uk/vol1/fastq/SRR209/011/SRR20961411/SRR20961411_1.fastq.gz;ftp.sra.ebi.ac.uk/vol1/fastq/SRR209/011/SRR20961411/SRR20961411_2.fastq.gz	2dfa8004fd3ebed16b07baede48fb732;e5da9ddf17f14065c5e37714449c7a10	USA: Hawaii, Oahu	2017-03-17			2022-08-11	2022-08-24	non_fermentation_matrix	false	Phyllosphere run is outside the fermentation-mass population	https://www.ebi.ac.uk/ena/browser/view/PRJNA865318
hawaii_phyllosphere_ferment_2022	PRJNA865318	PRJNA865318	SRP390439	SRR20961412	SRX16979889	SAMN30106041	SRS14566659	02.3.3.0.16S.a	phyllosphere bacteria	Keywords: GSC:MIxS MIMS:5.0	Illumina MiSeq sequencing: cacao phyllosphere bacteria	phyllosphere metagenome	662107	AMPLICON	METAGENOMIC	PCR	PAIRED	ILLUMINA	Illumina MiSeq	19211626	31913	4202026;5426982	ftp.sra.ebi.ac.uk/vol1/fastq/SRR209/012/SRR20961412/SRR20961412_1.fastq.gz;ftp.sra.ebi.ac.uk/vol1/fastq/SRR209/012/SRR20961412/SRR20961412_2.fastq.gz	1cce2090313a13cba26743e1ab31aa85;6b14cc465af57a27fbf025edb5091646	USA: Hawaii, Oahu	2017-03-17			2022-08-11	2022-08-24	non_fermentation_matrix	false	Phyllosphere run is outside the fermentation-mass population	https://www.ebi.ac.uk/ena/browser/view/PRJNA865318
hawaii_phyllosphere_ferment_2022	PRJNA865318	PRJNA865318	SRP390439	SRR20961413	SRX16979888	SAMN30106040	SRS14566658	02.2.3.0.16S.a	phyllosphere bacteria	Keywords: GSC:MIxS MIMS:5.0	Illumina MiSeq sequencing: cacao phyllosphere bacteria	phyllosphere metagenome	662107	AMPLICON	METAGENOMIC	PCR	PAIRED	ILLUMINA	Illumina MiSeq	20844250	34625	4632705;5814660	ftp.sra.ebi.ac.uk/vol1/fastq/SRR209/013/SRR20961413/SRR20961413_1.fastq.gz;ftp.sra.ebi.ac.uk/vol1/fastq/SRR209/013/SRR20961413/SRR20961413_2.fastq.gz	b84154f7abeab58aa41246311b25957a;f07e552f49cead08893e9e7b8dead58f	USA: Hawaii, Oahu	2017-03-17			2022-08-11	2022-08-24	non_fermentation_matrix	false	Phyllosphere run is outside the fermentation-mass population	https://www.ebi.ac.uk/ena/browser/view/PRJNA865318
pacheco_montealegre_2020_colombia	PRJNA492720	PRJNA492720	SRP162530	SRR7899637	SRX4737054	SAMN10112794	SRS3819118	YeastHuIfruD	MIMS Environmental/Metagenome sample from metagenome	Keywords: GSC:MIxS MIMS:5.0	Illumina MiSeq sequencing: High-Sensitive Detection and Dynamic of Microbiome during Cocoa Bean Fermentation	metagenome	256318	AMPLICON	METAGENOMIC	PCR	PAIRED	ILLUMINA	Illumina MiSeq	1737235	3764	344896;404540	ftp.sra.ebi.ac.uk/vol1/fastq/SRR789/007/SRR7899637/SRR7899637_1.fastq.gz;ftp.sra.ebi.ac.uk/vol1/fastq/SRR789/007/SRR7899637/SRR7899637_2.fastq.gz	146986ba7b6a07686122af0c9ecf4521;a147d77f89678e7dfe701dd5bf79fc1e	Colombia:Huila	2016-02-15			2018-09-26	2018-09-26	non_bacterial_marker	false	ITS/fungal run is outside bacterial 16S scope	https://www.ebi.ac.uk/ena/browser/view/PRJNA492720
pacheco_montealegre_2020_colombia	PRJNA492720	PRJNA492720	SRP162530	SRR7899638	SRX4737053	SAMN10112795	SRS3819117	YeastHuIcosF	MIMS Environmental/Metagenome sample from metagenome	Keywords: GSC:MIxS MIMS:5.0	Illumina MiSeq sequencing: High-Sensitive Detection and Dynamic of Microbiome during Cocoa Bean Fermentation	metagenome	256318	AMPLICON	METAGENOMIC	PCR	PAIRED	ILLUMINA	Illumina MiSeq	2632555	5679	631386;765845	ftp.sra.ebi.ac.uk/vol1/fastq/SRR789/008/SRR7899638/SRR7899638_1.fastq.gz;ftp.sra.ebi.ac.uk/vol1/fastq/SRR789/008/SRR7899638/SRR7899638_2.fastq.gz	4d3bef486a7de097e0a16dcfb33ff838;8345363ecae253332b3f8a76f51c1e63	Colombia:Huila	2016-02-21			2018-09-26	2018-09-26	non_bacterial_marker	false	ITS/fungal run is outside bacterial 16S scope	https://www.ebi.ac.uk/ena/browser/view/PRJNA492720
pacheco_montealegre_2020_colombia	PRJNA492720	PRJNA492720	SRP162530	SRR7899639	SRX4737052	SAMN10112792	SRS3819116	YeastHuIman	MIMS Environmental/Metagenome sample from metagenome	Keywords: GSC:MIxS MIMS:5.0	Illumina MiSeq sequencing: High-Sensitive Detection and Dynamic of Microbiome during Cocoa Bean Fermentation	metagenome	256318	AMPLICON	METAGENOMIC	PCR	PAIRED	ILLUMINA	Illumina MiSeq	1477687	3199	306973;362634	ftp.sra.ebi.ac.uk/vol1/fastq/SRR789/009/SRR7899639/SRR7899639_1.fastq.gz;ftp.sra.ebi.ac.uk/vol1/fastq/SRR789/009/SRR7899639/SRR7899639_2.fastq.gz	44156b803b96f2b4079c3bff56f049cd;c9138e92cb7660c8fa961995c2576e8b	Colombia:Huila	2016-02-15			2018-09-26	2018-09-26	non_bacterial_marker	false	ITS/fungal run is outside bacterial 16S scope	https://www.ebi.ac.uk/ena/browser/view/PRJNA492720
pacheco_montealegre_2020_colombia	PRJNA492720	PRJNA492720	SRP162530	SRR7899640	SRX4737051	SAMN10112793	SRS3819115	YeastHuIsupT	MIMS Environmental/Metagenome sample from metagenome	Keywords: GSC:MIxS MIMS:5.0	Illumina MiSeq sequencing: High-Sensitive Detection and Dynamic of Microbiome during Cocoa Bean Fermentation	metagenome	256318	AMPLICON	METAGENOMIC	PCR	PAIRED	ILLUMINA	Illumina MiSeq	2246679	4850	572773;617750	ftp.sra.ebi.ac.uk/vol1/fastq/SRR789/000/SRR7899640/SRR7899640_1.fastq.gz;ftp.sra.ebi.ac.uk/vol1/fastq/SRR789/000/SRR7899640/SRR7899640_2.fastq.gz	f7c11d772b3940224afccd68ca002f34;6190e15a856fa443f93135b71ee23492	Colombia:Huila	2016-02-17			2018-09-26	2018-09-26	non_bacterial_marker	false	ITS/fungal run is outside bacterial 16S scope	https://www.ebi.ac.uk/ena/browser/view/PRJNA492720
pacheco_montealegre_2020_colombia	PRJNA492720	PRJNA492720	SRP162530	SRR7899641	SRX4737050	SAMN10112631	SRS3819113	BactSaII120z2	MIMS Environmental/Metagenome sample from metagenome	Keywords: GSC:MIxS MIMS:5.0	Illumina MiSeq sequencing: High-Sensitive Detection and Dynamic of Microbiome during Cocoa Bean Fermentation	metagenome	256318	AMPLICON	METAGENOMIC	PCR	PAIRED	ILLUMINA	Illumina MiSeq	10150226	22820	2613834;3009907	ftp.sra.ebi.ac.uk/vol1/fastq/SRR789/001/SRR7899641/SRR7899641_1.fastq.gz;ftp.sra.ebi.ac.uk/vol1/fastq/SRR789/001/SRR7899641/SRR7899641_2.fastq.gz	25eafbb9d5369f0a9adf6cfe3562e74b;5c626716dc9c3181a0c545f234abb64f	Colombia:Santander	2016-06-11			2018-09-26	2018-09-26	bacterial_16s_candidate	true		https://www.ebi.ac.uk/ena/browser/view/PRJNA492720
pacheco_montealegre_2020_colombia	PRJNA492720	PRJNA492720	SRP162530	SRR7899642	SRX4737049	SAMN10112630	SRS3819114	BactSaII120z1	MIMS Environmental/Metagenome sample from metagenome	Keywords: GSC:MIxS MIMS:5.0	Illumina MiSeq sequencing: High-Sensitive Detection and Dynamic of Microbiome during Cocoa Bean Fermentation	metagenome	256318	AMPLICON	METAGENOMIC	PCR	PAIRED	ILLUMINA	Illumina MiSeq	7719578	17360	977863;1338160	ftp.sra.ebi.ac.uk/vol1/fastq/SRR789/002/SRR7899642/SRR7899642_1.fastq.gz;ftp.sra.ebi.ac.uk/vol1/fastq/SRR789/002/SRR7899642/SRR7899642_2.fastq.gz	aaabd423a7836b005bc672b461d94d6e;bad0ba7693e815819010bb04e3391910	Colombia:Santander	2016-06-11			2018-09-26	2018-09-26	bacterial_16s_candidate	true		https://www.ebi.ac.uk/ena/browser/view/PRJNA492720
pacheco_montealegre_2020_colombia	PRJNA492720	PRJNA492720	SRP162530	SRR7899643	SRX4737048	SAMN10112629	SRS3819111	BactSaII108z2	MIMS Environmental/Metagenome sample from metagenome	Keywords: GSC:MIxS MIMS:5.0	Illumina MiSeq sequencing: High-Sensitive Detection and Dynamic of Microbiome during Cocoa Bean Fermentation	metagenome	256318	AMPLICON	METAGENOMIC	PCR	PAIRED	ILLUMINA	Illumina MiSeq	16971078	38167	2405478;3218818	ftp.sra.ebi.ac.uk/vol1/fastq/SRR789/003/SRR7899643/SRR7899643_1.fastq.gz;ftp.sra.ebi.ac.uk/vol1/fastq/SRR789/003/SRR7899643/SRR7899643_2.fastq.gz	ab16a6c039568a149ff15875ca29e8aa;0781fa0854b805a6bd76fa8b5133cf01	Colombia:Santander	2016-06-11			2018-09-26	2018-09-26	bacterial_16s_candidate	true		https://www.ebi.ac.uk/ena/browser/view/PRJNA492720
pacheco_montealegre_2020_colombia	PRJNA492720	PRJNA492720	SRP162530	SRR7899644	SRX4737047	SAMN10112628	SRS3819112	BactSaII108z1	MIMS Environmental/Metagenome sample from metagenome	Keywords: GSC:MIxS MIMS:5.0	Illumina MiSeq sequencing: High-Sensitive Detection and Dynamic of Microbiome during Cocoa Bean Fermentation	metagenome	256318	AMPLICON	METAGENOMIC	PCR	PAIRED	ILLUMINA	Illumina MiSeq	16013311	36005	1793107;2672289	ftp.sra.ebi.ac.uk/vol1/fastq/SRR789/004/SRR7899644/SRR7899644_1.fastq.gz;ftp.sra.ebi.ac.uk/vol1/fastq/SRR789/004/SRR7899644/SRR7899644_2.fastq.gz	b1f0055e917ccf9e63bc66b7a8d0836c;b2918bf266104a9852f6c45d15839d77	Colombia:Santander	2016-06-11			2018-09-26	2018-09-26	bacterial_16s_candidate	true		https://www.ebi.ac.uk/ena/browser/view/PRJNA492720
pacheco_montealegre_2020_colombia	PRJNA492720	PRJNA492720	SRP162530	SRR7899645	SRX4737046	SAMN10112635	SRS3819109	YeastHuI12z2	MIMS Environmental/Metagenome sample from metagenome	Keywords: GSC:MIxS MIMS:5.0	Illumina MiSeq sequencing: High-Sensitive Detection and Dynamic of Microbiome during Cocoa Bean Fermentation	metagenome	256318	AMPLICON	METAGENOMIC	PCR	PAIRED	ILLUMINA	Illumina MiSeq	12973	28	4412;4637	ftp.sra.ebi.ac.uk/vol1/fastq/SRR789/005/SRR7899645/SRR7899645_1.fastq.gz;ftp.sra.ebi.ac.uk/vol1/fastq/SRR789/005/SRR7899645/SRR7899645_2.fastq.gz	ee7f930d25b34b5158ef8a6db8c5b641;8e4fcbe5969103fa9271b22126e76ea9	Colombia:Huila	2016-02-16			2018-09-26	2018-09-26	non_bacterial_marker	false	ITS/fungal run is outside bacterial 16S scope	https://www.ebi.ac.uk/ena/browser/view/PRJNA492720
pacheco_montealegre_2020_colombia	PRJNA492720	PRJNA492720	SRP162530	SRR7899646	SRX4737045	SAMN10112634	SRS3819107	YeastHuI00z2	MIMS Environmental/Metagenome sample from metagenome	Keywords: GSC:MIxS MIMS:5.0	Illumina MiSeq sequencing: High-Sensitive Detection and Dynamic of Microbiome during Cocoa Bean Fermentation	metagenome	256318	AMPLICON	METAGENOMIC	PCR	PAIRED	ILLUMINA	Illumina MiSeq	4281184	9247	1194904;1290356	ftp.sra.ebi.ac.uk/vol1/fastq/SRR789/006/SRR7899646/SRR7899646_1.fastq.gz;ftp.sra.ebi.ac.uk/vol1/fastq/SRR789/006/SRR7899646/SRR7899646_2.fastq.gz	e7d8b8b1d6b0f7875e8454d812de50de;c059a951309e5ec30a2b9ac9bbf3d0c1	Colombia:Huila	2016-02-15			2018-09-26	2018-09-26	non_bacterial_marker	false	ITS/fungal run is outside bacterial 16S scope	https://www.ebi.ac.uk/ena/browser/view/PRJNA492720
pacheco_montealegre_2020_colombia	PRJNA492720	PRJNA492720	SRP162530	SRR7899647	SRX4737044	SAMN10112633	SRS3819106	BactSaII132z2	MIMS Environmental/Metagenome sample from metagenome	Keywords: GSC:MIxS MIMS:5.0	Illumina MiSeq sequencing: High-Sensitive Detection and Dynamic of Microbiome during Cocoa Bean Fermentation	metagenome	256318	AMPLICON	METAGENOMIC	PCR	PAIRED	ILLUMINA	Illumina MiSeq	7210295	16212	1017551;1295761	ftp.sra.ebi.ac.uk/vol1/fastq/SRR789/007/SRR7899647/SRR7899647_1.fastq.gz;ftp.sra.ebi.ac.uk/vol1/fastq/SRR789/007/SRR7899647/SRR7899647_2.fastq.gz	d074289ab2e63654b3408ffcd9297f18;550a16a8e0791037ebe78583469574ac	Colombia:Santander	2016-06-12			2018-09-26	2018-09-26	bacterial_16s_candidate	true		https://www.ebi.ac.uk/ena/browser/view/PRJNA492720
pacheco_montealegre_2020_colombia	PRJNA492720	PRJNA492720	SRP162530	SRR7899648	SRX4737043	SAMN10112632	SRS3819108	BactSaII132z1	MIMS Environmental/Metagenome sample from metagenome	Keywords: GSC:MIxS MIMS:5.0	Illumina MiSeq sequencing: High-Sensitive Detection and Dynamic of Microbiome during Cocoa Bean Fermentation	metagenome	256318	AMPLICON	METAGENOMIC	PCR	PAIRED	ILLUMINA	Illumina MiSeq	8002325	17996	988773;1458120	ftp.sra.ebi.ac.uk/vol1/fastq/SRR789/008/SRR7899648/SRR7899648_1.fastq.gz;ftp.sra.ebi.ac.uk/vol1/fastq/SRR789/008/SRR7899648/SRR7899648_2.fastq.gz	63fcbb3312ecdf2d1ac9256bad290a09;b53db738057a51ff73caba8a00530a27	Colombia:Santander	2016-06-12			2018-09-26	2018-09-26	bacterial_16s_candidate	true		https://www.ebi.ac.uk/ena/browser/view/PRJNA492720
pacheco_montealegre_2020_colombia	PRJNA492720	PRJNA492720	SRP162530	SRR7899649	SRX4737042	SAMN10112593	SRS3819104	BactSaI012z2	MIMS Environmental/Metagenome sample from metagenome	Keywords: GSC:MIxS MIMS:5.0	Illumina MiSeq sequencing: High-Sensitive Detection and Dynamic of Microbiome during Cocoa Bean Fermentation	metagenome	256318	AMPLICON	METAGENOMIC	PCR	PAIRED	ILLUMINA	Illumina MiSeq	7900788	17770	1536943;1473259	ftp.sra.ebi.ac.uk/vol1/fastq/SRR789/009/SRR7899649/SRR7899649_1.fastq.gz;ftp.sra.ebi.ac.uk/vol1/fastq/SRR789/009/SRR7899649/SRR7899649_2.fastq.gz	59fc0ea742e956f7cc956ce865aeef0d;79f0ba5f9df77798e662dc0e809b2c30	Colombia:Santander	2016-03-11			2018-09-26	2018-09-26	bacterial_16s_candidate	true		https://www.ebi.ac.uk/ena/browser/view/PRJNA492720
pacheco_montealegre_2020_colombia	PRJNA492720	PRJNA492720	SRP162530	SRR7899650	SRX4737041	SAMN10112592	SRS3819105	BactSaI012z1	MIMS Environmental/Metagenome sample from metagenome	Keywords: GSC:MIxS MIMS:5.0	Illumina MiSeq sequencing: High-Sensitive Detection and Dynamic of Microbiome during Cocoa Bean Fermentation	metagenome	256318	AMPLICON	METAGENOMIC	PCR	PAIRED	ILLUMINA	Illumina MiSeq	2947709	7381	177368;667901;572952	ftp.sra.ebi.ac.uk/vol1/fastq/SRR789/000/SRR7899650/SRR7899650.fastq.gz;ftp.sra.ebi.ac.uk/vol1/fastq/SRR789/000/SRR7899650/SRR7899650_1.fastq.gz;ftp.sra.ebi.ac.uk/vol1/fastq/SRR789/000/SRR7899650/SRR7899650_2.fastq.gz	da7242987252e1040f9574c2e957b8e5;c5aeaf9a84f7030c25e7024fc9557483;51fa103402cc35f92300bb18422b4581	Colombia:Santander	2016-03-11			2018-09-27	2018-09-27	bacterial_16s_candidate	true		https://www.ebi.ac.uk/ena/browser/view/PRJNA492720
pacheco_montealegre_2020_colombia	PRJNA492720	PRJNA492720	SRP162530	SRR7899651	SRX4737040	SAMN10112637	SRS3819102	YeastHuI36z2	MIMS Environmental/Metagenome sample from metagenome	Keywords: GSC:MIxS MIMS:5.0	Illumina MiSeq sequencing: High-Sensitive Detection and Dynamic of Microbiome during Cocoa Bean Fermentation	metagenome	256318	AMPLICON	METAGENOMIC	PCR	PAIRED	ILLUMINA	Illumina MiSeq	2016261	4349	398603;453368	ftp.sra.ebi.ac.uk/vol1/fastq/SRR789/001/SRR7899651/SRR7899651_1.fastq.gz;ftp.sra.ebi.ac.uk/vol1/fastq/SRR789/001/SRR7899651/SRR7899651_2.fastq.gz	edf57923b764967e4d3ec426c9d35f1b;c8b5c2345d31edee1a48563e31e5f491	Colombia:Huila	2016-02-17			2018-09-26	2018-09-26	non_bacterial_marker	false	ITS/fungal run is outside bacterial 16S scope	https://www.ebi.ac.uk/ena/browser/view/PRJNA492720
pacheco_montealegre_2020_colombia	PRJNA492720	PRJNA492720	SRP162530	SRR7899652	SRX4737039	SAMN10112636	SRS3819103	YeastHuI24z2	MIMS Environmental/Metagenome sample from metagenome	Keywords: GSC:MIxS MIMS:5.0	Illumina MiSeq sequencing: High-Sensitive Detection and Dynamic of Microbiome during Cocoa Bean Fermentation	metagenome	256318	AMPLICON	METAGENOMIC	PCR	PAIRED	ILLUMINA	Illumina MiSeq	1846769	3981	328021;375290	ftp.sra.ebi.ac.uk/vol1/fastq/SRR789/002/SRR7899652/SRR7899652_1.fastq.gz;ftp.sra.ebi.ac.uk/vol1/fastq/SRR789/002/SRR7899652/SRR7899652_2.fastq.gz	999d6e5999d50322c6063bcbb3a4e10c;aaad1ee1ac12ce80a8a08cf99148f512	Colombia:Huila	2016-02-16			2018-09-26	2018-09-26	non_bacterial_marker	false	ITS/fungal run is outside bacterial 16S scope	https://www.ebi.ac.uk/ena/browser/view/PRJNA492720
pacheco_montealegre_2020_colombia	PRJNA492720	PRJNA492720	SRP162530	SRR7899653	SRX4737038	SAMN10112589	SRS3819101	BactHuII120z2	MIMS Environmental/Metagenome sample from metagenome	Keywords: GSC:MIxS MIMS:5.0	Illumina MiSeq sequencing: High-Sensitive Detection and Dynamic of Microbiome during Cocoa Bean Fermentation	metagenome	256318	AMPLICON	METAGENOMIC	PCR	PAIRED	ILLUMINA	Illumina MiSeq	3215705	7230	416307;572011	ftp.sra.ebi.ac.uk/vol1/fastq/SRR789/003/SRR7899653/SRR7899653_1.fastq.gz;ftp.sra.ebi.ac.uk/vol1/fastq/SRR789/003/SRR7899653/SRR7899653_2.fastq.gz	35db56d67aeb6136f1057210728e617d;b32fcfa76d14ba00ac98d1e15c098602	Colombia:Huila	2016-06-24			2018-09-26	2018-09-26	not_verified_16s_subset	false	Run does not match the configured, verified bacterial 16S subset	https://www.ebi.ac.uk/ena/browser/view/PRJNA492720
pacheco_montealegre_2020_colombia	PRJNA492720	PRJNA492720	SRP162530	SRR7899654	SRX4737037	SAMN10112588	SRS3819100	BactHuII108z2	MIMS Environmental/Metagenome sample from metagenome	Keywords: GSC:MIxS MIMS:5.0	Illumina MiSeq sequencing: High-Sensitive Detection and Dynamic of Microbiome during Cocoa Bean Fermentation	metagenome	256318	AMPLICON	METAGENOMIC	PCR	PAIRED	ILLUMINA	Illumina MiSeq	2514944	5655	299244;420178	ftp.sra.ebi.ac.uk/vol1/fastq/SRR789/004/SRR7899654/SRR7899654_1.fastq.gz;ftp.sra.ebi.ac.uk/vol1/fastq/SRR789/004/SRR7899654/SRR7899654_2.fastq.gz	3b46a836214d180c5dbbfdcb9b7a2970;0b843db5df1da5e797f92063987197d7	Colombia:Huila	2016-06-24			2018-09-26	2018-09-26	not_verified_16s_subset	false	Run does not match the configured, verified bacterial 16S subset	https://www.ebi.ac.uk/ena/browser/view/PRJNA492720
pacheco_montealegre_2020_colombia	PRJNA492720	PRJNA492720	SRP162530	SRR7899655	SRX4737036	SAMN10112591	SRS3819098	BactSaI000z2	MIMS Environmental/Metagenome sample from metagenome	Keywords: GSC:MIxS MIMS:5.0	Illumina MiSeq sequencing: High-Sensitive Detection and Dynamic of Microbiome during Cocoa Bean Fermentation	metagenome	256318	AMPLICON	METAGENOMIC	PCR	PAIRED	ILLUMINA	Illumina MiSeq	11753084	26462	1459488;2062242	ftp.sra.ebi.ac.uk/vol1/fastq/SRR789/005/SRR7899655/SRR7899655_1.fastq.gz;ftp.sra.ebi.ac.uk/vol1/fastq/SRR789/005/SRR7899655/SRR7899655_2.fastq.gz	6e77f1a31770d3f65e4baaedc889c57a;2b5dde6d71ff182e0737b5d788c5c068	Colombia:Santander	2016-03-10			2018-09-26	2018-09-26	bacterial_16s_candidate	true		https://www.ebi.ac.uk/ena/browser/view/PRJNA492720
pacheco_montealegre_2020_colombia	PRJNA492720	PRJNA492720	SRP162530	SRR7899656	SRX4737035	SAMN10112590	SRS3819096	BactSaI000z1	MIMS Environmental/Metagenome sample from metagenome	Keywords: GSC:MIxS MIMS:5.0	Illumina MiSeq sequencing: High-Sensitive Detection and Dynamic of Microbiome during Cocoa Bean Fermentation	metagenome	256318	AMPLICON	METAGENOMIC	PCR	PAIRED	ILLUMINA	Illumina MiSeq	13771647	30939	2831930;2550187	ftp.sra.ebi.ac.uk/vol1/fastq/SRR789/006/SRR7899656/SRR7899656_1.fastq.gz;ftp.sra.ebi.ac.uk/vol1/fastq/SRR789/006/SRR7899656/SRR7899656_2.fastq.gz	a72eb4a3896ebd9064fdd9ca000afdff;10924072953ecfed1cf2673d8308796a	Colombia:Santander	2016-03-10			2018-09-26	2018-09-26	bacterial_16s_candidate	true		https://www.ebi.ac.uk/ena/browser/view/PRJNA492720
pacheco_montealegre_2020_colombia	PRJNA492720	PRJNA492720	SRP162530	SRR7899657	SRX4737034	SAMN10112714	SRS3819099	YeastAnII24z1	MIMS Environmental/Metagenome sample from metagenome	Keywords: GSC:MIxS MIMS:5.0	Illumina MiSeq sequencing: High-Sensitive Detection and Dynamic of Microbiome during Cocoa Bean Fermentation	metagenome	256318	AMPLICON	METAGENOMIC	PCR	PAIRED	ILLUMINA	Illumina MiSeq	587323	1266	103519;113231	ftp.sra.ebi.ac.uk/vol1/fastq/SRR789/007/SRR7899657/SRR7899657_1.fastq.gz;ftp.sra.ebi.ac.uk/vol1/fastq/SRR789/007/SRR7899657/SRR7899657_2.fastq.gz	f6fd91e104a48a0590bc05fcfe2aa9a2;3b2c23cd4b66670725b1932c34b95fcd	Colombia:Antioquia	2016-06-07			2018-09-26	2018-09-26	non_bacterial_marker	false	ITS/fungal run is outside bacterial 16S scope	https://www.ebi.ac.uk/ena/browser/view/PRJNA492720
pacheco_montealegre_2020_colombia	PRJNA492720	PRJNA492720	SRP162530	SRR7899658	SRX4737033	SAMN10112715	SRS3819095	YeastAnII24z2	MIMS Environmental/Metagenome sample from metagenome	Keywords: GSC:MIxS MIMS:5.0	Illumina MiSeq sequencing: High-Sensitive Detection and Dynamic of Microbiome during Cocoa Bean Fermentation	metagenome	256318	AMPLICON	METAGENOMIC	PCR	PAIRED	ILLUMINA	Illumina MiSeq	722101	1557	151490;176061	ftp.sra.ebi.ac.uk/vol1/fastq/SRR789/008/SRR7899658/SRR7899658_1.fastq.gz;ftp.sra.ebi.ac.uk/vol1/fastq/SRR789/008/SRR7899658/SRR7899658_2.fastq.gz	2cc13506ed5ffa5f342f4dc03d6f59d8;2e1b7f9455764ae43f0c0d37a5efc220	Colombia:Antioquia	2016-06-07			2018-09-26	2018-09-26	non_bacterial_marker	false	ITS/fungal run is outside bacterial 16S scope	https://www.ebi.ac.uk/ena/browser/view/PRJNA492720
pacheco_montealegre_2020_colombia	PRJNA492720	PRJNA492720	SRP162530	SRR7899659	SRX4737032	SAMN10112712	SRS3819097	YeastAnII12z1	MIMS Environmental/Metagenome sample from metagenome	Keywords: GSC:MIxS MIMS:5.0	Illumina MiSeq sequencing: High-Sensitive Detection and Dynamic of Microbiome during Cocoa Bean Fermentation	metagenome	256318	AMPLICON	METAGENOMIC	PCR	PAIRED	ILLUMINA	Illumina MiSeq	1038688	2239	177865;199798	ftp.sra.ebi.ac.uk/vol1/fastq/SRR789/009/SRR7899659/SRR7899659_1.fastq.gz;ftp.sra.ebi.ac.uk/vol1/fastq/SRR789/009/SRR7899659/SRR7899659_2.fastq.gz	2cdcc06c903141ebd624a64adf564b6d;010bdf7849d9e598bc9a27c9db6b9631	Colombia:Antioquia	2016-06-07			2018-09-26	2018-09-26	non_bacterial_marker	false	ITS/fungal run is outside bacterial 16S scope	https://www.ebi.ac.uk/ena/browser/view/PRJNA492720
pacheco_montealegre_2020_colombia	PRJNA492720	PRJNA492720	SRP162530	SRR7899660	SRX4737031	SAMN10112713	SRS3819094	YeastAnII12z2	MIMS Environmental/Metagenome sample from metagenome	Keywords: GSC:MIxS MIMS:5.0	Illumina MiSeq sequencing: High-Sensitive Detection and Dynamic of Microbiome during Cocoa Bean Fermentation	metagenome	256318	AMPLICON	METAGENOMIC	PCR	PAIRED	ILLUMINA	Illumina MiSeq	2522360	5439	551949;591945	ftp.sra.ebi.ac.uk/vol1/fastq/SRR789/000/SRR7899660/SRR7899660_1.fastq.gz;ftp.sra.ebi.ac.uk/vol1/fastq/SRR789/000/SRR7899660/SRR7899660_2.fastq.gz	20ac3da637f989418d39cff557ed8246;1081b51747593dcaccbfab91e165f961	Colombia:Antioquia	2016-06-07			2018-09-26	2018-09-26	non_bacterial_marker	false	ITS/fungal run is outside bacterial 16S scope	https://www.ebi.ac.uk/ena/browser/view/PRJNA492720
pacheco_montealegre_2020_colombia	PRJNA492720	PRJNA492720	SRP162530	SRR7899661	SRX4737030	SAMN10112710	SRS3819092	YeastAnII00z1	MIMS Environmental/Metagenome sample from metagenome	Keywords: GSC:MIxS MIMS:5.0	Illumina MiSeq sequencing: High-Sensitive Detection and Dynamic of Microbiome during Cocoa Bean Fermentation	metagenome	256318	AMPLICON	METAGENOMIC	PCR	PAIRED	ILLUMINA	Illumina MiSeq	987762	2129	153098;186198	ftp.sra.ebi.ac.uk/vol1/fastq/SRR789/001/SRR7899661/SRR7899661_1.fastq.gz;ftp.sra.ebi.ac.uk/vol1/fastq/SRR789/001/SRR7899661/SRR7899661_2.fastq.gz	d110d69ed384c4ef021bc3b889c2819e;a10fbb7569985b69c56d6823a8693b64	Colombia:Antioquia	2016-06-06			2018-09-26	2018-09-26	non_bacterial_marker	false	ITS/fungal run is outside bacterial 16S scope	https://www.ebi.ac.uk/ena/browser/view/PRJNA492720
pacheco_montealegre_2020_colombia	PRJNA492720	PRJNA492720	SRP162530	SRR7899662	SRX4737029	SAMN10112711	SRS3819093	YeastAnII00z2	MIMS Environmental/Metagenome sample from metagenome	Keywords: GSC:MIxS MIMS:5.0	Illumina MiSeq sequencing: High-Sensitive Detection and Dynamic of Microbiome during Cocoa Bean Fermentation	metagenome	256318	AMPLICON	METAGENOMIC	PCR	PAIRED	ILLUMINA	Illumina MiSeq	2037481	4392	358197;404953	ftp.sra.ebi.ac.uk/vol1/fastq/SRR789/002/SRR7899662/SRR7899662_1.fastq.gz;ftp.sra.ebi.ac.uk/vol1/fastq/SRR789/002/SRR7899662/SRR7899662_2.fastq.gz	3dafa287463c5480e8fff121beec5087;37783f3321f6264b00675ad25d3168be	Colombia:Antioquia	2016-06-06			2018-09-26	2018-09-26	non_bacterial_marker	false	ITS/fungal run is outside bacterial 16S scope	https://www.ebi.ac.uk/ena/browser/view/PRJNA492720
pacheco_montealegre_2020_colombia	PRJNA492720	PRJNA492720	SRP162530	SRR7899663	SRX4737028	SAMN10112708	SRS3819091	YeastHuII108z2	MIMS Environmental/Metagenome sample from metagenome	Keywords: GSC:MIxS MIMS:5.0	Illumina MiSeq sequencing: High-Sensitive Detection and Dynamic of Microbiome during Cocoa Bean Fermentation	metagenome	256318	AMPLICON	METAGENOMIC	PCR	PAIRED	ILLUMINA	Illumina MiSeq	3116810	6725	657197;870075	ftp.sra.ebi.ac.uk/vol1/fastq/SRR789/003/SRR7899663/SRR7899663_1.fastq.gz;ftp.sra.ebi.ac.uk/vol1/fastq/SRR789/003/SRR7899663/SRR7899663_2.fastq.gz	74547b1a7f7a1c5bfc4b9d672ac7736c;62f764a4db938c5539c85e8ce73d0d09	Colombia:Huila	2016-06-24			2018-09-26	2018-09-26	non_bacterial_marker	false	ITS/fungal run is outside bacterial 16S scope	https://www.ebi.ac.uk/ena/browser/view/PRJNA492720
pacheco_montealegre_2020_colombia	PRJNA492720	PRJNA492720	SRP162530	SRR7899664	SRX4737027	SAMN10112709	SRS3819144	YeastHuII120z2	MIMS Environmental/Metagenome sample from metagenome	Keywords: GSC:MIxS MIMS:5.0	Illumina MiSeq sequencing: High-Sensitive Detection and Dynamic of Microbiome during Cocoa Bean Fermentation	metagenome	256318	AMPLICON	METAGENOMIC	PCR	PAIRED	ILLUMINA	Illumina MiSeq	2754330	5944	601215;701419	ftp.sra.ebi.ac.uk/vol1/fastq/SRR789/004/SRR7899664/SRR7899664_1.fastq.gz;ftp.sra.ebi.ac.uk/vol1/fastq/SRR789/004/SRR7899664/SRR7899664_2.fastq.gz	53004dd32b22598ad534649dea101c47;cd3a3c0d4bb3556e3fa85468d60de3a4	Colombia:Huila	2016-06-24			2018-09-26	2018-09-26	non_bacterial_marker	false	ITS/fungal run is outside bacterial 16S scope	https://www.ebi.ac.uk/ena/browser/view/PRJNA492720
pacheco_montealegre_2020_colombia	PRJNA492720	PRJNA492720	SRP162530	SRR7899665	SRX4737026	SAMN10112716	SRS3819090	YeastAnII36z1	MIMS Environmental/Metagenome sample from metagenome	Keywords: GSC:MIxS MIMS:5.0	Illumina MiSeq sequencing: High-Sensitive Detection and Dynamic of Microbiome during Cocoa Bean Fermentation	metagenome	256318	AMPLICON	METAGENOMIC	PCR	PAIRED	ILLUMINA	Illumina MiSeq	1112267	2398	221985;241463	ftp.sra.ebi.ac.uk/vol1/fastq/SRR789/005/SRR7899665/SRR7899665_1.fastq.gz;ftp.sra.ebi.ac.uk/vol1/fastq/SRR789/005/SRR7899665/SRR7899665_2.fastq.gz	7cbcf271b961c31f56b100c0284ba07e;a26e1ac102197076290465130dda1df1	Colombia:Antioquia	2016-06-08			2018-09-26	2018-09-26	non_bacterial_marker	false	ITS/fungal run is outside bacterial 16S scope	https://www.ebi.ac.uk/ena/browser/view/PRJNA492720
pacheco_montealegre_2020_colombia	PRJNA492720	PRJNA492720	SRP162530	SRR7899666	SRX4737025	SAMN10112717	SRS3819089	YeastAnII36z2	MIMS Environmental/Metagenome sample from metagenome	Keywords: GSC:MIxS MIMS:5.0	Illumina MiSeq sequencing: High-Sensitive Detection and Dynamic of Microbiome during Cocoa Bean Fermentation	metagenome	256318	AMPLICON	METAGENOMIC	PCR	PAIRED	ILLUMINA	Illumina MiSeq	1488668	3210	318248;344501	ftp.sra.ebi.ac.uk/vol1/fastq/SRR789/006/SRR7899666/SRR7899666_1.fastq.gz;ftp.sra.ebi.ac.uk/vol1/fastq/SRR789/006/SRR7899666/SRR7899666_2.fastq.gz	8691037a33ad0f04a98c146a8e1a3f46;5303e0cee8cdd254536188bc35159bba	Colombia:Antioquia	2016-06-08			2018-09-26	2018-09-26	non_bacterial_marker	false	ITS/fungal run is outside bacterial 16S scope	https://www.ebi.ac.uk/ena/browser/view/PRJNA492720
pacheco_montealegre_2020_colombia	PRJNA492720	PRJNA492720	SRP162530	SRR7899667	SRX4737024	SAMN10112571	SRS3819088	BactHuI108z1	MIMS Environmental/Metagenome sample from metagenome	Keywords: GSC:MIxS MIMS:5.0	Illumina MiSeq sequencing: High-Sensitive Detection and Dynamic of Microbiome during Cocoa Bean Fermentation	metagenome	256318	AMPLICON	METAGENOMIC	PCR	PAIRED	ILLUMINA	Illumina MiSeq	8568106	19267	963464;1619165	ftp.sra.ebi.ac.uk/vol1/fastq/SRR789/007/SRR7899667/SRR7899667_1.fastq.gz;ftp.sra.ebi.ac.uk/vol1/fastq/SRR789/007/SRR7899667/SRR7899667_2.fastq.gz	1f2340cda9de52f8629be5cb6c580a64;a0cbcdefaa978e8f99b164401f9abff9	Colombia:Huila	2016-02-20			2018-09-26	2018-09-26	not_verified_16s_subset	false	Run does not match the configured, verified bacterial 16S subset	https://www.ebi.ac.uk/ena/browser/view/PRJNA492720
pacheco_montealegre_2020_colombia	PRJNA492720	PRJNA492720	SRP162530	SRR7899668	SRX4737023	SAMN10112570	SRS3819085	BactHuI096z2	MIMS Environmental/Metagenome sample from metagenome	Keywords: GSC:MIxS MIMS:5.0	Illumina MiSeq sequencing: High-Sensitive Detection and Dynamic of Microbiome during Cocoa Bean Fermentation	metagenome	256318	AMPLICON	METAGENOMIC	PCR	PAIRED	ILLUMINA	Illumina MiSeq	6416494	14429	710270;1092046	ftp.sra.ebi.ac.uk/vol1/fastq/SRR789/008/SRR7899668/SRR7899668_1.fastq.gz;ftp.sra.ebi.ac.uk/vol1/fastq/SRR789/008/SRR7899668/SRR7899668_2.fastq.gz	21eb962d248dcb7c8b61d092287eacf0;11a362e0c3836273f1a085589fff7dd2	Colombia:Huila	2016-02-19			2018-09-26	2018-09-26	not_verified_16s_subset	false	Run does not match the configured, verified bacterial 16S subset	https://www.ebi.ac.uk/ena/browser/view/PRJNA492720
pacheco_montealegre_2020_colombia	PRJNA492720	PRJNA492720	SRP162530	SRR7899669	SRX4737022	SAMN10112569	SRS3819087	BactHuI096z1	MIMS Environmental/Metagenome sample from metagenome	Keywords: GSC:MIxS MIMS:5.0	Illumina MiSeq sequencing: High-Sensitive Detection and Dynamic of Microbiome during Cocoa Bean Fermentation	metagenome	256318	AMPLICON	METAGENOMIC	PCR	PAIRED	ILLUMINA	Illumina MiSeq	10035335	22575	1882592;1759410	ftp.sra.ebi.ac.uk/vol1/fastq/SRR789/009/SRR7899669/SRR7899669_1.fastq.gz;ftp.sra.ebi.ac.uk/vol1/fastq/SRR789/009/SRR7899669/SRR7899669_2.fastq.gz	d1dcbd1ce0238adf83a1673bcb0ddea7;731092289a50c5082d11bc463fdd4fb7	Colombia:Huila	2016-02-19			2018-09-26	2018-09-26	not_verified_16s_subset	false	Run does not match the configured, verified bacterial 16S subset	https://www.ebi.ac.uk/ena/browser/view/PRJNA492720
pacheco_montealegre_2020_colombia	PRJNA492720	PRJNA492720	SRP162530	SRR7899670	SRX4737021	SAMN10112568	SRS3819084	BactHuI084z2	MIMS Environmental/Metagenome sample from metagenome	Keywords: GSC:MIxS MIMS:5.0	Illumina MiSeq sequencing: High-Sensitive Detection and Dynamic of Microbiome during Cocoa Bean Fermentation	metagenome	256318	AMPLICON	METAGENOMIC	PCR	PAIRED	ILLUMINA	Illumina MiSeq	16946267	38114	2429338;2957859	ftp.sra.ebi.ac.uk/vol1/fastq/SRR789/000/SRR7899670/SRR7899670_1.fastq.gz;ftp.sra.ebi.ac.uk/vol1/fastq/SRR789/000/SRR7899670/SRR7899670_2.fastq.gz	4380454660d31e9a238cd24d6fd0b47e;1241395ffb76cd918a4bc3b189d83875	Colombia:Huila	2016-02-19			2018-09-26	2018-09-26	not_verified_16s_subset	false	Run does not match the configured, verified bacterial 16S subset	https://www.ebi.ac.uk/ena/browser/view/PRJNA492720
pacheco_montealegre_2020_colombia	PRJNA492720	PRJNA492720	SRP162530	SRR7899671	SRX4737020	SAMN10112575	SRS3819083	BactHuII000z1	MIMS Environmental/Metagenome sample from metagenome	Keywords: GSC:MIxS MIMS:5.0	Illumina MiSeq sequencing: High-Sensitive Detection and Dynamic of Microbiome during Cocoa Bean Fermentation	metagenome	256318	AMPLICON	METAGENOMIC	PCR	PAIRED	ILLUMINA	Illumina MiSeq	13842786	31102	2899685;2789263	ftp.sra.ebi.ac.uk/vol1/fastq/SRR789/001/SRR7899671/SRR7899671_1.fastq.gz;ftp.sra.ebi.ac.uk/vol1/fastq/SRR789/001/SRR7899671/SRR7899671_2.fastq.gz	d5a9c3e21a844d4f4c34cfe41e43b5e5;f0a86824dad5c464c052a0e5175098b7	Colombia:Huila	2016-06-20			2018-09-26	2018-09-26	not_verified_16s_subset	false	Run does not match the configured, verified bacterial 16S subset	https://www.ebi.ac.uk/ena/browser/view/PRJNA492720
pacheco_montealegre_2020_colombia	PRJNA492720	PRJNA492720	SRP162530	SRR7899672	SRX4737019	SAMN10112574	SRS3819082	BactHuI120z2	MIMS Environmental/Metagenome sample from metagenome	Keywords: GSC:MIxS MIMS:5.0	Illumina MiSeq sequencing: High-Sensitive Detection and Dynamic of Microbiome during Cocoa Bean Fermentation	metagenome	256318	AMPLICON	METAGENOMIC	PCR	PAIRED	ILLUMINA	Illumina MiSeq	12407802	27901	1400248;2227906	ftp.sra.ebi.ac.uk/vol1/fastq/SRR789/002/SRR7899672/SRR7899672_1.fastq.gz;ftp.sra.ebi.ac.uk/vol1/fastq/SRR789/002/SRR7899672/SRR7899672_2.fastq.gz	47ec09f68ea7cebb3d261259a232522a;6c57dc790eb42a8560c943dc2c0648cb	Colombia:Huila	2016-02-20			2018-09-26	2018-09-26	not_verified_16s_subset	false	Run does not match the configured, verified bacterial 16S subset	https://www.ebi.ac.uk/ena/browser/view/PRJNA492720
pacheco_montealegre_2020_colombia	PRJNA492720	PRJNA492720	SRP162530	SRR7899673	SRX4737018	SAMN10112573	SRS3819081	BactHuI120z1	MIMS Environmental/Metagenome sample from metagenome	Keywords: GSC:MIxS MIMS:5.0	Illumina MiSeq sequencing: High-Sensitive Detection and Dynamic of Microbiome during Cocoa Bean Fermentation	metagenome	256318	AMPLICON	METAGENOMIC	PCR	PAIRED	ILLUMINA	Illumina MiSeq	9033124	20314	1109651;1554928	ftp.sra.ebi.ac.uk/vol1/fastq/SRR789/003/SRR7899673/SRR7899673_1.fastq.gz;ftp.sra.ebi.ac.uk/vol1/fastq/SRR789/003/SRR7899673/SRR7899673_2.fastq.gz	1a480500260b911221d00b5080e20d53;618fa2b1e642261fcfe6e75f91274c5a	Colombia:Huila	2016-02-20			2018-09-26	2018-09-26	not_verified_16s_subset	false	Run does not match the configured, verified bacterial 16S subset	https://www.ebi.ac.uk/ena/browser/view/PRJNA492720
pacheco_montealegre_2020_colombia	PRJNA492720	PRJNA492720	SRP162530	SRR7899674	SRX4737017	SAMN10112572	SRS3819080	BactHuI108z2	MIMS Environmental/Metagenome sample from metagenome	Keywords: GSC:MIxS MIMS:5.0	Illumina MiSeq sequencing: High-Sensitive Detection and Dynamic of Microbiome during Cocoa Bean Fermentation	metagenome	256318	AMPLICON	METAGENOMIC	PCR	PAIRED	ILLUMINA	Illumina MiSeq	6053928	13613	673822;1014040	ftp.sra.ebi.ac.uk/vol1/fastq/SRR789/004/SRR7899674/SRR7899674_1.fastq.gz;ftp.sra.ebi.ac.uk/vol1/fastq/SRR789/004/SRR7899674/SRR7899674_2.fastq.gz	93f8f06f09a94b381977a77b61ba0b90;f864ce6ea2f2eaf40de66bc4b813f38b	Colombia:Huila	2016-02-20			2018-09-26	2018-09-26	not_verified_16s_subset	false	Run does not match the configured, verified bacterial 16S subset	https://www.ebi.ac.uk/ena/browser/view/PRJNA492720
pacheco_montealegre_2020_colombia	PRJNA492720	PRJNA492720	SRP162530	SRR7899675	SRX4737016	SAMN10112577	SRS3819079	BactHuII012z2	MIMS Environmental/Metagenome sample from metagenome	Keywords: GSC:MIxS MIMS:5.0	Illumina MiSeq sequencing: High-Sensitive Detection and Dynamic of Microbiome during Cocoa Bean Fermentation	metagenome	256318	AMPLICON	METAGENOMIC	PCR	PAIRED	ILLUMINA	Illumina MiSeq	7845295	17627	1475644;1426918	ftp.sra.ebi.ac.uk/vol1/fastq/SRR789/005/SRR7899675/SRR7899675_1.fastq.gz;ftp.sra.ebi.ac.uk/vol1/fastq/SRR789/005/SRR7899675/SRR7899675_2.fastq.gz	369ca4b609c665090b33b7a59e623b3c;ec243c068133c03c51c23eb844201055	Colombia:Huila	2016-06-21			2018-09-26	2018-09-26	not_verified_16s_subset	false	Run does not match the configured, verified bacterial 16S subset	https://www.ebi.ac.uk/ena/browser/view/PRJNA492720
pacheco_montealegre_2020_colombia	PRJNA492720	PRJNA492720	SRP162530	SRR7899676	SRX4737015	SAMN10112576	SRS3819078	BactHuII012z1	MIMS Environmental/Metagenome sample from metagenome	Keywords: GSC:MIxS MIMS:5.0	Illumina MiSeq sequencing: High-Sensitive Detection and Dynamic of Microbiome during Cocoa Bean Fermentation	metagenome	256318	AMPLICON	METAGENOMIC	PCR	PAIRED	ILLUMINA	Illumina MiSeq	9450658	21237	1527700;1685384	ftp.sra.ebi.ac.uk/vol1/fastq/SRR789/006/SRR7899676/SRR7899676_1.fastq.gz;ftp.sra.ebi.ac.uk/vol1/fastq/SRR789/006/SRR7899676/SRR7899676_2.fastq.gz	03335aab3f718d492ac12f4e19f73626;b02be53ab6878b3b02f136e1d2bde6a6	Colombia:Huila	2016-06-21			2018-09-26	2018-09-26	not_verified_16s_subset	false	Run does not match the configured, verified bacterial 16S subset	https://www.ebi.ac.uk/ena/browser/view/PRJNA492720
pacheco_montealegre_2020_colombia	PRJNA492720	PRJNA492720	SRP162530	SRR7899677	SRX4737014	SAMN10112767	SRS3819077	BactAnItijP	MIMS Environmental/Metagenome sample from metagenome	Keywords: GSC:MIxS MIMS:5.0	Illumina MiSeq sequencing: High-Sensitive Detection and Dynamic of Microbiome during Cocoa Bean Fermentation	metagenome	256318	AMPLICON	METAGENOMIC	PCR	PAIRED	ILLUMINA	Illumina MiSeq	6616886	14867	1085453;1511703	ftp.sra.ebi.ac.uk/vol1/fastq/SRR789/007/SRR7899677/SRR7899677_1.fastq.gz;ftp.sra.ebi.ac.uk/vol1/fastq/SRR789/007/SRR7899677/SRR7899677_2.fastq.gz	f34ee9b7e39feb6228a4d7b8d89700f3;2b95c952bfb83d81f989067a34265b4c	Colombia:Antioquia	2016-05-02			2018-09-26	2018-09-26	not_verified_16s_subset	false	Run does not match the configured, verified bacterial 16S subset	https://www.ebi.ac.uk/ena/browser/view/PRJNA492720
pacheco_montealegre_2020_colombia	PRJNA492720	PRJNA492720	SRP162530	SRR7899678	SRX4737013	SAMN10112512	SRS3819076	BactAnI024z1	MIMS Environmental/Metagenome sample from metagenome	Keywords: GSC:MIxS MIMS:5.0	Illumina MiSeq sequencing: High-Sensitive Detection and Dynamic of Microbiome during Cocoa Bean Fermentation	metagenome	256318	AMPLICON	METAGENOMIC	PCR	PAIRED	ILLUMINA	Illumina MiSeq	16564938	37220	1995338;3054896	ftp.sra.ebi.ac.uk/vol1/fastq/SRR789/008/SRR7899678/SRR7899678_1.fastq.gz;ftp.sra.ebi.ac.uk/vol1/fastq/SRR789/008/SRR7899678/SRR7899678_2.fastq.gz	ed72b98d5a09faf3b819e2da4793ec46;e9385572ae21d064089c68c0619a6a28	Colombia:Antioquia	2016-05-04			2018-09-26	2018-09-26	bacterial_16s_candidate	true		https://www.ebi.ac.uk/ena/browser/view/PRJNA492720
pacheco_montealegre_2020_colombia	PRJNA492720	PRJNA492720	SRP162530	SRR7899679	SRX4737012	SAMN10112626	SRS3819075	BactSaII096z1	MIMS Environmental/Metagenome sample from metagenome	Keywords: GSC:MIxS MIMS:5.0	Illumina MiSeq sequencing: High-Sensitive Detection and Dynamic of Microbiome during Cocoa Bean Fermentation	metagenome	256318	AMPLICON	METAGENOMIC	PCR	PAIRED	ILLUMINA	Illumina MiSeq	18614374	41852	2061276;3096925	ftp.sra.ebi.ac.uk/vol1/fastq/SRR789/009/SRR7899679/SRR7899679_1.fastq.gz;ftp.sra.ebi.ac.uk/vol1/fastq/SRR789/009/SRR7899679/SRR7899679_2.fastq.gz	dd9a074885f68a3be97b62b68c31c8e2;ffe3b44e00327fc5df380da17f9790eb	Colombia:Santander	2016-06-10			2018-09-26	2018-09-26	bacterial_16s_candidate	true		https://www.ebi.ac.uk/ena/browser/view/PRJNA492720
pacheco_montealegre_2020_colombia	PRJNA492720	PRJNA492720	SRP162530	SRR7899680	SRX4737011	SAMN10112627	SRS3819074	BactSaII096z2	MIMS Environmental/Metagenome sample from metagenome	Keywords: GSC:MIxS MIMS:5.0	Illumina MiSeq sequencing: High-Sensitive Detection and Dynamic of Microbiome during Cocoa Bean Fermentation	metagenome	256318	AMPLICON	METAGENOMIC	PCR	PAIRED	ILLUMINA	Illumina MiSeq	15683209	35261	1872509;2669770	ftp.sra.ebi.ac.uk/vol1/fastq/SRR789/000/SRR7899680/SRR7899680_1.fastq.gz;ftp.sra.ebi.ac.uk/vol1/fastq/SRR789/000/SRR7899680/SRR7899680_2.fastq.gz	1e64a384de984ad8d3da9eb268becfd8;b9b033cc84fd100cbd0b8188842609ed	Colombia:Santander	2016-06-10			2018-09-26	2018-09-26	bacterial_16s_candidate	true		https://www.ebi.ac.uk/ena/browser/view/PRJNA492720
pacheco_montealegre_2020_colombia	PRJNA492720	PRJNA492720	SRP162530	SRR7899681	SRX4737010	SAMN10112624	SRS3819073	BactSaII084z1	MIMS Environmental/Metagenome sample from metagenome	Keywords: GSC:MIxS MIMS:5.0	Illumina MiSeq sequencing: High-Sensitive Detection and Dynamic of Microbiome during Cocoa Bean Fermentation	metagenome	256318	AMPLICON	METAGENOMIC	PCR	PAIRED	ILLUMINA	Illumina MiSeq	22106900	49704	2459680;3613514	ftp.sra.ebi.ac.uk/vol1/fastq/SRR789/001/SRR7899681/SRR7899681_1.fastq.gz;ftp.sra.ebi.ac.uk/vol1/fastq/SRR789/001/SRR7899681/SRR7899681_2.fastq.gz	e2ab76ff3c4ef2d5e386dd215cc3bc3c;1aedd8d6ca90454240ea3b67751ac4be	Colombia:Santander	2016-06-10			2018-09-26	2018-09-26	bacterial_16s_candidate	true		https://www.ebi.ac.uk/ena/browser/view/PRJNA492720
pacheco_montealegre_2020_colombia	PRJNA492720	PRJNA492720	SRP162530	SRR7899682	SRX4737009	SAMN10112625	SRS3819072	BactSaII084z2	MIMS Environmental/Metagenome sample from metagenome	Keywords: GSC:MIxS MIMS:5.0	Illumina MiSeq sequencing: High-Sensitive Detection and Dynamic of Microbiome during Cocoa Bean Fermentation	metagenome	256318	AMPLICON	METAGENOMIC	PCR	PAIRED	ILLUMINA	Illumina MiSeq	16167169	36345	2377692;3121758	ftp.sra.ebi.ac.uk/vol1/fastq/SRR789/002/SRR7899682/SRR7899682_1.fastq.gz;ftp.sra.ebi.ac.uk/vol1/fastq/SRR789/002/SRR7899682/SRR7899682_2.fastq.gz	7e3615287c47fd19324b90e44ff72ced;e15cfa9280591351e50e617ac2e429ab	Colombia:Santander	2016-06-10			2018-09-26	2018-09-26	bacterial_16s_candidate	true		https://www.ebi.ac.uk/ena/browser/view/PRJNA492720
pacheco_montealegre_2020_colombia	PRJNA492720	PRJNA492720	SRP162530	SRR7899683	SRX4737008	SAMN10112622	SRS3819071	BactSaII072z1	MIMS Environmental/Metagenome sample from metagenome	Keywords: GSC:MIxS MIMS:5.0	Illumina MiSeq sequencing: High-Sensitive Detection and Dynamic of Microbiome during Cocoa Bean Fermentation	metagenome	256318	AMPLICON	METAGENOMIC	PCR	PAIRED	ILLUMINA	Illumina MiSeq	15260863	34313	1685289;2473143	ftp.sra.ebi.ac.uk/vol1/fastq/SRR789/003/SRR7899683/SRR7899683_1.fastq.gz;ftp.sra.ebi.ac.uk/vol1/fastq/SRR789/003/SRR7899683/SRR7899683_2.fastq.gz	81a5eaee42d9c0bcde00bd7088250aa2;a3f582d0473369c4b7a7a3fc376cfd36	Colombia:Santander	2016-06-09			2018-09-26	2018-09-26	bacterial_16s_candidate	true		https://www.ebi.ac.uk/ena/browser/view/PRJNA492720
pacheco_montealegre_2020_colombia	PRJNA492720	PRJNA492720	SRP162530	SRR7899684	SRX4737007	SAMN10112623	SRS3819070	BactSaII072z2	MIMS Environmental/Metagenome sample from metagenome	Keywords: GSC:MIxS MIMS:5.0	Illumina MiSeq sequencing: High-Sensitive Detection and Dynamic of Microbiome during Cocoa Bean Fermentation	metagenome	256318	AMPLICON	METAGENOMIC	PCR	PAIRED	ILLUMINA	Illumina MiSeq	17894549	40229	2794493;3225893	ftp.sra.ebi.ac.uk/vol1/fastq/SRR789/004/SRR7899684/SRR7899684_1.fastq.gz;ftp.sra.ebi.ac.uk/vol1/fastq/SRR789/004/SRR7899684/SRR7899684_2.fastq.gz	009e0cde42c27f482f3cbe8f4679d33e;cf36be311f23e4b25f67b278e85d2e58	Colombia:Santander	2016-06-09			2018-09-26	2018-09-26	bacterial_16s_candidate	true		https://www.ebi.ac.uk/ena/browser/view/PRJNA492720
pacheco_montealegre_2020_colombia	PRJNA492720	PRJNA492720	SRP162530	SRR7899685	SRX4737006	SAMN10112620	SRS3819068	BactSaII060z1	MIMS Environmental/Metagenome sample from metagenome	Keywords: GSC:MIxS MIMS:5.0	Illumina MiSeq sequencing: High-Sensitive Detection and Dynamic of Microbiome during Cocoa Bean Fermentation	metagenome	256318	AMPLICON	METAGENOMIC	PCR	PAIRED	ILLUMINA	Illumina MiSeq	16249965	36536	2141984;2961503	ftp.sra.ebi.ac.uk/vol1/fastq/SRR789/005/SRR7899685/SRR7899685_1.fastq.gz;ftp.sra.ebi.ac.uk/vol1/fastq/SRR789/005/SRR7899685/SRR7899685_2.fastq.gz	e405a814e5f0766e7c98a4df523dd447;f32881e79c2c89127b7f910e284000bc	Colombia:Santander	2016-06-09			2018-09-26	2018-09-26	bacterial_16s_candidate	true		https://www.ebi.ac.uk/ena/browser/view/PRJNA492720
pacheco_montealegre_2020_colombia	PRJNA492720	PRJNA492720	SRP162530	SRR7899686	SRX4737005	SAMN10112621	SRS3819069	BactSaII060z2	MIMS Environmental/Metagenome sample from metagenome	Keywords: GSC:MIxS MIMS:5.0	Illumina MiSeq sequencing: High-Sensitive Detection and Dynamic of Microbiome during Cocoa Bean Fermentation	metagenome	256318	AMPLICON	METAGENOMIC	PCR	PAIRED	ILLUMINA	Illumina MiSeq	21170553	47596	3113859;3806296	ftp.sra.ebi.ac.uk/vol1/fastq/SRR789/006/SRR7899686/SRR7899686_1.fastq.gz;ftp.sra.ebi.ac.uk/vol1/fastq/SRR789/006/SRR7899686/SRR7899686_2.fastq.gz	f2c16c18530b6fdb478c9c3eb3ba6a9f;2f24e5affd382a81755223f44d985b26	Colombia:Santander	2016-06-09			2018-09-26	2018-09-26	bacterial_16s_candidate	true		https://www.ebi.ac.uk/ena/browser/view/PRJNA492720
pacheco_montealegre_2020_colombia	PRJNA492720	PRJNA492720	SRP162530	SRR7899687	SRX4737004	SAMN10112618	SRS3819067	BactSaII048z1	MIMS Environmental/Metagenome sample from metagenome	Keywords: GSC:MIxS MIMS:5.0	Illumina MiSeq sequencing: High-Sensitive Detection and Dynamic of Microbiome during Cocoa Bean Fermentation	metagenome	256318	AMPLICON	METAGENOMIC	PCR	PAIRED	ILLUMINA	Illumina MiSeq	22302285	50132	3982668;4104998	ftp.sra.ebi.ac.uk/vol1/fastq/SRR789/007/SRR7899687/SRR7899687_1.fastq.gz;ftp.sra.ebi.ac.uk/vol1/fastq/SRR789/007/SRR7899687/SRR7899687_2.fastq.gz	057ded005401c58ce247e58fc5e1d79f;3beacb6c754d3fdf55e4eeed1542810a	Colombia:Santander	2016-06-08			2018-09-26	2018-09-26	bacterial_16s_candidate	true		https://www.ebi.ac.uk/ena/browser/view/PRJNA492720
pacheco_montealegre_2020_colombia	PRJNA492720	PRJNA492720	SRP162530	SRR7899688	SRX4737003	SAMN10112619	SRS3819066	BactSaII048z2	MIMS Environmental/Metagenome sample from metagenome	Keywords: GSC:MIxS MIMS:5.0	Illumina MiSeq sequencing: High-Sensitive Detection and Dynamic of Microbiome during Cocoa Bean Fermentation	metagenome	256318	AMPLICON	METAGENOMIC	PCR	PAIRED	ILLUMINA	Illumina MiSeq	18330305	41213	2883923;3295071	ftp.sra.ebi.ac.uk/vol1/fastq/SRR789/008/SRR7899688/SRR7899688_1.fastq.gz;ftp.sra.ebi.ac.uk/vol1/fastq/SRR789/008/SRR7899688/SRR7899688_2.fastq.gz	3691611c5e635a4c47d3124e8396344c;05e487861cd83c2360df3ca9b1d951cc	Colombia:Santander	2016-06-08			2018-09-26	2018-09-26	bacterial_16s_candidate	true		https://www.ebi.ac.uk/ena/browser/view/PRJNA492720
pacheco_montealegre_2020_colombia	PRJNA492720	PRJNA492720	SRP162530	SRR7899689	SRX4737002	SAMN10112562	SRS3819065	BactHuI048z2	MIMS Environmental/Metagenome sample from metagenome	Keywords: GSC:MIxS MIMS:5.0	Illumina MiSeq sequencing: High-Sensitive Detection and Dynamic of Microbiome during Cocoa Bean Fermentation	metagenome	256318	AMPLICON	METAGENOMIC	PCR	PAIRED	ILLUMINA	Illumina MiSeq	15641737	35171	2551032;3151853	ftp.sra.ebi.ac.uk/vol1/fastq/SRR789/009/SRR7899689/SRR7899689_1.fastq.gz;ftp.sra.ebi.ac.uk/vol1/fastq/SRR789/009/SRR7899689/SRR7899689_2.fastq.gz	13788b74c7bca9ff838ed4c73fa194ab;020b5a768521d37923760426d5a3057a	Colombia:Huila	2016-02-17			2018-09-26	2018-09-26	not_verified_16s_subset	false	Run does not match the configured, verified bacterial 16S subset	https://www.ebi.ac.uk/ena/browser/view/PRJNA492720
pacheco_montealegre_2020_colombia	PRJNA492720	PRJNA492720	SRP162530	SRR7899690	SRX4737001	SAMN10112723	SRS3819064	YeastAnII72z2	MIMS Environmental/Metagenome sample from metagenome	Keywords: GSC:MIxS MIMS:5.0	Illumina MiSeq sequencing: High-Sensitive Detection and Dynamic of Microbiome during Cocoa Bean Fermentation	metagenome	256318	AMPLICON	METAGENOMIC	PCR	PAIRED	ILLUMINA	Illumina MiSeq	2099409	4528	519764;588889	ftp.sra.ebi.ac.uk/vol1/fastq/SRR789/000/SRR7899690/SRR7899690_1.fastq.gz;ftp.sra.ebi.ac.uk/vol1/fastq/SRR789/000/SRR7899690/SRR7899690_2.fastq.gz	f9607b441817829f2a36da993b1ba2b5;1c7667646c843446dc9e7b4839504683	Colombia:Antioquia	2016-06-09			2018-09-26	2018-09-26	non_bacterial_marker	false	ITS/fungal run is outside bacterial 16S scope	https://www.ebi.ac.uk/ena/browser/view/PRJNA492720
pacheco_montealegre_2020_colombia	PRJNA492720	PRJNA492720	SRP162530	SRR7899691	SRX4737000	SAMN10112606	SRS3819063	BactSaI096z1	MIMS Environmental/Metagenome sample from metagenome	Keywords: GSC:MIxS MIMS:5.0	Illumina MiSeq sequencing: High-Sensitive Detection and Dynamic of Microbiome during Cocoa Bean Fermentation	metagenome	256318	AMPLICON	METAGENOMIC	PCR	PAIRED	ILLUMINA	Illumina MiSeq	14945576	33607	1927877;2903545	ftp.sra.ebi.ac.uk/vol1/fastq/SRR789/001/SRR7899691/SRR7899691_1.fastq.gz;ftp.sra.ebi.ac.uk/vol1/fastq/SRR789/001/SRR7899691/SRR7899691_2.fastq.gz	cafa56f28f37ca4f6a6cd63b3bcfc73b;dd1b1d8b582b82665a0137a8593784ae	Colombia:Santander	2016-03-15			2018-09-26	2018-09-26	bacterial_16s_candidate	true		https://www.ebi.ac.uk/ena/browser/view/PRJNA492720
pacheco_montealegre_2020_colombia	PRJNA492720	PRJNA492720	SRP162530	SRR7899692	SRX4736999	SAMN10112607	SRS3819061	BactSaI096z2	MIMS Environmental/Metagenome sample from metagenome	Keywords: GSC:MIxS MIMS:5.0	Illumina MiSeq sequencing: High-Sensitive Detection and Dynamic of Microbiome during Cocoa Bean Fermentation	metagenome	256318	AMPLICON	METAGENOMIC	PCR	PAIRED	ILLUMINA	Illumina MiSeq	7588271	17063	884311;1285652	ftp.sra.ebi.ac.uk/vol1/fastq/SRR789/002/SRR7899692/SRR7899692_1.fastq.gz;ftp.sra.ebi.ac.uk/vol1/fastq/SRR789/002/SRR7899692/SRR7899692_2.fastq.gz	21ef5d74a6c56b4db6fe221f0a34827c;70227ea2307cbbd90397138601ceb923	Colombia:Santander	2016-03-15			2018-09-26	2018-09-26	bacterial_16s_candidate	true		https://www.ebi.ac.uk/ena/browser/view/PRJNA492720
pacheco_montealegre_2020_colombia	PRJNA492720	PRJNA492720	SRP162530	SRR7899693	SRX4736998	SAMN10112604	SRS3819062	BactSaI084z1	MIMS Environmental/Metagenome sample from metagenome	Keywords: GSC:MIxS MIMS:5.0	Illumina MiSeq sequencing: High-Sensitive Detection and Dynamic of Microbiome during Cocoa Bean Fermentation	metagenome	256318	AMPLICON	METAGENOMIC	PCR	PAIRED	ILLUMINA	Illumina MiSeq	14931337	33573	1679222;2461869	ftp.sra.ebi.ac.uk/vol1/fastq/SRR789/003/SRR7899693/SRR7899693_1.fastq.gz;ftp.sra.ebi.ac.uk/vol1/fastq/SRR789/003/SRR7899693/SRR7899693_2.fastq.gz	498a9bec335ed2a47c7255f297660330;73e016d92adc31a85d3d752cf5b7091a	Colombia:Santander	2016-03-14			2018-09-26	2018-09-26	bacterial_16s_candidate	true		https://www.ebi.ac.uk/ena/browser/view/PRJNA492720
pacheco_montealegre_2020_colombia	PRJNA492720	PRJNA492720	SRP162530	SRR7899694	SRX4736997	SAMN10112605	SRS3819060	BactSaI084z2	MIMS Environmental/Metagenome sample from metagenome	Keywords: GSC:MIxS MIMS:5.0	Illumina MiSeq sequencing: High-Sensitive Detection and Dynamic of Microbiome during Cocoa Bean Fermentation	metagenome	256318	AMPLICON	METAGENOMIC	PCR	PAIRED	ILLUMINA	Illumina MiSeq	9297338	20906	1017042;1509154	ftp.sra.ebi.ac.uk/vol1/fastq/SRR789/004/SRR7899694/SRR7899694_1.fastq.gz;ftp.sra.ebi.ac.uk/vol1/fastq/SRR789/004/SRR7899694/SRR7899694_2.fastq.gz	55275aa8b55443bec1d8a6dc53912484;104c95c10841c0c5e9c4b6f139b92f9f	Colombia:Santander	2016-03-14			2018-09-26	2018-09-26	bacterial_16s_candidate	true		https://www.ebi.ac.uk/ena/browser/view/PRJNA492720
pacheco_montealegre_2020_colombia	PRJNA492720	PRJNA492720	SRP162530	SRR7899695	SRX4736996	SAMN10112722	SRS3819059	YeastAnII72z1	MIMS Environmental/Metagenome sample from metagenome	Keywords: GSC:MIxS MIMS:5.0	Illumina MiSeq sequencing: High-Sensitive Detection and Dynamic of Microbiome during Cocoa Bean Fermentation	metagenome	256318	AMPLICON	METAGENOMIC	PCR	PAIRED	ILLUMINA	Illumina MiSeq	1618393	3491	404934;464906	ftp.sra.ebi.ac.uk/vol1/fastq/SRR789/005/SRR7899695/SRR7899695_1.fastq.gz;ftp.sra.ebi.ac.uk/vol1/fastq/SRR789/005/SRR7899695/SRR7899695_2.fastq.gz	bfe4b482a157485767abb2d065e596d0;c83db37923efe207b339921b59732cda	Colombia:Antioquia	2016-06-09			2018-09-26	2018-09-26	non_bacterial_marker	false	ITS/fungal run is outside bacterial 16S scope	https://www.ebi.ac.uk/ena/browser/view/PRJNA492720
pacheco_montealegre_2020_colombia	PRJNA492720	PRJNA492720	SRP162530	SRR7899696	SRX4736995	SAMN10112603	SRS3819058	BactSaI072z2	MIMS Environmental/Metagenome sample from metagenome	Keywords: GSC:MIxS MIMS:5.0	Illumina MiSeq sequencing: High-Sensitive Detection and Dynamic of Microbiome during Cocoa Bean Fermentation	metagenome	256318	AMPLICON	METAGENOMIC	PCR	PAIRED	ILLUMINA	Illumina MiSeq	16784830	37739	1882555;2760920	ftp.sra.ebi.ac.uk/vol1/fastq/SRR789/006/SRR7899696/SRR7899696_1.fastq.gz;ftp.sra.ebi.ac.uk/vol1/fastq/SRR789/006/SRR7899696/SRR7899696_2.fastq.gz	8834c787d51300751f69a8071356e393;274ff4ff3b7601d11589ff381743e836	Colombia:Santander	2016-03-13			2018-09-26	2018-09-26	bacterial_16s_candidate	true		https://www.ebi.ac.uk/ena/browser/view/PRJNA492720
pacheco_montealegre_2020_colombia	PRJNA492720	PRJNA492720	SRP162530	SRR7899697	SRX4736994	SAMN10112600	SRS3819057	BactSaI060z1	MIMS Environmental/Metagenome sample from metagenome	Keywords: GSC:MIxS MIMS:5.0	Illumina MiSeq sequencing: High-Sensitive Detection and Dynamic of Microbiome during Cocoa Bean Fermentation	metagenome	256318	AMPLICON	METAGENOMIC	PCR	PAIRED	ILLUMINA	Illumina MiSeq	7628346	17153	862472;1263737	ftp.sra.ebi.ac.uk/vol1/fastq/SRR789/007/SRR7899697/SRR7899697_1.fastq.gz;ftp.sra.ebi.ac.uk/vol1/fastq/SRR789/007/SRR7899697/SRR7899697_2.fastq.gz	321c5a6c6b53de26bcb00c1381a8c99b;08e2074d1036f2c50d068e69cc2aec31	Colombia:Santander	2016-03-13			2018-09-26	2018-09-26	bacterial_16s_candidate	true		https://www.ebi.ac.uk/ena/browser/view/PRJNA492720
pacheco_montealegre_2020_colombia	PRJNA492720	PRJNA492720	SRP162530	SRR7899698	SRX4736993	SAMN10112601	SRS3819056	BactSaI060z2	MIMS Environmental/Metagenome sample from metagenome	Keywords: GSC:MIxS MIMS:5.0	Illumina MiSeq sequencing: High-Sensitive Detection and Dynamic of Microbiome during Cocoa Bean Fermentation	metagenome	256318	AMPLICON	METAGENOMIC	PCR	PAIRED	ILLUMINA	Illumina MiSeq	11824407	26587	1356086;2057248	ftp.sra.ebi.ac.uk/vol1/fastq/SRR789/008/SRR7899698/SRR7899698_1.fastq.gz;ftp.sra.ebi.ac.uk/vol1/fastq/SRR789/008/SRR7899698/SRR7899698_2.fastq.gz	05ca4d9a5560f4d1940a6a873b918361;ff9bdd528936e369fc99254b9357bf5c	Colombia:Santander	2016-03-13			2018-09-26	2018-09-26	bacterial_16s_candidate	true		https://www.ebi.ac.uk/ena/browser/view/PRJNA492720
pacheco_montealegre_2020_colombia	PRJNA492720	PRJNA492720	SRP162530	SRR7899699	SRX4736992	SAMN10112598	SRS3819055	BactSaI048z1	MIMS Environmental/Metagenome sample from metagenome	Keywords: GSC:MIxS MIMS:5.0	Illumina MiSeq sequencing: High-Sensitive Detection and Dynamic of Microbiome during Cocoa Bean Fermentation	metagenome	256318	AMPLICON	METAGENOMIC	PCR	PAIRED	ILLUMINA	Illumina MiSeq	28570712	64239	3195969;5202188	ftp.sra.ebi.ac.uk/vol1/fastq/SRR789/009/SRR7899699/SRR7899699_1.fastq.gz;ftp.sra.ebi.ac.uk/vol1/fastq/SRR789/009/SRR7899699/SRR7899699_2.fastq.gz	14d213d9c0c75c72cf63eeab99600420;5b59a53c9972bb729b18c039568ec27e	Colombia:Santander	2016-03-12			2018-09-26	2018-09-26	bacterial_16s_candidate	true		https://www.ebi.ac.uk/ena/browser/view/PRJNA492720
pacheco_montealegre_2020_colombia	PRJNA492720	PRJNA492720	SRP162530	SRR7899700	SRX4736991	SAMN10112599	SRS3819054	BactSaI048z2	MIMS Environmental/Metagenome sample from metagenome	Keywords: GSC:MIxS MIMS:5.0	Illumina MiSeq sequencing: High-Sensitive Detection and Dynamic of Microbiome during Cocoa Bean Fermentation	metagenome	256318	AMPLICON	METAGENOMIC	PCR	PAIRED	ILLUMINA	Illumina MiSeq	15289698	34377	1784491;2537212	ftp.sra.ebi.ac.uk/vol1/fastq/SRR789/000/SRR7899700/SRR7899700_1.fastq.gz;ftp.sra.ebi.ac.uk/vol1/fastq/SRR789/000/SRR7899700/SRR7899700_2.fastq.gz	c3a2d0a77e74ad098fc5304a6868db32;ee96e6e7d1662d25ac20b30070a7133d	Colombia:Santander	2016-03-12			2018-09-26	2018-09-26	bacterial_16s_candidate	true		https://www.ebi.ac.uk/ena/browser/view/PRJNA492720
pacheco_montealegre_2020_colombia	PRJNA492720	PRJNA492720	SRP162530	SRR7899701	SRX4736990	SAMN10112704	SRS3819052	YeastHuII60z2	MIMS Environmental/Metagenome sample from metagenome	Keywords: GSC:MIxS MIMS:5.0	Illumina MiSeq sequencing: High-Sensitive Detection and Dynamic of Microbiome during Cocoa Bean Fermentation	metagenome	256318	AMPLICON	METAGENOMIC	PCR	PAIRED	ILLUMINA	Illumina MiSeq	1426408	3082	287756;320247	ftp.sra.ebi.ac.uk/vol1/fastq/SRR789/001/SRR7899701/SRR7899701_1.fastq.gz;ftp.sra.ebi.ac.uk/vol1/fastq/SRR789/001/SRR7899701/SRR7899701_2.fastq.gz	4b4f54dde0ecc9c91bec3a983e04ff57;da73f660c75d18e948b8d0abdfec4503	Colombia:Huila	2016-06-23			2018-09-26	2018-09-26	non_bacterial_marker	false	ITS/fungal run is outside bacterial 16S scope	https://www.ebi.ac.uk/ena/browser/view/PRJNA492720
pacheco_montealegre_2020_colombia	PRJNA492720	PRJNA492720	SRP162530	SRR7899702	SRX4736989	SAMN10112705	SRS3819053	YeastHuII72z2	MIMS Environmental/Metagenome sample from metagenome	Keywords: GSC:MIxS MIMS:5.0	Illumina MiSeq sequencing: High-Sensitive Detection and Dynamic of Microbiome during Cocoa Bean Fermentation	metagenome	256318	AMPLICON	METAGENOMIC	PCR	PAIRED	ILLUMINA	Illumina MiSeq	1867977	4028	325405;365953	ftp.sra.ebi.ac.uk/vol1/fastq/SRR789/002/SRR7899702/SRR7899702_1.fastq.gz;ftp.sra.ebi.ac.uk/vol1/fastq/SRR789/002/SRR7899702/SRR7899702_2.fastq.gz	4f13a9c0a217c39edc3ca5e7e652c2e1;eb12a320c8d4f3eed7f50c5b971e7e49	Colombia:Huila	2016-06-23			2018-09-26	2018-09-26	non_bacterial_marker	false	ITS/fungal run is outside bacterial 16S scope	https://www.ebi.ac.uk/ena/browser/view/PRJNA492720
pacheco_montealegre_2020_colombia	PRJNA492720	PRJNA492720	SRP162530	SRR7899703	SRX4736988	SAMN10112702	SRS3819051	YeastHuII48z1	MIMS Environmental/Metagenome sample from metagenome	Keywords: GSC:MIxS MIMS:5.0	Illumina MiSeq sequencing: High-Sensitive Detection and Dynamic of Microbiome during Cocoa Bean Fermentation	metagenome	256318	AMPLICON	METAGENOMIC	PCR	PAIRED	ILLUMINA	Illumina MiSeq	1738479	3753	335363;368621	ftp.sra.ebi.ac.uk/vol1/fastq/SRR789/003/SRR7899703/SRR7899703_1.fastq.gz;ftp.sra.ebi.ac.uk/vol1/fastq/SRR789/003/SRR7899703/SRR7899703_2.fastq.gz	d3ed297d87223aa1e39218d617641a22;e6224921ea7671212a4b2d0922fb6f28	Colombia:Huila	2016-06-22			2018-09-26	2018-09-26	non_bacterial_marker	false	ITS/fungal run is outside bacterial 16S scope	https://www.ebi.ac.uk/ena/browser/view/PRJNA492720
pacheco_montealegre_2020_colombia	PRJNA492720	PRJNA492720	SRP162530	SRR7899704	SRX4736987	SAMN10112703	SRS3819049	YeastHuII48z2	MIMS Environmental/Metagenome sample from metagenome	Keywords: GSC:MIxS MIMS:5.0	Illumina MiSeq sequencing: High-Sensitive Detection and Dynamic of Microbiome during Cocoa Bean Fermentation	metagenome	256318	AMPLICON	METAGENOMIC	PCR	PAIRED	ILLUMINA	Illumina MiSeq	1267947	2738	245690;289149	ftp.sra.ebi.ac.uk/vol1/fastq/SRR789/004/SRR7899704/SRR7899704_1.fastq.gz;ftp.sra.ebi.ac.uk/vol1/fastq/SRR789/004/SRR7899704/SRR7899704_2.fastq.gz	eb96ea3aafcf6fc78ada0a19ac9cc88a;9b0be207e2f26b43ac3769472c7f0fb0	Colombia:Huila	2016-06-22			2018-09-26	2018-09-26	non_bacterial_marker	false	ITS/fungal run is outside bacterial 16S scope	https://www.ebi.ac.uk/ena/browser/view/PRJNA492720
pacheco_montealegre_2020_colombia	PRJNA492720	PRJNA492720	SRP162530	SRR7899705	SRX4736986	SAMN10112700	SRS3819050	YeastHuII36z1	MIMS Environmental/Metagenome sample from metagenome	Keywords: GSC:MIxS MIMS:5.0	Illumina MiSeq sequencing: High-Sensitive Detection and Dynamic of Microbiome during Cocoa Bean Fermentation	metagenome	256318	AMPLICON	METAGENOMIC	PCR	PAIRED	ILLUMINA	Illumina MiSeq	2028136	4373	340393;382659	ftp.sra.ebi.ac.uk/vol1/fastq/SRR789/005/SRR7899705/SRR7899705_1.fastq.gz;ftp.sra.ebi.ac.uk/vol1/fastq/SRR789/005/SRR7899705/SRR7899705_2.fastq.gz	a9d2494bb1bc4b6b28c430e5e249607d;6f51ce568eece302681e3fb28218b0b3	Colombia:Huila	2016-06-22			2018-09-26	2018-09-26	non_bacterial_marker	false	ITS/fungal run is outside bacterial 16S scope	https://www.ebi.ac.uk/ena/browser/view/PRJNA492720
pacheco_montealegre_2020_colombia	PRJNA492720	PRJNA492720	SRP162530	SRR7899706	SRX4736985	SAMN10112701	SRS3819048	YeastHuII36z2	MIMS Environmental/Metagenome sample from metagenome	Keywords: GSC:MIxS MIMS:5.0	Illumina MiSeq sequencing: High-Sensitive Detection and Dynamic of Microbiome during Cocoa Bean Fermentation	metagenome	256318	AMPLICON	METAGENOMIC	PCR	PAIRED	ILLUMINA	Illumina MiSeq	3548688	7655	616528;690884	ftp.sra.ebi.ac.uk/vol1/fastq/SRR789/006/SRR7899706/SRR7899706_1.fastq.gz;ftp.sra.ebi.ac.uk/vol1/fastq/SRR789/006/SRR7899706/SRR7899706_2.fastq.gz	28d59c3c7abe4479ab64e4dc70602ffa;32ea54c9b1711d7cd00263b9172a5da1	Colombia:Huila	2016-06-22			2018-09-26	2018-09-26	non_bacterial_marker	false	ITS/fungal run is outside bacterial 16S scope	https://www.ebi.ac.uk/ena/browser/view/PRJNA492720
pacheco_montealegre_2020_colombia	PRJNA492720	PRJNA492720	SRP162530	SRR7899707	SRX4736984	SAMN10112698	SRS3819047	YeastHuII24z1	MIMS Environmental/Metagenome sample from metagenome	Keywords: GSC:MIxS MIMS:5.0	Illumina MiSeq sequencing: High-Sensitive Detection and Dynamic of Microbiome during Cocoa Bean Fermentation	metagenome	256318	AMPLICON	METAGENOMIC	PCR	PAIRED	ILLUMINA	Illumina MiSeq	2172678	4685	345394;417377	ftp.sra.ebi.ac.uk/vol1/fastq/SRR789/007/SRR7899707/SRR7899707_1.fastq.gz;ftp.sra.ebi.ac.uk/vol1/fastq/SRR789/007/SRR7899707/SRR7899707_2.fastq.gz	6017502a7afc846d1b00041c7cf712ae;75eaffb642556cd460911f46b77ff105	Colombia:Huila	2016-06-21			2018-09-26	2018-09-26	non_bacterial_marker	false	ITS/fungal run is outside bacterial 16S scope	https://www.ebi.ac.uk/ena/browser/view/PRJNA492720
pacheco_montealegre_2020_colombia	PRJNA492720	PRJNA492720	SRP162530	SRR7899708	SRX4736983	SAMN10112699	SRS3819046	YeastHuII24z2	MIMS Environmental/Metagenome sample from metagenome	Keywords: GSC:MIxS MIMS:5.0	Illumina MiSeq sequencing: High-Sensitive Detection and Dynamic of Microbiome during Cocoa Bean Fermentation	metagenome	256318	AMPLICON	METAGENOMIC	PCR	PAIRED	ILLUMINA	Illumina MiSeq	1625379	3508	340613;395162	ftp.sra.ebi.ac.uk/vol1/fastq/SRR789/008/SRR7899708/SRR7899708_1.fastq.gz;ftp.sra.ebi.ac.uk/vol1/fastq/SRR789/008/SRR7899708/SRR7899708_2.fastq.gz	fa5353730f38fadb81e92d5ccac1a6c8;4789bd1257d1e807927e896ff3559927	Colombia:Huila	2016-06-21			2018-09-26	2018-09-26	non_bacterial_marker	false	ITS/fungal run is outside bacterial 16S scope	https://www.ebi.ac.uk/ena/browser/view/PRJNA492720
pacheco_montealegre_2020_colombia	PRJNA492720	PRJNA492720	SRP162530	SRR7899709	SRX4736982	SAMN10112514	SRS3819045	BactAnI036z1	MIMS Environmental/Metagenome sample from metagenome	Keywords: GSC:MIxS MIMS:5.0	Illumina MiSeq sequencing: High-Sensitive Detection and Dynamic of Microbiome during Cocoa Bean Fermentation	metagenome	256318	AMPLICON	METAGENOMIC	PCR	PAIRED	ILLUMINA	Illumina MiSeq	14142811	31778	2420466;2637690	ftp.sra.ebi.ac.uk/vol1/fastq/SRR789/009/SRR7899709/SRR7899709_1.fastq.gz;ftp.sra.ebi.ac.uk/vol1/fastq/SRR789/009/SRR7899709/SRR7899709_2.fastq.gz	eb7c2c30e1f3a7630d5758cbdbe9d837;d82ce77178944070b90abb43f39fed5d	Colombia:Antioquia	2016-05-05			2018-09-26	2018-09-26	bacterial_16s_candidate	true		https://www.ebi.ac.uk/ena/browser/view/PRJNA492720
pacheco_montealegre_2020_colombia	PRJNA492720	PRJNA492720	SRP162530	SRR7899710	SRX4736981	SAMN10112719	SRS3819044	YeastAnII48z2	MIMS Environmental/Metagenome sample from metagenome	Keywords: GSC:MIxS MIMS:5.0	Illumina MiSeq sequencing: High-Sensitive Detection and Dynamic of Microbiome during Cocoa Bean Fermentation	metagenome	256318	AMPLICON	METAGENOMIC	PCR	PAIRED	ILLUMINA	Illumina MiSeq	1443906	3113	268909;328221	ftp.sra.ebi.ac.uk/vol1/fastq/SRR789/000/SRR7899710/SRR7899710_1.fastq.gz;ftp.sra.ebi.ac.uk/vol1/fastq/SRR789/000/SRR7899710/SRR7899710_2.fastq.gz	845159491718b5200adfeb43560a7be9;8fff1ea6dc95512fc8686ddcd329ee9c	Colombia:Antioquia	2016-06-08			2018-09-26	2018-09-26	non_bacterial_marker	false	ITS/fungal run is outside bacterial 16S scope	https://www.ebi.ac.uk/ena/browser/view/PRJNA492720
pacheco_montealegre_2020_colombia	PRJNA492720	PRJNA492720	SRP162530	SRR7899711	SRX4736980	SAMN10112726	SRS3819043	YeastAnII96z1	MIMS Environmental/Metagenome sample from metagenome	Keywords: GSC:MIxS MIMS:5.0	Illumina MiSeq sequencing: High-Sensitive Detection and Dynamic of Microbiome during Cocoa Bean Fermentation	metagenome	256318	AMPLICON	METAGENOMIC	PCR	PAIRED	ILLUMINA	Illumina MiSeq	2650411	5717	676026;803255	ftp.sra.ebi.ac.uk/vol1/fastq/SRR789/001/SRR7899711/SRR7899711_1.fastq.gz;ftp.sra.ebi.ac.uk/vol1/fastq/SRR789/001/SRR7899711/SRR7899711_2.fastq.gz	623380767697bbc415cf605be753038e;9a02d4b095e0bbcc7f50b74b6a4be9c7	Colombia:Antioquia	2016-06-10			2018-09-26	2018-09-26	non_bacterial_marker	false	ITS/fungal run is outside bacterial 16S scope	https://www.ebi.ac.uk/ena/browser/view/PRJNA492720
pacheco_montealegre_2020_colombia	PRJNA492720	PRJNA492720	SRP162530	SRR7899712	SRX4736979	SAMN10112706	SRS3819042	YeastHuII84z2	MIMS Environmental/Metagenome sample from metagenome	Keywords: GSC:MIxS MIMS:5.0	Illumina MiSeq sequencing: High-Sensitive Detection and Dynamic of Microbiome during Cocoa Bean Fermentation	metagenome	256318	AMPLICON	METAGENOMIC	PCR	PAIRED	ILLUMINA	Illumina MiSeq	1827715	3947	376318;445906	ftp.sra.ebi.ac.uk/vol1/fastq/SRR789/002/SRR7899712/SRR7899712_1.fastq.gz;ftp.sra.ebi.ac.uk/vol1/fastq/SRR789/002/SRR7899712/SRR7899712_2.fastq.gz	1518fd2f848459c16a398d4ae9f8c691;7733dcff7d61810aaa991eda453a1f26	Colombia:Huila	2016-06-23			2018-09-26	2018-09-26	non_bacterial_marker	false	ITS/fungal run is outside bacterial 16S scope	https://www.ebi.ac.uk/ena/browser/view/PRJNA492720
pacheco_montealegre_2020_colombia	PRJNA492720	PRJNA492720	SRP162530	SRR7899713	SRX4736978	SAMN10112707	SRS3819041	YeastHuII96z2	MIMS Environmental/Metagenome sample from metagenome	Keywords: GSC:MIxS MIMS:5.0	Illumina MiSeq sequencing: High-Sensitive Detection and Dynamic of Microbiome during Cocoa Bean Fermentation	metagenome	256318	AMPLICON	METAGENOMIC	PCR	PAIRED	ILLUMINA	Illumina MiSeq	3541870	7643	736561;1043145	ftp.sra.ebi.ac.uk/vol1/fastq/SRR789/003/SRR7899713/SRR7899713_1.fastq.gz;ftp.sra.ebi.ac.uk/vol1/fastq/SRR789/003/SRR7899713/SRR7899713_2.fastq.gz	e6c728538551b5c5259fa0793ebe8249;29771c51792740df7bf5c85fb8adad9f	Colombia:Huila	2016-06-23			2018-09-26	2018-09-26	non_bacterial_marker	false	ITS/fungal run is outside bacterial 16S scope	https://www.ebi.ac.uk/ena/browser/view/PRJNA492720
pacheco_montealegre_2020_colombia	PRJNA492720	PRJNA492720	SRP162530	SRR7899714	SRX4736977	SAMN10112718	SRS3819040	YeastAnII48z1	MIMS Environmental/Metagenome sample from metagenome	Keywords: GSC:MIxS MIMS:5.0	Illumina MiSeq sequencing: High-Sensitive Detection and Dynamic of Microbiome during Cocoa Bean Fermentation	metagenome	256318	AMPLICON	METAGENOMIC	PCR	PAIRED	ILLUMINA	Illumina MiSeq	3553321	7661	634734;710972	ftp.sra.ebi.ac.uk/vol1/fastq/SRR789/004/SRR7899714/SRR7899714_1.fastq.gz;ftp.sra.ebi.ac.uk/vol1/fastq/SRR789/004/SRR7899714/SRR7899714_2.fastq.gz	ff546fb398fe1709ad856e2235d69cd4;02c725b73473de82680ad7606ccd9461	Colombia:Antioquia	2016-06-08			2018-09-26	2018-09-26	non_bacterial_marker	false	ITS/fungal run is outside bacterial 16S scope	https://www.ebi.ac.uk/ena/browser/view/PRJNA492720
pacheco_montealegre_2020_colombia	PRJNA492720	PRJNA492720	SRP162530	SRR7899715	SRX4736976	SAMN10112566	SRS3819038	BactHuI072z2	MIMS Environmental/Metagenome sample from metagenome	Keywords: GSC:MIxS MIMS:5.0	Illumina MiSeq sequencing: High-Sensitive Detection and Dynamic of Microbiome during Cocoa Bean Fermentation	metagenome	256318	AMPLICON	METAGENOMIC	PCR	PAIRED	ILLUMINA	Illumina MiSeq	10690256	24041	1377373;1851411	ftp.sra.ebi.ac.uk/vol1/fastq/SRR789/005/SRR7899715/SRR7899715_1.fastq.gz;ftp.sra.ebi.ac.uk/vol1/fastq/SRR789/005/SRR7899715/SRR7899715_2.fastq.gz	f91c1c1d62425ecae81c0c76b944cb42;33c2674a41891045e7ae1fa06d20151e	Colombia:Huila	2016-02-18			2018-09-26	2018-09-26	not_verified_16s_subset	false	Run does not match the configured, verified bacterial 16S subset	https://www.ebi.ac.uk/ena/browser/view/PRJNA492720
pacheco_montealegre_2020_colombia	PRJNA492720	PRJNA492720	SRP162530	SRR7899716	SRX4736975	SAMN10112721	SRS3819037	YeastAnII60z2	MIMS Environmental/Metagenome sample from metagenome	Keywords: GSC:MIxS MIMS:5.0	Illumina MiSeq sequencing: High-Sensitive Detection and Dynamic of Microbiome during Cocoa Bean Fermentation	metagenome	256318	AMPLICON	METAGENOMIC	PCR	PAIRED	ILLUMINA	Illumina MiSeq	1321221	2850	339888;368451	ftp.sra.ebi.ac.uk/vol1/fastq/SRR789/006/SRR7899716/SRR7899716_1.fastq.gz;ftp.sra.ebi.ac.uk/vol1/fastq/SRR789/006/SRR7899716/SRR7899716_2.fastq.gz	494f6d32550ed38fbcb9713f2eae6ca6;51cc7068d76477ae6b2b7b4aeeb7a617	Colombia:Antioquia	2016-06-09			2018-09-26	2018-09-26	non_bacterial_marker	false	ITS/fungal run is outside bacterial 16S scope	https://www.ebi.ac.uk/ena/browser/view/PRJNA492720
pacheco_montealegre_2020_colombia	PRJNA492720	PRJNA492720	SRP162530	SRR7899717	SRX4736974	SAMN10112720	SRS3819036	YeastAnII60z1	MIMS Environmental/Metagenome sample from metagenome	Keywords: GSC:MIxS MIMS:5.0	Illumina MiSeq sequencing: High-Sensitive Detection and Dynamic of Microbiome during Cocoa Bean Fermentation	metagenome	256318	AMPLICON	METAGENOMIC	PCR	PAIRED	ILLUMINA	Illumina MiSeq	1118901	2413	257321;277720	ftp.sra.ebi.ac.uk/vol1/fastq/SRR789/007/SRR7899717/SRR7899717_1.fastq.gz;ftp.sra.ebi.ac.uk/vol1/fastq/SRR789/007/SRR7899717/SRR7899717_2.fastq.gz	fa276af3c5440e69b634ce732fea0e71;9817ae0b503ff27e7cfa3e778163f02e	Colombia:Antioquia	2016-06-09			2018-09-26	2018-09-26	non_bacterial_marker	false	ITS/fungal run is outside bacterial 16S scope	https://www.ebi.ac.uk/ena/browser/view/PRJNA492720
pacheco_montealegre_2020_colombia	PRJNA492720	PRJNA492720	SRP162530	SRR7899718	SRX4736973	SAMN10112617	SRS3819035	BactSaII036z2	MIMS Environmental/Metagenome sample from metagenome	Keywords: GSC:MIxS MIMS:5.0	Illumina MiSeq sequencing: High-Sensitive Detection and Dynamic of Microbiome during Cocoa Bean Fermentation	metagenome	256318	AMPLICON	METAGENOMIC	PCR	PAIRED	ILLUMINA	Illumina MiSeq	18164335	40831	3875815;3726984	ftp.sra.ebi.ac.uk/vol1/fastq/SRR789/008/SRR7899718/SRR7899718_1.fastq.gz;ftp.sra.ebi.ac.uk/vol1/fastq/SRR789/008/SRR7899718/SRR7899718_2.fastq.gz	71fec1e454735741398584ed66adf9a5;46d08aa7a7a0cf781f6d7a331dc05f4e	Colombia:Santander	2016-06-08			2018-09-26	2018-09-26	bacterial_16s_candidate	true		https://www.ebi.ac.uk/ena/browser/view/PRJNA492720
pacheco_montealegre_2020_colombia	PRJNA492720	PRJNA492720	SRP162530	SRR7899719	SRX4736972	SAMN10112616	SRS3819034	BactSaII036z1	MIMS Environmental/Metagenome sample from metagenome	Keywords: GSC:MIxS MIMS:5.0	Illumina MiSeq sequencing: High-Sensitive Detection and Dynamic of Microbiome during Cocoa Bean Fermentation	metagenome	256318	AMPLICON	METAGENOMIC	PCR	PAIRED	ILLUMINA	Illumina MiSeq	15857918	35668	3408510;2936844	ftp.sra.ebi.ac.uk/vol1/fastq/SRR789/009/SRR7899719/SRR7899719_1.fastq.gz;ftp.sra.ebi.ac.uk/vol1/fastq/SRR789/009/SRR7899719/SRR7899719_2.fastq.gz	8ad9491558dc48af0ba95a65808e4306;a8a226abfbdc16dc0478682c04a0cacc	Colombia:Santander	2016-06-08			2018-09-26	2018-09-26	bacterial_16s_candidate	true		https://www.ebi.ac.uk/ena/browser/view/PRJNA492720
pacheco_montealegre_2020_colombia	PRJNA492720	PRJNA492720	SRP162530	SRR7899720	SRX4736971	SAMN10112516	SRS3819033	BactAnI048z1	MIMS Environmental/Metagenome sample from metagenome	Keywords: GSC:MIxS MIMS:5.0	Illumina MiSeq sequencing: High-Sensitive Detection and Dynamic of Microbiome during Cocoa Bean Fermentation	metagenome	256318	AMPLICON	METAGENOMIC	PCR	PAIRED	ILLUMINA	Illumina MiSeq	9671601	21753	1738590;1992314	ftp.sra.ebi.ac.uk/vol1/fastq/SRR789/000/SRR7899720/SRR7899720_1.fastq.gz;ftp.sra.ebi.ac.uk/vol1/fastq/SRR789/000/SRR7899720/SRR7899720_2.fastq.gz	777ef6896e4afb95e6e458d6c42a159e;ee01e224480dfbcb3ebfd2197cbcd9ca	Colombia:Antioquia	2016-05-05			2018-09-26	2018-09-26	bacterial_16s_candidate	true		https://www.ebi.ac.uk/ena/browser/view/PRJNA492720
pacheco_montealegre_2020_colombia	PRJNA492720	PRJNA492720	SRP162530	SRR7899721	SRX4736970	SAMN10112517	SRS3819032	BactAnI048z2	MIMS Environmental/Metagenome sample from metagenome	Keywords: GSC:MIxS MIMS:5.0	Illumina MiSeq sequencing: High-Sensitive Detection and Dynamic of Microbiome during Cocoa Bean Fermentation	metagenome	256318	AMPLICON	METAGENOMIC	PCR	PAIRED	ILLUMINA	Illumina MiSeq	2985996	6716	675341;530775	ftp.sra.ebi.ac.uk/vol1/fastq/SRR789/001/SRR7899721/SRR7899721_1.fastq.gz;ftp.sra.ebi.ac.uk/vol1/fastq/SRR789/001/SRR7899721/SRR7899721_2.fastq.gz	a05949d3ece8af934b76d28750d2d8d8;86fe31659bf242ea12c524866308f7c6	Colombia:Antioquia	2016-05-05			2018-09-26	2018-09-26	bacterial_16s_candidate	true		https://www.ebi.ac.uk/ena/browser/view/PRJNA492720
pacheco_montealegre_2020_colombia	PRJNA492720	PRJNA492720	SRP162530	SRR7899722	SRX4736969	SAMN10112613	SRS3819031	BactSaII012z2	MIMS Environmental/Metagenome sample from metagenome	Keywords: GSC:MIxS MIMS:5.0	Illumina MiSeq sequencing: High-Sensitive Detection and Dynamic of Microbiome during Cocoa Bean Fermentation	metagenome	256318	AMPLICON	METAGENOMIC	PCR	PAIRED	ILLUMINA	Illumina MiSeq	19086247	42911	3955039;3989815	ftp.sra.ebi.ac.uk/vol1/fastq/SRR789/002/SRR7899722/SRR7899722_1.fastq.gz;ftp.sra.ebi.ac.uk/vol1/fastq/SRR789/002/SRR7899722/SRR7899722_2.fastq.gz	b8730eac815567a60a351950806fa312;d92b90e8e6e0b87db0bc135199d4bfd8	Colombia:Santander	2016-06-07			2018-09-26	2018-09-26	bacterial_16s_candidate	true		https://www.ebi.ac.uk/ena/browser/view/PRJNA492720
pacheco_montealegre_2020_colombia	PRJNA492720	PRJNA492720	SRP162530	SRR7899723	SRX4736968	SAMN10112612	SRS3819030	BactSaII012z1	MIMS Environmental/Metagenome sample from metagenome	Keywords: GSC:MIxS MIMS:5.0	Illumina MiSeq sequencing: High-Sensitive Detection and Dynamic of Microbiome during Cocoa Bean Fermentation	metagenome	256318	AMPLICON	METAGENOMIC	PCR	PAIRED	ILLUMINA	Illumina MiSeq	27103916	60938	4806371;5198290	ftp.sra.ebi.ac.uk/vol1/fastq/SRR789/003/SRR7899723/SRR7899723_1.fastq.gz;ftp.sra.ebi.ac.uk/vol1/fastq/SRR789/003/SRR7899723/SRR7899723_2.fastq.gz	cb58748b829e130418ecff405341900b;6b2cd3de6d8cf89d684a38ef7d55ff37	Colombia:Santander	2016-06-07			2018-09-26	2018-09-26	bacterial_16s_candidate	true		https://www.ebi.ac.uk/ena/browser/view/PRJNA492720
pacheco_montealegre_2020_colombia	PRJNA492720	PRJNA492720	SRP162530	SRR7899724	SRX4736967	SAMN10112615	SRS3819029	BactSaII024z2	MIMS Environmental/Metagenome sample from metagenome	Keywords: GSC:MIxS MIMS:5.0	Illumina MiSeq sequencing: High-Sensitive Detection and Dynamic of Microbiome during Cocoa Bean Fermentation	metagenome	256318	AMPLICON	METAGENOMIC	PCR	PAIRED	ILLUMINA	Illumina MiSeq	25657035	57680	4342893;4989208	ftp.sra.ebi.ac.uk/vol1/fastq/SRR789/004/SRR7899724/SRR7899724_1.fastq.gz;ftp.sra.ebi.ac.uk/vol1/fastq/SRR789/004/SRR7899724/SRR7899724_2.fastq.gz	6559c352ce488b42c9ec354feb3ce200;1b0c1e71189b2707cd8cc6b2b0e24cd1	Colombia:Santander	2016-06-07			2018-09-26	2018-09-26	bacterial_16s_candidate	true		https://www.ebi.ac.uk/ena/browser/view/PRJNA492720
pacheco_montealegre_2020_colombia	PRJNA492720	PRJNA492720	SRP162530	SRR7899725	SRX4736966	SAMN10112614	SRS3819028	BactSaII024z1	MIMS Environmental/Metagenome sample from metagenome	Keywords: GSC:MIxS MIMS:5.0	Illumina MiSeq sequencing: High-Sensitive Detection and Dynamic of Microbiome during Cocoa Bean Fermentation	metagenome	256318	AMPLICON	METAGENOMIC	PCR	PAIRED	ILLUMINA	Illumina MiSeq	19276860	43337	3178150;3783540	ftp.sra.ebi.ac.uk/vol1/fastq/SRR789/005/SRR7899725/SRR7899725_1.fastq.gz;ftp.sra.ebi.ac.uk/vol1/fastq/SRR789/005/SRR7899725/SRR7899725_2.fastq.gz	b748532fe31be5145684e33f22bb8272;5d385b7741fb74699c4eebc4bed3959e	Colombia:Santander	2016-06-07			2018-09-26	2018-09-26	bacterial_16s_candidate	true		https://www.ebi.ac.uk/ena/browser/view/PRJNA492720
pacheco_montealegre_2020_colombia	PRJNA492720	PRJNA492720	SRP162530	SRR7899726	SRX4736965	SAMN10112609	SRS3819027	BactSaI108z2	MIMS Environmental/Metagenome sample from metagenome	Keywords: GSC:MIxS MIMS:5.0	Illumina MiSeq sequencing: High-Sensitive Detection and Dynamic of Microbiome during Cocoa Bean Fermentation	metagenome	256318	AMPLICON	METAGENOMIC	PCR	PAIRED	ILLUMINA	Illumina MiSeq	8739050	19662	1020284;1485068	ftp.sra.ebi.ac.uk/vol1/fastq/SRR789/006/SRR7899726/SRR7899726_1.fastq.gz;ftp.sra.ebi.ac.uk/vol1/fastq/SRR789/006/SRR7899726/SRR7899726_2.fastq.gz	34b757bb341cdffcc62cea6e164633c9;4fe19a68db2fc143a4e68923180ed6bc	Colombia:Santander	2016-03-16			2018-09-26	2018-09-26	bacterial_16s_candidate	true		https://www.ebi.ac.uk/ena/browser/view/PRJNA492720
pacheco_montealegre_2020_colombia	PRJNA492720	PRJNA492720	SRP162530	SRR7899727	SRX4736964	SAMN10112608	SRS3819026	BactSaI108z1	MIMS Environmental/Metagenome sample from metagenome	Keywords: GSC:MIxS MIMS:5.0	Illumina MiSeq sequencing: High-Sensitive Detection and Dynamic of Microbiome during Cocoa Bean Fermentation	metagenome	256318	AMPLICON	METAGENOMIC	PCR	PAIRED	ILLUMINA	Illumina MiSeq	23997118	53962	2714103;4019462	ftp.sra.ebi.ac.uk/vol1/fastq/SRR789/007/SRR7899727/SRR7899727_1.fastq.gz;ftp.sra.ebi.ac.uk/vol1/fastq/SRR789/007/SRR7899727/SRR7899727_2.fastq.gz	379d6d4610079c2c73f462991e927bb4;351f626bd3acfc4762ef49d6bd6da773	Colombia:Santander	2016-03-16			2018-09-26	2018-09-26	bacterial_16s_candidate	true		https://www.ebi.ac.uk/ena/browser/view/PRJNA492720
pacheco_montealegre_2020_colombia	PRJNA492720	PRJNA492720	SRP162530	SRR7899728	SRX4736963	SAMN10112508	SRS3819025	BactAnI000z1	MIMS Environmental/Metagenome sample from metagenome	Keywords: GSC:MIxS MIMS:5.0	Illumina MiSeq sequencing: High-Sensitive Detection and Dynamic of Microbiome during Cocoa Bean Fermentation	metagenome	256318	AMPLICON	METAGENOMIC	PCR	PAIRED	ILLUMINA	Illumina MiSeq	10496981	23585	1845520;1932166	ftp.sra.ebi.ac.uk/vol1/fastq/SRR789/008/SRR7899728/SRR7899728_1.fastq.gz;ftp.sra.ebi.ac.uk/vol1/fastq/SRR789/008/SRR7899728/SRR7899728_2.fastq.gz	c5b5c24afcf07028d66dff21df81b40a;cde9ece81cc2f9770028b31df491c170	Colombia:Antioquia	2016-05-03			2018-09-26	2018-09-26	bacterial_16s_candidate	true		https://www.ebi.ac.uk/ena/browser/view/PRJNA492720
pacheco_montealegre_2020_colombia	PRJNA492720	PRJNA492720	SRP162530	SRR7899729	SRX4736962	SAMN10112509	SRS3819024	BactAnI000z2	MIMS Environmental/Metagenome sample from metagenome	Keywords: GSC:MIxS MIMS:5.0	Illumina MiSeq sequencing: High-Sensitive Detection and Dynamic of Microbiome during Cocoa Bean Fermentation	metagenome	256318	AMPLICON	METAGENOMIC	PCR	PAIRED	ILLUMINA	Illumina MiSeq	18537107	41651	2907107;3419206	ftp.sra.ebi.ac.uk/vol1/fastq/SRR789/009/SRR7899729/SRR7899729_1.fastq.gz;ftp.sra.ebi.ac.uk/vol1/fastq/SRR789/009/SRR7899729/SRR7899729_2.fastq.gz	748e6a2a092f0f696ef688322b7770c6;b3ab01958584f3cb22ec5001314b980e	Colombia:Antioquia	2016-05-03			2018-09-26	2018-09-26	bacterial_16s_candidate	true		https://www.ebi.ac.uk/ena/browser/view/PRJNA492720
pacheco_montealegre_2020_colombia	PRJNA492720	PRJNA492720	SRP162530	SRR7899730	SRX4736961	SAMN10112596	SRS3819023	BactSaI036z1	MIMS Environmental/Metagenome sample from metagenome	Keywords: GSC:MIxS MIMS:5.0	Illumina MiSeq sequencing: High-Sensitive Detection and Dynamic of Microbiome during Cocoa Bean Fermentation	metagenome	256318	AMPLICON	METAGENOMIC	PCR	PAIRED	ILLUMINA	Illumina MiSeq	2478299	6207	156355;599377;483713	ftp.sra.ebi.ac.uk/vol1/fastq/SRR789/000/SRR7899730/SRR7899730.fastq.gz;ftp.sra.ebi.ac.uk/vol1/fastq/SRR789/000/SRR7899730/SRR7899730_1.fastq.gz;ftp.sra.ebi.ac.uk/vol1/fastq/SRR789/000/SRR7899730/SRR7899730_2.fastq.gz	bcf982472a0db70a6e4ffb6296c4f560;3f0ca5573b69def7721517cf34448369;fc3a9b7a774cf357debf3829c129da26	Colombia:Santander	2016-03-12			2018-09-27	2018-09-27	bacterial_16s_candidate	true		https://www.ebi.ac.uk/ena/browser/view/PRJNA492720
pacheco_montealegre_2020_colombia	PRJNA492720	PRJNA492720	SRP162530	SRR7899731	SRX4736960	SAMN10112727	SRS3819022	YeastAnII96z2	MIMS Environmental/Metagenome sample from metagenome	Keywords: GSC:MIxS MIMS:5.0	Illumina MiSeq sequencing: High-Sensitive Detection and Dynamic of Microbiome during Cocoa Bean Fermentation	metagenome	256318	AMPLICON	METAGENOMIC	PCR	PAIRED	ILLUMINA	Illumina MiSeq	2646617	5709	696282;828019	ftp.sra.ebi.ac.uk/vol1/fastq/SRR789/001/SRR7899731/SRR7899731_1.fastq.gz;ftp.sra.ebi.ac.uk/vol1/fastq/SRR789/001/SRR7899731/SRR7899731_2.fastq.gz	da5ee2316f79821ef79b12c8e49050b4;b1dec6b3831a51ef69d14f9005923ac4	Colombia:Antioquia	2016-06-10			2018-09-26	2018-09-26	non_bacterial_marker	false	ITS/fungal run is outside bacterial 16S scope	https://www.ebi.ac.uk/ena/browser/view/PRJNA492720
pacheco_montealegre_2020_colombia	PRJNA492720	PRJNA492720	SRP162530	SRR7899732	SRX4736959	SAMN10112693	SRS3819021	YeastSaI108z1	MIMS Environmental/Metagenome sample from metagenome	Keywords: GSC:MIxS MIMS:5.0	Illumina MiSeq sequencing: High-Sensitive Detection and Dynamic of Microbiome during Cocoa Bean Fermentation	metagenome	256318	AMPLICON	METAGENOMIC	PCR	PAIRED	ILLUMINA	Illumina MiSeq	1780440	3845	449025;471970	ftp.sra.ebi.ac.uk/vol1/fastq/SRR789/002/SRR7899732/SRR7899732_1.fastq.gz;ftp.sra.ebi.ac.uk/vol1/fastq/SRR789/002/SRR7899732/SRR7899732_2.fastq.gz	e2c47c858944df2e99992d2ebedd1dc9;e5e24cb78edf3084985e616bf35d5f05	Colombia:Santander	2016-03-16			2018-09-26	2018-09-26	non_bacterial_marker	false	ITS/fungal run is outside bacterial 16S scope	https://www.ebi.ac.uk/ena/browser/view/PRJNA492720
pacheco_montealegre_2020_colombia	PRJNA492720	PRJNA492720	SRP162530	SRR7899733	SRX4736958	SAMN10112692	SRS3819020	YeastSaI96z2	MIMS Environmental/Metagenome sample from metagenome	Keywords: GSC:MIxS MIMS:5.0	Illumina MiSeq sequencing: High-Sensitive Detection and Dynamic of Microbiome during Cocoa Bean Fermentation	metagenome	256318	AMPLICON	METAGENOMIC	PCR	PAIRED	ILLUMINA	Illumina MiSeq	3500638	7557	888726;1063027	ftp.sra.ebi.ac.uk/vol1/fastq/SRR789/003/SRR7899733/SRR7899733_1.fastq.gz;ftp.sra.ebi.ac.uk/vol1/fastq/SRR789/003/SRR7899733/SRR7899733_2.fastq.gz	695d6f3f14944b552a7e5446a0a2e0d5;7ef591d33fcbe74e5fa4e2eab92793d4	Colombia:Santander	2016-03-15			2018-09-26	2018-09-26	non_bacterial_marker	false	ITS/fungal run is outside bacterial 16S scope	https://www.ebi.ac.uk/ena/browser/view/PRJNA492720
pacheco_montealegre_2020_colombia	PRJNA492720	PRJNA492720	SRP162530	SRR7899734	SRX4736957	SAMN10112695	SRS3819019	YeastHuII00z1	MIMS Environmental/Metagenome sample from metagenome	Keywords: GSC:MIxS MIMS:5.0	Illumina MiSeq sequencing: High-Sensitive Detection and Dynamic of Microbiome during Cocoa Bean Fermentation	metagenome	256318	AMPLICON	METAGENOMIC	PCR	PAIRED	ILLUMINA	Illumina MiSeq	1200912	2590	216638;259403	ftp.sra.ebi.ac.uk/vol1/fastq/SRR789/004/SRR7899734/SRR7899734_1.fastq.gz;ftp.sra.ebi.ac.uk/vol1/fastq/SRR789/004/SRR7899734/SRR7899734_2.fastq.gz	0be275a1007b423117f29d10461fc319;01cd822a3e54493d87886536f33a783d	Colombia:Huila	2016-06-20			2018-09-26	2018-09-26	non_bacterial_marker	false	ITS/fungal run is outside bacterial 16S scope	https://www.ebi.ac.uk/ena/browser/view/PRJNA492720
pacheco_montealegre_2020_colombia	PRJNA492720	PRJNA492720	SRP162530	SRR7899735	SRX4736956	SAMN10112694	SRS3819018	YeastSaI108z2	MIMS Environmental/Metagenome sample from metagenome	Keywords: GSC:MIxS MIMS:5.0	Illumina MiSeq sequencing: High-Sensitive Detection and Dynamic of Microbiome during Cocoa Bean Fermentation	metagenome	256318	AMPLICON	METAGENOMIC	PCR	PAIRED	ILLUMINA	Illumina MiSeq	3708	8	1391;1360	ftp.sra.ebi.ac.uk/vol1/fastq/SRR789/005/SRR7899735/SRR7899735_1.fastq.gz;ftp.sra.ebi.ac.uk/vol1/fastq/SRR789/005/SRR7899735/SRR7899735_2.fastq.gz	e0ecd92421832e8317d2760c3ab87121;5e0f997cfa2971f379996da5243afa18	Colombia:Santander	2016-03-16			2018-09-26	2018-09-26	non_bacterial_marker	false	ITS/fungal run is outside bacterial 16S scope	https://www.ebi.ac.uk/ena/browser/view/PRJNA492720
pacheco_montealegre_2020_colombia	PRJNA492720	PRJNA492720	SRP162530	SRR7899736	SRX4736955	SAMN10112689	SRS3819017	YeastSaI84z1	MIMS Environmental/Metagenome sample from metagenome	Keywords: GSC:MIxS MIMS:5.0	Illumina MiSeq sequencing: High-Sensitive Detection and Dynamic of Microbiome during Cocoa Bean Fermentation	metagenome	256318	AMPLICON	METAGENOMIC	PCR	PAIRED	ILLUMINA	Illumina MiSeq	2466406	5325	584096;722482	ftp.sra.ebi.ac.uk/vol1/fastq/SRR789/006/SRR7899736/SRR7899736_1.fastq.gz;ftp.sra.ebi.ac.uk/vol1/fastq/SRR789/006/SRR7899736/SRR7899736_2.fastq.gz	09503228d9bf84d94840d3a55cbb37a7;dd8d6e7adf8796e68e6cd69e3e9b1a17	Colombia:Santander	2016-03-14			2018-09-26	2018-09-26	non_bacterial_marker	false	ITS/fungal run is outside bacterial 16S scope	https://www.ebi.ac.uk/ena/browser/view/PRJNA492720
pacheco_montealegre_2020_colombia	PRJNA492720	PRJNA492720	SRP162530	SRR7899737	SRX4736954	SAMN10112688	SRS3819016	YeastSaI72z2	MIMS Environmental/Metagenome sample from metagenome	Keywords: GSC:MIxS MIMS:5.0	Illumina MiSeq sequencing: High-Sensitive Detection and Dynamic of Microbiome during Cocoa Bean Fermentation	metagenome	256318	AMPLICON	METAGENOMIC	PCR	PAIRED	ILLUMINA	Illumina MiSeq	1667905	3601	416361;510586	ftp.sra.ebi.ac.uk/vol1/fastq/SRR789/007/SRR7899737/SRR7899737_1.fastq.gz;ftp.sra.ebi.ac.uk/vol1/fastq/SRR789/007/SRR7899737/SRR7899737_2.fastq.gz	9ac6f2e79c4fc5084d26d7f1eaca1060;e6da8c136f72559d9b5ce78552208a5a	Colombia:Santander	2016-03-13			2018-09-26	2018-09-26	non_bacterial_marker	false	ITS/fungal run is outside bacterial 16S scope	https://www.ebi.ac.uk/ena/browser/view/PRJNA492720
pacheco_montealegre_2020_colombia	PRJNA492720	PRJNA492720	SRP162530	SRR7899738	SRX4736953	SAMN10112691	SRS3819015	YeastSaI96z1	MIMS Environmental/Metagenome sample from metagenome	Keywords: GSC:MIxS MIMS:5.0	Illumina MiSeq sequencing: High-Sensitive Detection and Dynamic of Microbiome during Cocoa Bean Fermentation	metagenome	256318	AMPLICON	METAGENOMIC	PCR	PAIRED	ILLUMINA	Illumina MiSeq	6807427	14689	1744005;2172947	ftp.sra.ebi.ac.uk/vol1/fastq/SRR789/008/SRR7899738/SRR7899738_1.fastq.gz;ftp.sra.ebi.ac.uk/vol1/fastq/SRR789/008/SRR7899738/SRR7899738_2.fastq.gz	6a7f89569003c42b6c26dc6ddd14f17a;9726f837c3502e5404ae31ddc2f06226	Colombia:Santander	2016-03-15			2018-09-26	2018-09-26	non_bacterial_marker	false	ITS/fungal run is outside bacterial 16S scope	https://www.ebi.ac.uk/ena/browser/view/PRJNA492720
pacheco_montealegre_2020_colombia	PRJNA492720	PRJNA492720	SRP162530	SRR7899739	SRX4736952	SAMN10112690	SRS3819014	YeastSaI84z2	MIMS Environmental/Metagenome sample from metagenome	Keywords: GSC:MIxS MIMS:5.0	Illumina MiSeq sequencing: High-Sensitive Detection and Dynamic of Microbiome during Cocoa Bean Fermentation	metagenome	256318	AMPLICON	METAGENOMIC	PCR	PAIRED	ILLUMINA	Illumina MiSeq	1574543	3402	387657;449490	ftp.sra.ebi.ac.uk/vol1/fastq/SRR789/009/SRR7899739/SRR7899739_1.fastq.gz;ftp.sra.ebi.ac.uk/vol1/fastq/SRR789/009/SRR7899739/SRR7899739_2.fastq.gz	a504882a894f776b7c7e0fde7605671b;41bec2a3507c500851b5abc5724df08d	Colombia:Santander	2016-03-14			2018-09-26	2018-09-26	non_bacterial_marker	false	ITS/fungal run is outside bacterial 16S scope	https://www.ebi.ac.uk/ena/browser/view/PRJNA492720
pacheco_montealegre_2020_colombia	PRJNA492720	PRJNA492720	SRP162530	SRR7899740	SRX4736951	SAMN10112780	SRS3819012	BactSaImac	MIMS Environmental/Metagenome sample from metagenome	Keywords: GSC:MIxS MIMS:5.0	Illumina MiSeq sequencing: High-Sensitive Detection and Dynamic of Microbiome during Cocoa Bean Fermentation	metagenome	256318	AMPLICON	METAGENOMIC	PCR	PAIRED	ILLUMINA	Illumina MiSeq	10031112	22556	1111192;1640387	ftp.sra.ebi.ac.uk/vol1/fastq/SRR789/000/SRR7899740/SRR7899740_1.fastq.gz;ftp.sra.ebi.ac.uk/vol1/fastq/SRR789/000/SRR7899740/SRR7899740_2.fastq.gz	3f5bb116ac6c7f4c8b1e46c8590eb11d;12a51bc97e03414b0924faa716d84957	Colombia:Santander	2016-03-12			2018-09-26	2018-09-26	not_verified_16s_subset	false	Run does not match the configured, verified bacterial 16S subset	https://www.ebi.ac.uk/ena/browser/view/PRJNA492720
pacheco_montealegre_2020_colombia	PRJNA492720	PRJNA492720	SRP162530	SRR7899741	SRX4736950	SAMN10112781	SRS3819013	BactSaIhor	MIMS Environmental/Metagenome sample from metagenome	Keywords: GSC:MIxS MIMS:5.0	Illumina MiSeq sequencing: High-Sensitive Detection and Dynamic of Microbiome during Cocoa Bean Fermentation	metagenome	256318	AMPLICON	METAGENOMIC	PCR	PAIRED	ILLUMINA	Illumina MiSeq	11004274	24726	1476380;2011056	ftp.sra.ebi.ac.uk/vol1/fastq/SRR789/001/SRR7899741/SRR7899741_1.fastq.gz;ftp.sra.ebi.ac.uk/vol1/fastq/SRR789/001/SRR7899741/SRR7899741_2.fastq.gz	559581fd7d5f9d8f61a3539100f8727f;ae67ac2b69e7096ebf365dfcba1a986e	Colombia:Santander	2016-03-12			2018-09-26	2018-09-26	not_verified_16s_subset	false	Run does not match the configured, verified bacterial 16S subset	https://www.ebi.ac.uk/ena/browser/view/PRJNA492720
pacheco_montealegre_2020_colombia	PRJNA492720	PRJNA492720	SRP162530	SRR7899742	SRX4736949	SAMN10112697	SRS3819011	YeastHuII12z2	MIMS Environmental/Metagenome sample from metagenome	Keywords: GSC:MIxS MIMS:5.0	Illumina MiSeq sequencing: High-Sensitive Detection and Dynamic of Microbiome during Cocoa Bean Fermentation	metagenome	256318	AMPLICON	METAGENOMIC	PCR	PAIRED	ILLUMINA	Illumina MiSeq	3536346	7624	579201;653773	ftp.sra.ebi.ac.uk/vol1/fastq/SRR789/002/SRR7899742/SRR7899742_1.fastq.gz;ftp.sra.ebi.ac.uk/vol1/fastq/SRR789/002/SRR7899742/SRR7899742_2.fastq.gz	d04a4a1a11c75f9ec101aa222beaf5af;6cb19241d00ba3b3b8e610b0a991c85b	Colombia:Huila	2016-06-21			2018-09-26	2018-09-26	non_bacterial_marker	false	ITS/fungal run is outside bacterial 16S scope	https://www.ebi.ac.uk/ena/browser/view/PRJNA492720
pacheco_montealegre_2020_colombia	PRJNA492720	PRJNA492720	SRP162530	SRR7899743	SRX4736948	SAMN10112696	SRS3819110	YeastHuII12z1	MIMS Environmental/Metagenome sample from metagenome	Keywords: GSC:MIxS MIMS:5.0	Illumina MiSeq sequencing: High-Sensitive Detection and Dynamic of Microbiome during Cocoa Bean Fermentation	metagenome	256318	AMPLICON	METAGENOMIC	PCR	PAIRED	ILLUMINA	Illumina MiSeq	1201885	2591	196504;221617	ftp.sra.ebi.ac.uk/vol1/fastq/SRR789/003/SRR7899743/SRR7899743_1.fastq.gz;ftp.sra.ebi.ac.uk/vol1/fastq/SRR789/003/SRR7899743/SRR7899743_2.fastq.gz	49e415809b42fa598185b13428258abe;7e8602b0534cc1340dd1b8c4efd10924	Colombia:Huila	2016-06-21			2018-09-26	2018-09-26	non_bacterial_marker	false	ITS/fungal run is outside bacterial 16S scope	https://www.ebi.ac.uk/ena/browser/view/PRJNA492720
pacheco_montealegre_2020_colombia	PRJNA492720	PRJNA492720	SRP162530	SRR7899744	SRX4736947	SAMN10112595	SRS3819010	BactSaI024z2	MIMS Environmental/Metagenome sample from metagenome	Keywords: GSC:MIxS MIMS:5.0	Illumina MiSeq sequencing: High-Sensitive Detection and Dynamic of Microbiome during Cocoa Bean Fermentation	metagenome	256318	AMPLICON	METAGENOMIC	PCR	PAIRED	ILLUMINA	Illumina MiSeq	15483027	34815	2199123;2823145	ftp.sra.ebi.ac.uk/vol1/fastq/SRR789/004/SRR7899744/SRR7899744_1.fastq.gz;ftp.sra.ebi.ac.uk/vol1/fastq/SRR789/004/SRR7899744/SRR7899744_2.fastq.gz	b2009acc24ee7c3a177e0776187ef0f7;e1dac3bd59261e77bb55a2221e201c86	Colombia:Santander	2016-03-11			2018-09-26	2018-09-26	bacterial_16s_candidate	true		https://www.ebi.ac.uk/ena/browser/view/PRJNA492720
pacheco_montealegre_2020_colombia	PRJNA492720	PRJNA492720	SRP162530	SRR7899745	SRX4736946	SAMN10112594	SRS3819008	BactSaI024z1	MIMS Environmental/Metagenome sample from metagenome	Keywords: GSC:MIxS MIMS:5.0	Illumina MiSeq sequencing: High-Sensitive Detection and Dynamic of Microbiome during Cocoa Bean Fermentation	metagenome	256318	AMPLICON	METAGENOMIC	PCR	PAIRED	ILLUMINA	Illumina MiSeq	11178213	25127	1677370;2187023	ftp.sra.ebi.ac.uk/vol1/fastq/SRR789/005/SRR7899745/SRR7899745_1.fastq.gz;ftp.sra.ebi.ac.uk/vol1/fastq/SRR789/005/SRR7899745/SRR7899745_2.fastq.gz	e1c5b6b6128485e9613f33f7f208bf70;14a4dc5f4c8f75e0f65981cbb22bb067	Colombia:Santander	2016-03-11			2018-09-26	2018-09-26	bacterial_16s_candidate	true		https://www.ebi.ac.uk/ena/browser/view/PRJNA492720
pacheco_montealegre_2020_colombia	PRJNA492720	PRJNA492720	SRP162530	SRR7899746	SRX4736945	SAMN10112725	SRS3819007	YeastAnII84z2	MIMS Environmental/Metagenome sample from metagenome	Keywords: GSC:MIxS MIMS:5.0	Illumina MiSeq sequencing: High-Sensitive Detection and Dynamic of Microbiome during Cocoa Bean Fermentation	metagenome	256318	AMPLICON	METAGENOMIC	PCR	PAIRED	ILLUMINA	Illumina MiSeq	1824287	3934	399413;453967	ftp.sra.ebi.ac.uk/vol1/fastq/SRR789/006/SRR7899746/SRR7899746_1.fastq.gz;ftp.sra.ebi.ac.uk/vol1/fastq/SRR789/006/SRR7899746/SRR7899746_2.fastq.gz	4be628147d5fe1972249a2eb7ec1ccde;0276ed46485221daf8e1fd7fa1dc0d93	Colombia:Antioquia	2016-06-10			2018-09-26	2018-09-26	non_bacterial_marker	false	ITS/fungal run is outside bacterial 16S scope	https://www.ebi.ac.uk/ena/browser/view/PRJNA492720
pacheco_montealegre_2020_colombia	PRJNA492720	PRJNA492720	SRP162530	SRR7899747	SRX4736944	SAMN10112686	SRS3819009	YeastSaI60z2	MIMS Environmental/Metagenome sample from metagenome	Keywords: GSC:MIxS MIMS:5.0	Illumina MiSeq sequencing: High-Sensitive Detection and Dynamic of Microbiome during Cocoa Bean Fermentation	metagenome	256318	AMPLICON	METAGENOMIC	PCR	PAIRED	ILLUMINA	Illumina MiSeq	1875883	4052	418345;510982	ftp.sra.ebi.ac.uk/vol1/fastq/SRR789/007/SRR7899747/SRR7899747_1.fastq.gz;ftp.sra.ebi.ac.uk/vol1/fastq/SRR789/007/SRR7899747/SRR7899747_2.fastq.gz	2f567a8129fd6d26270ca6b710cff0b5;fa91ae97767f126a5bd733af6f430ce6	Colombia:Santander	2016-03-13			2018-09-26	2018-09-26	non_bacterial_marker	false	ITS/fungal run is outside bacterial 16S scope	https://www.ebi.ac.uk/ena/browser/view/PRJNA492720
pacheco_montealegre_2020_colombia	PRJNA492720	PRJNA492720	SRP162530	SRR7899748	SRX4736943	SAMN10112687	SRS3819006	YeastSaI72z1	MIMS Environmental/Metagenome sample from metagenome	Keywords: GSC:MIxS MIMS:5.0	Illumina MiSeq sequencing: High-Sensitive Detection and Dynamic of Microbiome during Cocoa Bean Fermentation	metagenome	256318	AMPLICON	METAGENOMIC	PCR	PAIRED	ILLUMINA	Illumina MiSeq	4295536	9274	1084238;1300969	ftp.sra.ebi.ac.uk/vol1/fastq/SRR789/008/SRR7899748/SRR7899748_1.fastq.gz;ftp.sra.ebi.ac.uk/vol1/fastq/SRR789/008/SRR7899748/SRR7899748_2.fastq.gz	64162a6958b9eee1f18bd2fe5745ac7f;04b14c1b883b5f48297f58765032a89b	Colombia:Santander	2016-03-13			2018-09-26	2018-09-26	non_bacterial_marker	false	ITS/fungal run is outside bacterial 16S scope	https://www.ebi.ac.uk/ena/browser/view/PRJNA492720
pacheco_montealegre_2020_colombia	PRJNA492720	PRJNA492720	SRP162530	SRR7899749	SRX4736942	SAMN10112678	SRS3819005	YeastSaI12z2	MIMS Environmental/Metagenome sample from metagenome	Keywords: GSC:MIxS MIMS:5.0	Illumina MiSeq sequencing: High-Sensitive Detection and Dynamic of Microbiome during Cocoa Bean Fermentation	metagenome	256318	AMPLICON	METAGENOMIC	PCR	PAIRED	ILLUMINA	Illumina MiSeq	1107230	2387	216210;242204	ftp.sra.ebi.ac.uk/vol1/fastq/SRR789/009/SRR7899749/SRR7899749_1.fastq.gz;ftp.sra.ebi.ac.uk/vol1/fastq/SRR789/009/SRR7899749/SRR7899749_2.fastq.gz	2065b8b0ba1ebff75f6481d483403fb6;bc5b340c2780cd72fd757518b1d66ff7	Colombia:Santander	2016-03-11			2018-09-26	2018-09-26	non_bacterial_marker	false	ITS/fungal run is outside bacterial 16S scope	https://www.ebi.ac.uk/ena/browser/view/PRJNA492720
pacheco_montealegre_2020_colombia	PRJNA492720	PRJNA492720	SRP162530	SRR7899750	SRX4736941	SAMN10112679	SRS3819004	YeastSaI24z1	MIMS Environmental/Metagenome sample from metagenome	Keywords: GSC:MIxS MIMS:5.0	Illumina MiSeq sequencing: High-Sensitive Detection and Dynamic of Microbiome during Cocoa Bean Fermentation	metagenome	256318	AMPLICON	METAGENOMIC	PCR	PAIRED	ILLUMINA	Illumina MiSeq	1497114	3227	242001;307400	ftp.sra.ebi.ac.uk/vol1/fastq/SRR789/000/SRR7899750/SRR7899750_1.fastq.gz;ftp.sra.ebi.ac.uk/vol1/fastq/SRR789/000/SRR7899750/SRR7899750_2.fastq.gz	d98e53635906637a830f9432283e3d38;53c4da05ee287e85d8fc0cedf57b3f63	Colombia:Santander	2016-03-11			2018-09-26	2018-09-26	non_bacterial_marker	false	ITS/fungal run is outside bacterial 16S scope	https://www.ebi.ac.uk/ena/browser/view/PRJNA492720
pacheco_montealegre_2020_colombia	PRJNA492720	PRJNA492720	SRP162530	SRR7899751	SRX4736940	SAMN10112680	SRS3819003	YeastSaI24z2	MIMS Environmental/Metagenome sample from metagenome	Keywords: GSC:MIxS MIMS:5.0	Illumina MiSeq sequencing: High-Sensitive Detection and Dynamic of Microbiome during Cocoa Bean Fermentation	metagenome	256318	AMPLICON	METAGENOMIC	PCR	PAIRED	ILLUMINA	Illumina MiSeq	1335549	2879	240941;271584	ftp.sra.ebi.ac.uk/vol1/fastq/SRR789/001/SRR7899751/SRR7899751_1.fastq.gz;ftp.sra.ebi.ac.uk/vol1/fastq/SRR789/001/SRR7899751/SRR7899751_2.fastq.gz	7ef0462e54c2c5715bb79925907df76b;7bdfd8c3d85ad5198ae8cc5d2e4e9a3c	Colombia:Santander	2016-03-11			2018-09-26	2018-09-26	non_bacterial_marker	false	ITS/fungal run is outside bacterial 16S scope	https://www.ebi.ac.uk/ena/browser/view/PRJNA492720
pacheco_montealegre_2020_colombia	PRJNA492720	PRJNA492720	SRP162530	SRR7899752	SRX4736939	SAMN10112681	SRS3819002	YeastSaI36z1	MIMS Environmental/Metagenome sample from metagenome	Keywords: GSC:MIxS MIMS:5.0	Illumina MiSeq sequencing: High-Sensitive Detection and Dynamic of Microbiome during Cocoa Bean Fermentation	metagenome	256318	AMPLICON	METAGENOMIC	PCR	PAIRED	ILLUMINA	Illumina MiSeq	735496	1653	16851;145597;163981	ftp.sra.ebi.ac.uk/vol1/fastq/SRR789/002/SRR7899752/SRR7899752.fastq.gz;ftp.sra.ebi.ac.uk/vol1/fastq/SRR789/002/SRR7899752/SRR7899752_1.fastq.gz;ftp.sra.ebi.ac.uk/vol1/fastq/SRR789/002/SRR7899752/SRR7899752_2.fastq.gz	07824c9e5b8b81cb803b62d787089ec2;0f30880e7d073c90026d3034baeee501;95200618e03d577da2920a8abe97a6cb	Colombia:Santander	2016-03-12			2018-09-27	2018-09-27	non_bacterial_marker	false	ITS/fungal run is outside bacterial 16S scope	https://www.ebi.ac.uk/ena/browser/view/PRJNA492720
pacheco_montealegre_2020_colombia	PRJNA492720	PRJNA492720	SRP162530	SRR7899753	SRX4736938	SAMN10112682	SRS3819001	YeastSaI36z2	MIMS Environmental/Metagenome sample from metagenome	Keywords: GSC:MIxS MIMS:5.0	Illumina MiSeq sequencing: High-Sensitive Detection and Dynamic of Microbiome during Cocoa Bean Fermentation	metagenome	256318	AMPLICON	METAGENOMIC	PCR	PAIRED	ILLUMINA	Illumina MiSeq	1054872	2275	208972;237712	ftp.sra.ebi.ac.uk/vol1/fastq/SRR789/003/SRR7899753/SRR7899753_1.fastq.gz;ftp.sra.ebi.ac.uk/vol1/fastq/SRR789/003/SRR7899753/SRR7899753_2.fastq.gz	670b5890edf84e5a05c285968a2ae47f;2bf5b6ab439b646af21db3a05fedf57e	Colombia:Santander	2016-03-12			2018-09-26	2018-09-26	non_bacterial_marker	false	ITS/fungal run is outside bacterial 16S scope	https://www.ebi.ac.uk/ena/browser/view/PRJNA492720
pacheco_montealegre_2020_colombia	PRJNA492720	PRJNA492720	SRP162530	SRR7899754	SRX4736937	SAMN10112683	SRS3819000	YeastSaI48z1	MIMS Environmental/Metagenome sample from metagenome	Keywords: GSC:MIxS MIMS:5.0	Illumina MiSeq sequencing: High-Sensitive Detection and Dynamic of Microbiome during Cocoa Bean Fermentation	metagenome	256318	AMPLICON	METAGENOMIC	PCR	PAIRED	ILLUMINA	Illumina MiSeq	1372820	2962	304172;364250	ftp.sra.ebi.ac.uk/vol1/fastq/SRR789/004/SRR7899754/SRR7899754_1.fastq.gz;ftp.sra.ebi.ac.uk/vol1/fastq/SRR789/004/SRR7899754/SRR7899754_2.fastq.gz	8318d4eb73eb2b5ac89c584fb4c8bc46;298fd1de31db892be7cd41ac9b15b1e4	Colombia:Santander	2016-03-12			2018-09-26	2018-09-26	non_bacterial_marker	false	ITS/fungal run is outside bacterial 16S scope	https://www.ebi.ac.uk/ena/browser/view/PRJNA492720
pacheco_montealegre_2020_colombia	PRJNA492720	PRJNA492720	SRP162530	SRR7899755	SRX4736936	SAMN10112684	SRS3818999	YeastSaI48z2	MIMS Environmental/Metagenome sample from metagenome	Keywords: GSC:MIxS MIMS:5.0	Illumina MiSeq sequencing: High-Sensitive Detection and Dynamic of Microbiome during Cocoa Bean Fermentation	metagenome	256318	AMPLICON	METAGENOMIC	PCR	PAIRED	ILLUMINA	Illumina MiSeq	1642918	3543	351455;401587	ftp.sra.ebi.ac.uk/vol1/fastq/SRR789/005/SRR7899755/SRR7899755_1.fastq.gz;ftp.sra.ebi.ac.uk/vol1/fastq/SRR789/005/SRR7899755/SRR7899755_2.fastq.gz	c87cae8b65ecf2ec231a6ac100b38c96;07f7e8996977d48e88402a4678108930	Colombia:Santander	2016-03-12			2018-09-26	2018-09-26	non_bacterial_marker	false	ITS/fungal run is outside bacterial 16S scope	https://www.ebi.ac.uk/ena/browser/view/PRJNA492720
pacheco_montealegre_2020_colombia	PRJNA492720	PRJNA492720	SRP162530	SRR7899756	SRX4736935	SAMN10112685	SRS3818998	YeastSaI60z1	MIMS Environmental/Metagenome sample from metagenome	Keywords: GSC:MIxS MIMS:5.0	Illumina MiSeq sequencing: High-Sensitive Detection and Dynamic of Microbiome during Cocoa Bean Fermentation	metagenome	256318	AMPLICON	METAGENOMIC	PCR	PAIRED	ILLUMINA	Illumina MiSeq	2263511	4888	535490;616502	ftp.sra.ebi.ac.uk/vol1/fastq/SRR789/006/SRR7899756/SRR7899756_1.fastq.gz;ftp.sra.ebi.ac.uk/vol1/fastq/SRR789/006/SRR7899756/SRR7899756_2.fastq.gz	189221fe3b5ee35d53fce602f96999ab;2ddf8de2f6d2ad685f030d87fc715e94	Colombia:Santander	2016-03-13			2018-09-26	2018-09-26	non_bacterial_marker	false	ITS/fungal run is outside bacterial 16S scope	https://www.ebi.ac.uk/ena/browser/view/PRJNA492720
pacheco_montealegre_2020_colombia	PRJNA492720	PRJNA492720	SRP162530	SRR7899757	SRX4736934	SAMN10112791	SRS3818997	YeastAnIcajF	MIMS Environmental/Metagenome sample from metagenome	Keywords: GSC:MIxS MIMS:5.0	Illumina MiSeq sequencing: High-Sensitive Detection and Dynamic of Microbiome during Cocoa Bean Fermentation	metagenome	256318	AMPLICON	METAGENOMIC	PCR	PAIRED	ILLUMINA	Illumina MiSeq	838217	1809	202370;231517	ftp.sra.ebi.ac.uk/vol1/fastq/SRR789/007/SRR7899757/SRR7899757_1.fastq.gz;ftp.sra.ebi.ac.uk/vol1/fastq/SRR789/007/SRR7899757/SRR7899757_2.fastq.gz	2cadd5de43d657e4c9ee9937696cb764;a03e04a50de53ddf18c7087633cbd6a4	Colombia:Antioquia	2016-05-03			2018-09-26	2018-09-26	non_bacterial_marker	false	ITS/fungal run is outside bacterial 16S scope	https://www.ebi.ac.uk/ena/browser/view/PRJNA492720
pacheco_montealegre_2020_colombia	PRJNA492720	PRJNA492720	SRP162530	SRR7899758	SRX4736933	SAMN10112790	SRS3818996	YeastAnIguaD	MIMS Environmental/Metagenome sample from metagenome	Keywords: GSC:MIxS MIMS:5.0	Illumina MiSeq sequencing: High-Sensitive Detection and Dynamic of Microbiome during Cocoa Bean Fermentation	metagenome	256318	AMPLICON	METAGENOMIC	PCR	PAIRED	ILLUMINA	Illumina MiSeq	1080028	2328	174331;203308	ftp.sra.ebi.ac.uk/vol1/fastq/SRR789/008/SRR7899758/SRR7899758_1.fastq.gz;ftp.sra.ebi.ac.uk/vol1/fastq/SRR789/008/SRR7899758/SRR7899758_2.fastq.gz	26516fffb044b6bbff63f10eaad0d626;be620353fec6da91c5b5033da89a9ea0	Colombia:Antioquia	2016-05-03			2018-09-26	2018-09-26	non_bacterial_marker	false	ITS/fungal run is outside bacterial 16S scope	https://www.ebi.ac.uk/ena/browser/view/PRJNA492720
pacheco_montealegre_2020_colombia	PRJNA492720	PRJNA492720	SRP162530	SRR7899759	SRX4736932	SAMN10112789	SRS3818995	YeastAnIpalV	MIMS Environmental/Metagenome sample from metagenome	Keywords: GSC:MIxS MIMS:5.0	Illumina MiSeq sequencing: High-Sensitive Detection and Dynamic of Microbiome during Cocoa Bean Fermentation	metagenome	256318	AMPLICON	METAGENOMIC	PCR	PAIRED	ILLUMINA	Illumina MiSeq	2449772	5287	650793;703331	ftp.sra.ebi.ac.uk/vol1/fastq/SRR789/009/SRR7899759/SRR7899759_1.fastq.gz;ftp.sra.ebi.ac.uk/vol1/fastq/SRR789/009/SRR7899759/SRR7899759_2.fastq.gz	271c82fe8bbcbc2ad61305a5f4567505;c953d86dea5f8388c8e9bf0375b6d3ee	Colombia:Antioquia	2016-05-07			2018-09-26	2018-09-26	non_bacterial_marker	false	ITS/fungal run is outside bacterial 16S scope	https://www.ebi.ac.uk/ena/browser/view/PRJNA492720
pacheco_montealegre_2020_colombia	PRJNA492720	PRJNA492720	SRP162530	SRR7899760	SRX4736931	SAMN10112788	SRS3819086	YeastAnIconA	MIMS Environmental/Metagenome sample from metagenome	Keywords: GSC:MIxS MIMS:5.0	Illumina MiSeq sequencing: High-Sensitive Detection and Dynamic of Microbiome during Cocoa Bean Fermentation	metagenome	256318	AMPLICON	METAGENOMIC	PCR	PAIRED	ILLUMINA	Illumina MiSeq	1746968	3771	522308;550714	ftp.sra.ebi.ac.uk/vol1/fastq/SRR789/000/SRR7899760/SRR7899760_1.fastq.gz;ftp.sra.ebi.ac.uk/vol1/fastq/SRR789/000/SRR7899760/SRR7899760_2.fastq.gz	439b48aabd6195ebba6c6a4485b80c84;a2001bd1625a6428a697d304972202ed	Colombia:Antioquia	2016-05-02			2018-09-26	2018-09-26	non_bacterial_marker	false	ITS/fungal run is outside bacterial 16S scope	https://www.ebi.ac.uk/ena/browser/view/PRJNA492720
pacheco_montealegre_2020_colombia	PRJNA492720	PRJNA492720	SRP162530	SRR7899761	SRX4736930	SAMN10112787	SRS3818994	YeastAnItijP	MIMS Environmental/Metagenome sample from metagenome	Keywords: GSC:MIxS MIMS:5.0	Illumina MiSeq sequencing: High-Sensitive Detection and Dynamic of Microbiome during Cocoa Bean Fermentation	metagenome	256318	AMPLICON	METAGENOMIC	PCR	PAIRED	ILLUMINA	Illumina MiSeq	2318873	5006	665157;740721	ftp.sra.ebi.ac.uk/vol1/fastq/SRR789/001/SRR7899761/SRR7899761_1.fastq.gz;ftp.sra.ebi.ac.uk/vol1/fastq/SRR789/001/SRR7899761/SRR7899761_2.fastq.gz	b1a100409acc7d2df4c0e7e7e6413118;f3da10610fe432ddc9aba3fdaad09cc5	Colombia:Antioquia	2016-05-02			2018-09-26	2018-09-26	non_bacterial_marker	false	ITS/fungal run is outside bacterial 16S scope	https://www.ebi.ac.uk/ena/browser/view/PRJNA492720
pacheco_montealegre_2020_colombia	PRJNA492720	PRJNA492720	SRP162530	SRR7899762	SRX4736929	SAMN10112786	SRS3818993	YeastAnIpalD	MIMS Environmental/Metagenome sample from metagenome	Keywords: GSC:MIxS MIMS:5.0	Illumina MiSeq sequencing: High-Sensitive Detection and Dynamic of Microbiome during Cocoa Bean Fermentation	metagenome	256318	AMPLICON	METAGENOMIC	PCR	PAIRED	ILLUMINA	Illumina MiSeq	2778	6	1338;1279	ftp.sra.ebi.ac.uk/vol1/fastq/SRR789/002/SRR7899762/SRR7899762_1.fastq.gz;ftp.sra.ebi.ac.uk/vol1/fastq/SRR789/002/SRR7899762/SRR7899762_2.fastq.gz	d3d85c33d2da2bd37d06cc79aadfc7a6;dd27725e356dd3d61f204fb4319b8184	Colombia:Antioquia	2016-05-03			2018-09-26	2018-09-26	non_bacterial_marker	false	ITS/fungal run is outside bacterial 16S scope	https://www.ebi.ac.uk/ena/browser/view/PRJNA492720
pacheco_montealegre_2020_colombia	PRJNA492720	PRJNA492720	SRP162530	SRR7899763	SRX4736928	SAMN10112785	SRS3818992	YeastAnIcosF	MIMS Environmental/Metagenome sample from metagenome	Keywords: GSC:MIxS MIMS:5.0	Illumina MiSeq sequencing: High-Sensitive Detection and Dynamic of Microbiome during Cocoa Bean Fermentation	metagenome	256318	AMPLICON	METAGENOMIC	PCR	PAIRED	ILLUMINA	Illumina MiSeq	1156387	2496	280251;291968	ftp.sra.ebi.ac.uk/vol1/fastq/SRR789/003/SRR7899763/SRR7899763_1.fastq.gz;ftp.sra.ebi.ac.uk/vol1/fastq/SRR789/003/SRR7899763/SRR7899763_2.fastq.gz	696a5300042ef7afa39416327b4bb918;5b1ebc9d558c51e2e46e4fdb026ca4df	Colombia:Antioquia	2016-05-07			2018-09-26	2018-09-26	non_bacterial_marker	false	ITS/fungal run is outside bacterial 16S scope	https://www.ebi.ac.uk/ena/browser/view/PRJNA492720
pacheco_montealegre_2020_colombia	PRJNA492720	PRJNA492720	SRP162530	SRR7899764	SRX4736927	SAMN10112784	SRS3818991	YeastAnIcanP	MIMS Environmental/Metagenome sample from metagenome	Keywords: GSC:MIxS MIMS:5.0	Illumina MiSeq sequencing: High-Sensitive Detection and Dynamic of Microbiome during Cocoa Bean Fermentation	metagenome	256318	AMPLICON	METAGENOMIC	PCR	PAIRED	ILLUMINA	Illumina MiSeq	1156023	2496	240905;253893	ftp.sra.ebi.ac.uk/vol1/fastq/SRR789/004/SRR7899764/SRR7899764_1.fastq.gz;ftp.sra.ebi.ac.uk/vol1/fastq/SRR789/004/SRR7899764/SRR7899764_2.fastq.gz	27c0421cb206a1f9a900408bfa646f47;255c1bf86a676ae5b3e5622d00c3fe23	Colombia:Antioquia	2016-05-03			2018-09-26	2018-09-26	non_bacterial_marker	false	ITS/fungal run is outside bacterial 16S scope	https://www.ebi.ac.uk/ena/browser/view/PRJNA492720
pacheco_montealegre_2020_colombia	PRJNA492720	PRJNA492720	SRP162530	SRR7899765	SRX4736926	SAMN10112783	SRS3818990	BactSaIconA	MIMS Environmental/Metagenome sample from metagenome	Keywords: GSC:MIxS MIMS:5.0	Illumina MiSeq sequencing: High-Sensitive Detection and Dynamic of Microbiome during Cocoa Bean Fermentation	metagenome	256318	AMPLICON	METAGENOMIC	PCR	PAIRED	ILLUMINA	Illumina MiSeq	9934446	22339	1598749;1940281	ftp.sra.ebi.ac.uk/vol1/fastq/SRR789/005/SRR7899765/SRR7899765_1.fastq.gz;ftp.sra.ebi.ac.uk/vol1/fastq/SRR789/005/SRR7899765/SRR7899765_2.fastq.gz	0af59ebe5973ac17e57f0325e27942ac;613344f88e1c8b8d4a2cef8945c426a4	Colombia:Santander	2016-03-12			2018-09-26	2018-09-26	not_verified_16s_subset	false	Run does not match the configured, verified bacterial 16S subset	https://www.ebi.ac.uk/ena/browser/view/PRJNA492720
pacheco_montealegre_2020_colombia	PRJNA492720	PRJNA492720	SRP162530	SRR7899766	SRX4736925	SAMN10112782	SRS3818988	BactSaIcajM	MIMS Environmental/Metagenome sample from metagenome	Keywords: GSC:MIxS MIMS:5.0	Illumina MiSeq sequencing: High-Sensitive Detection and Dynamic of Microbiome during Cocoa Bean Fermentation	metagenome	256318	AMPLICON	METAGENOMIC	PCR	PAIRED	ILLUMINA	Illumina MiSeq	4894378	11005	578299;838130	ftp.sra.ebi.ac.uk/vol1/fastq/SRR789/006/SRR7899766/SRR7899766_1.fastq.gz;ftp.sra.ebi.ac.uk/vol1/fastq/SRR789/006/SRR7899766/SRR7899766_2.fastq.gz	a696fc63282fe57ab86986bb8fae6d7f;3343ee792e98aef7f198f55d1821e0f4	Colombia:Santander	2016-03-12			2018-09-26	2018-09-26	not_verified_16s_subset	false	Run does not match the configured, verified bacterial 16S subset	https://www.ebi.ac.uk/ena/browser/view/PRJNA492720
pacheco_montealegre_2020_colombia	PRJNA492720	PRJNA492720	SRP162530	SRR7899767	SRX4736924	SAMN10112586	SRS3818989	BactHuII084z2	MIMS Environmental/Metagenome sample from metagenome	Keywords: GSC:MIxS MIMS:5.0	Illumina MiSeq sequencing: High-Sensitive Detection and Dynamic of Microbiome during Cocoa Bean Fermentation	metagenome	256318	AMPLICON	METAGENOMIC	PCR	PAIRED	ILLUMINA	Illumina MiSeq	5531199	12438	659842;930014	ftp.sra.ebi.ac.uk/vol1/fastq/SRR789/007/SRR7899767/SRR7899767_1.fastq.gz;ftp.sra.ebi.ac.uk/vol1/fastq/SRR789/007/SRR7899767/SRR7899767_2.fastq.gz	df0db2066c6ba70881388143b98eba0c;204b14d8050bd832e472b1ad79968f2c	Colombia:Huila	2016-06-23			2018-09-26	2018-09-26	not_verified_16s_subset	false	Run does not match the configured, verified bacterial 16S subset	https://www.ebi.ac.uk/ena/browser/view/PRJNA492720
pacheco_montealegre_2020_colombia	PRJNA492720	PRJNA492720	SRP162530	SRR7899768	SRX4736923	SAMN10112587	SRS3818987	BactHuII096z2	MIMS Environmental/Metagenome sample from metagenome	Keywords: GSC:MIxS MIMS:5.0	Illumina MiSeq sequencing: High-Sensitive Detection and Dynamic of Microbiome during Cocoa Bean Fermentation	metagenome	256318	AMPLICON	METAGENOMIC	PCR	PAIRED	ILLUMINA	Illumina MiSeq	3743840	8419	420861;680559	ftp.sra.ebi.ac.uk/vol1/fastq/SRR789/008/SRR7899768/SRR7899768_1.fastq.gz;ftp.sra.ebi.ac.uk/vol1/fastq/SRR789/008/SRR7899768/SRR7899768_2.fastq.gz	c61c3406a66c3ce79a4f1767fe43bfb0;f1324de9995a1d6604afd9b5c5e13ccb	Colombia:Huila	2016-06-23			2018-09-26	2018-09-26	not_verified_16s_subset	false	Run does not match the configured, verified bacterial 16S subset	https://www.ebi.ac.uk/ena/browser/view/PRJNA492720
pacheco_montealegre_2020_colombia	PRJNA492720	PRJNA492720	SRP162530	SRR7899769	SRX4736922	SAMN10112582	SRS3818986	BactHuII048z1	MIMS Environmental/Metagenome sample from metagenome	Keywords: GSC:MIxS MIMS:5.0	Illumina MiSeq sequencing: High-Sensitive Detection and Dynamic of Microbiome during Cocoa Bean Fermentation	metagenome	256318	AMPLICON	METAGENOMIC	PCR	PAIRED	ILLUMINA	Illumina MiSeq	16822129	37806	3446040;3148731	ftp.sra.ebi.ac.uk/vol1/fastq/SRR789/009/SRR7899769/SRR7899769_1.fastq.gz;ftp.sra.ebi.ac.uk/vol1/fastq/SRR789/009/SRR7899769/SRR7899769_2.fastq.gz	667e00d01b8ef7eadfbd3887caa845ae;a97e4548d4668613a1b7f460e64b466c	Colombia:Huila	2016-06-22			2018-09-26	2018-09-26	not_verified_16s_subset	false	Run does not match the configured, verified bacterial 16S subset	https://www.ebi.ac.uk/ena/browser/view/PRJNA492720
pacheco_montealegre_2020_colombia	PRJNA492720	PRJNA492720	SRP162530	SRR7899770	SRX4736921	SAMN10112583	SRS3818984	BactHuII048z2	MIMS Environmental/Metagenome sample from metagenome	Keywords: GSC:MIxS MIMS:5.0	Illumina MiSeq sequencing: High-Sensitive Detection and Dynamic of Microbiome during Cocoa Bean Fermentation	metagenome	256318	AMPLICON	METAGENOMIC	PCR	PAIRED	ILLUMINA	Illumina MiSeq	19737498	44379	2517258;3917628	ftp.sra.ebi.ac.uk/vol1/fastq/SRR789/000/SRR7899770/SRR7899770_1.fastq.gz;ftp.sra.ebi.ac.uk/vol1/fastq/SRR789/000/SRR7899770/SRR7899770_2.fastq.gz	ffce5fe0f8e94537caa4a7f513d16ada;f0e2ad8dddc52309293d9f1c5d13bdba	Colombia:Huila	2016-06-22			2018-09-26	2018-09-26	not_verified_16s_subset	false	Run does not match the configured, verified bacterial 16S subset	https://www.ebi.ac.uk/ena/browser/view/PRJNA492720
pacheco_montealegre_2020_colombia	PRJNA492720	PRJNA492720	SRP162530	SRR7899771	SRX4736920	SAMN10112584	SRS3818985	BactHuII060z2	MIMS Environmental/Metagenome sample from metagenome	Keywords: GSC:MIxS MIMS:5.0	Illumina MiSeq sequencing: High-Sensitive Detection and Dynamic of Microbiome during Cocoa Bean Fermentation	metagenome	256318	AMPLICON	METAGENOMIC	PCR	PAIRED	ILLUMINA	Illumina MiSeq	10801006	24293	1544815;1918316	ftp.sra.ebi.ac.uk/vol1/fastq/SRR789/001/SRR7899771/SRR7899771_1.fastq.gz;ftp.sra.ebi.ac.uk/vol1/fastq/SRR789/001/SRR7899771/SRR7899771_2.fastq.gz	c2de59639cd0c2376cbda07dae7ace23;3e1677df59360c308ac10dccb918869e	Colombia:Huila	2016-06-23			2018-09-26	2018-09-26	not_verified_16s_subset	false	Run does not match the configured, verified bacterial 16S subset	https://www.ebi.ac.uk/ena/browser/view/PRJNA492720
pacheco_montealegre_2020_colombia	PRJNA492720	PRJNA492720	SRP162530	SRR7899772	SRX4736919	SAMN10112585	SRS3818983	BactHuII072z2	MIMS Environmental/Metagenome sample from metagenome	Keywords: GSC:MIxS MIMS:5.0	Illumina MiSeq sequencing: High-Sensitive Detection and Dynamic of Microbiome during Cocoa Bean Fermentation	metagenome	256318	AMPLICON	METAGENOMIC	PCR	PAIRED	ILLUMINA	Illumina MiSeq	9677386	21747	1866410;1813767	ftp.sra.ebi.ac.uk/vol1/fastq/SRR789/002/SRR7899772/SRR7899772_1.fastq.gz;ftp.sra.ebi.ac.uk/vol1/fastq/SRR789/002/SRR7899772/SRR7899772_2.fastq.gz	a7d49cadf6c101432bad992780b3130f;5fd1abc2debcd0594a7021f7da1eaefa	Colombia:Huila	2016-06-23			2018-09-26	2018-09-26	not_verified_16s_subset	false	Run does not match the configured, verified bacterial 16S subset	https://www.ebi.ac.uk/ena/browser/view/PRJNA492720
pacheco_montealegre_2020_colombia	PRJNA492720	PRJNA492720	SRP162530	SRR7899773	SRX4736918	SAMN10112578	SRS3818982	BactHuII024z1	MIMS Environmental/Metagenome sample from metagenome	Keywords: GSC:MIxS MIMS:5.0	Illumina MiSeq sequencing: High-Sensitive Detection and Dynamic of Microbiome during Cocoa Bean Fermentation	metagenome	256318	AMPLICON	METAGENOMIC	PCR	PAIRED	ILLUMINA	Illumina MiSeq	11215949	25204	1848155;2127789	ftp.sra.ebi.ac.uk/vol1/fastq/SRR789/003/SRR7899773/SRR7899773_1.fastq.gz;ftp.sra.ebi.ac.uk/vol1/fastq/SRR789/003/SRR7899773/SRR7899773_2.fastq.gz	eb3d5f7dbd181b4f2be7d357638cb561;f9812a5438d047ec8f5de771f190a674	Colombia:Huila	2016-06-21			2018-09-26	2018-09-26	not_verified_16s_subset	false	Run does not match the configured, verified bacterial 16S subset	https://www.ebi.ac.uk/ena/browser/view/PRJNA492720
pacheco_montealegre_2020_colombia	PRJNA492720	PRJNA492720	SRP162530	SRR7899774	SRX4736917	SAMN10112579	SRS3818981	BactHuII024z2	MIMS Environmental/Metagenome sample from metagenome	Keywords: GSC:MIxS MIMS:5.0	Illumina MiSeq sequencing: High-Sensitive Detection and Dynamic of Microbiome during Cocoa Bean Fermentation	metagenome	256318	AMPLICON	METAGENOMIC	PCR	PAIRED	ILLUMINA	Illumina MiSeq	11113403	24986	1369632;1950461	ftp.sra.ebi.ac.uk/vol1/fastq/SRR789/004/SRR7899774/SRR7899774_1.fastq.gz;ftp.sra.ebi.ac.uk/vol1/fastq/SRR789/004/SRR7899774/SRR7899774_2.fastq.gz	c08e991ae123afd57d7f594f2becb27a;e28d8424b2265d22856f176adf304563	Colombia:Huila	2016-06-21			2018-09-26	2018-09-26	not_verified_16s_subset	false	Run does not match the configured, verified bacterial 16S subset	https://www.ebi.ac.uk/ena/browser/view/PRJNA492720
pacheco_montealegre_2020_colombia	PRJNA492720	PRJNA492720	SRP162530	SRR7899775	SRX4736916	SAMN10112580	SRS3818980	BactHuII036z1	MIMS Environmental/Metagenome sample from metagenome	Keywords: GSC:MIxS MIMS:5.0	Illumina MiSeq sequencing: High-Sensitive Detection and Dynamic of Microbiome during Cocoa Bean Fermentation	metagenome	256318	AMPLICON	METAGENOMIC	PCR	PAIRED	ILLUMINA	Illumina MiSeq	11534494	25926	1764668;2093238	ftp.sra.ebi.ac.uk/vol1/fastq/SRR789/005/SRR7899775/SRR7899775_1.fastq.gz;ftp.sra.ebi.ac.uk/vol1/fastq/SRR789/005/SRR7899775/SRR7899775_2.fastq.gz	d5c5ab8862bb5aaf3fb4bf87d02c8616;0dfe10150092e5be0f9d23e2264d3605	Colombia:Huila	2016-06-22			2018-09-26	2018-09-26	not_verified_16s_subset	false	Run does not match the configured, verified bacterial 16S subset	https://www.ebi.ac.uk/ena/browser/view/PRJNA492720
pacheco_montealegre_2020_colombia	PRJNA492720	PRJNA492720	SRP162530	SRR7899776	SRX4736915	SAMN10112581	SRS3818979	BactHuII036z2	MIMS Environmental/Metagenome sample from metagenome	Keywords: GSC:MIxS MIMS:5.0	Illumina MiSeq sequencing: High-Sensitive Detection and Dynamic of Microbiome during Cocoa Bean Fermentation	metagenome	256318	AMPLICON	METAGENOMIC	PCR	PAIRED	ILLUMINA	Illumina MiSeq	16972444	38154	3737796;3145723	ftp.sra.ebi.ac.uk/vol1/fastq/SRR789/006/SRR7899776/SRR7899776_1.fastq.gz;ftp.sra.ebi.ac.uk/vol1/fastq/SRR789/006/SRR7899776/SRR7899776_2.fastq.gz	c533695d6b980a131b51f16a9364df4d;e70ca3d5a7f8469e0f73591e6135e1c5	Colombia:Huila	2016-06-22			2018-09-26	2018-09-26	not_verified_16s_subset	false	Run does not match the configured, verified bacterial 16S subset	https://www.ebi.ac.uk/ena/browser/view/PRJNA492720
pacheco_montealegre_2020_colombia	PRJNA492720	PRJNA492720	SRP162530	SRR7899777	SRX4736914	SAMN10112515	SRS3818978	BactAnI036z2	MIMS Environmental/Metagenome sample from metagenome	Keywords: GSC:MIxS MIMS:5.0	Illumina MiSeq sequencing: High-Sensitive Detection and Dynamic of Microbiome during Cocoa Bean Fermentation	metagenome	256318	AMPLICON	METAGENOMIC	PCR	PAIRED	ILLUMINA	Illumina MiSeq	8512263	19139	1841642;1503176	ftp.sra.ebi.ac.uk/vol1/fastq/SRR789/007/SRR7899777/SRR7899777_1.fastq.gz;ftp.sra.ebi.ac.uk/vol1/fastq/SRR789/007/SRR7899777/SRR7899777_2.fastq.gz	fef883dbb3205a2ae5f495fd40bcf4d8;607bb99b6664df6fe704dd128909dba7	Colombia:Antioquia	2016-05-05			2018-09-26	2018-09-26	bacterial_16s_candidate	true		https://www.ebi.ac.uk/ena/browser/view/PRJNA492720
pacheco_montealegre_2020_colombia	PRJNA492720	PRJNA492720	SRP162530	SRR7899778	SRX4736913	SAMN10112675	SRS3818977	YeastSaI00z1	MIMS Environmental/Metagenome sample from metagenome	Keywords: GSC:MIxS MIMS:5.0	Illumina MiSeq sequencing: High-Sensitive Detection and Dynamic of Microbiome during Cocoa Bean Fermentation	metagenome	256318	AMPLICON	METAGENOMIC	PCR	PAIRED	ILLUMINA	Illumina MiSeq	1805453	3892	316004;367128	ftp.sra.ebi.ac.uk/vol1/fastq/SRR789/008/SRR7899778/SRR7899778_1.fastq.gz;ftp.sra.ebi.ac.uk/vol1/fastq/SRR789/008/SRR7899778/SRR7899778_2.fastq.gz	d8287cd0c47c538d76d3e51f2e1a1f69;304067067895cd49be23087c2f814df2	Colombia:Santander	2016-03-10			2018-09-26	2018-09-26	non_bacterial_marker	false	ITS/fungal run is outside bacterial 16S scope	https://www.ebi.ac.uk/ena/browser/view/PRJNA492720
pacheco_montealegre_2020_colombia	PRJNA492720	PRJNA492720	SRP162530	SRR7899779	SRX4736912	SAMN10112674	SRS3818976	YeastAnI132z2	MIMS Environmental/Metagenome sample from metagenome	Keywords: GSC:MIxS MIMS:5.0	Illumina MiSeq sequencing: High-Sensitive Detection and Dynamic of Microbiome during Cocoa Bean Fermentation	metagenome	256318	AMPLICON	METAGENOMIC	PCR	PAIRED	ILLUMINA	Illumina MiSeq	3106872	6708	682431;860682	ftp.sra.ebi.ac.uk/vol1/fastq/SRR789/009/SRR7899779/SRR7899779_1.fastq.gz;ftp.sra.ebi.ac.uk/vol1/fastq/SRR789/009/SRR7899779/SRR7899779_2.fastq.gz	e480a4ece2f4381f221a4cb6b4134877;a4666853fd7c721fdea50400fa51dca6	Colombia:Antioquia	2016-05-09			2018-09-26	2018-09-26	non_bacterial_marker	false	ITS/fungal run is outside bacterial 16S scope	https://www.ebi.ac.uk/ena/browser/view/PRJNA492720
pacheco_montealegre_2020_colombia	PRJNA492720	PRJNA492720	SRP162530	SRR7899780	SRX4736911	SAMN10112673	SRS3818975	YeastAnI132z1	MIMS Environmental/Metagenome sample from metagenome	Keywords: GSC:MIxS MIMS:5.0	Illumina MiSeq sequencing: High-Sensitive Detection and Dynamic of Microbiome during Cocoa Bean Fermentation	metagenome	256318	AMPLICON	METAGENOMIC	PCR	PAIRED	ILLUMINA	Illumina MiSeq	1191176	2571	318546;363706	ftp.sra.ebi.ac.uk/vol1/fastq/SRR789/000/SRR7899780/SRR7899780_1.fastq.gz;ftp.sra.ebi.ac.uk/vol1/fastq/SRR789/000/SRR7899780/SRR7899780_2.fastq.gz	4cd5d3db6c00ae7a12011d6dddae4d1a;48b46ce4dba9eae29da835c97c4c4cc7	Colombia:Antioquia	2016-05-09			2018-09-26	2018-09-26	non_bacterial_marker	false	ITS/fungal run is outside bacterial 16S scope	https://www.ebi.ac.uk/ena/browser/view/PRJNA492720
pacheco_montealegre_2020_colombia	PRJNA492720	PRJNA492720	SRP162530	SRR7899781	SRX4736910	SAMN10112672	SRS3818974	YeastAnI120z2	MIMS Environmental/Metagenome sample from metagenome	Keywords: GSC:MIxS MIMS:5.0	Illumina MiSeq sequencing: High-Sensitive Detection and Dynamic of Microbiome during Cocoa Bean Fermentation	metagenome	256318	AMPLICON	METAGENOMIC	PCR	PAIRED	ILLUMINA	Illumina MiSeq	3586121	7738	904832;1074218	ftp.sra.ebi.ac.uk/vol1/fastq/SRR789/001/SRR7899781/SRR7899781_1.fastq.gz;ftp.sra.ebi.ac.uk/vol1/fastq/SRR789/001/SRR7899781/SRR7899781_2.fastq.gz	a44ef895f20d2d4c2087c5a002b5e238;4d01ee2bf3081fd24c173329afb190c4	Colombia:Antioquia	2016-05-08			2018-09-26	2018-09-26	non_bacterial_marker	false	ITS/fungal run is outside bacterial 16S scope	https://www.ebi.ac.uk/ena/browser/view/PRJNA492720
pacheco_montealegre_2020_colombia	PRJNA492720	PRJNA492720	SRP162530	SRR7899782	SRX4736909	SAMN10112671	SRS3818973	YeastAnI120z1	MIMS Environmental/Metagenome sample from metagenome	Keywords: GSC:MIxS MIMS:5.0	Illumina MiSeq sequencing: High-Sensitive Detection and Dynamic of Microbiome during Cocoa Bean Fermentation	metagenome	256318	AMPLICON	METAGENOMIC	PCR	PAIRED	ILLUMINA	Illumina MiSeq	5884044	12699	1665678;1906493	ftp.sra.ebi.ac.uk/vol1/fastq/SRR789/002/SRR7899782/SRR7899782_1.fastq.gz;ftp.sra.ebi.ac.uk/vol1/fastq/SRR789/002/SRR7899782/SRR7899782_2.fastq.gz	846a5784af3b13047c022205452cda92;2e3c54cccc3ada5b31b6b201c73cfa4c	Colombia:Antioquia	2016-05-08			2018-09-26	2018-09-26	non_bacterial_marker	false	ITS/fungal run is outside bacterial 16S scope	https://www.ebi.ac.uk/ena/browser/view/PRJNA492720
pacheco_montealegre_2020_colombia	PRJNA492720	PRJNA492720	SRP162530	SRR7899783	SRX4736908	SAMN10112670	SRS3818972	YeastAnI108z2	MIMS Environmental/Metagenome sample from metagenome	Keywords: GSC:MIxS MIMS:5.0	Illumina MiSeq sequencing: High-Sensitive Detection and Dynamic of Microbiome during Cocoa Bean Fermentation	metagenome	256318	AMPLICON	METAGENOMIC	PCR	PAIRED	ILLUMINA	Illumina MiSeq	4982149	10752	1365642;1515399	ftp.sra.ebi.ac.uk/vol1/fastq/SRR789/003/SRR7899783/SRR7899783_1.fastq.gz;ftp.sra.ebi.ac.uk/vol1/fastq/SRR789/003/SRR7899783/SRR7899783_2.fastq.gz	c6a89d7348405c7665b9ddb2e4a42358;bb2fc494c66459d35923cc4b70808b7f	Colombia:Antioquia	2016-05-08			2018-09-26	2018-09-26	non_bacterial_marker	false	ITS/fungal run is outside bacterial 16S scope	https://www.ebi.ac.uk/ena/browser/view/PRJNA492720
pacheco_montealegre_2020_colombia	PRJNA492720	PRJNA492720	SRP162530	SRR7899784	SRX4736907	SAMN10112669	SRS3818971	YeastAnI108z1	MIMS Environmental/Metagenome sample from metagenome	Keywords: GSC:MIxS MIMS:5.0	Illumina MiSeq sequencing: High-Sensitive Detection and Dynamic of Microbiome during Cocoa Bean Fermentation	metagenome	256318	AMPLICON	METAGENOMIC	PCR	PAIRED	ILLUMINA	Illumina MiSeq	4282356	9241	1134720;1248485	ftp.sra.ebi.ac.uk/vol1/fastq/SRR789/004/SRR7899784/SRR7899784_1.fastq.gz;ftp.sra.ebi.ac.uk/vol1/fastq/SRR789/004/SRR7899784/SRR7899784_2.fastq.gz	9e93493e3dee44388cff7a3df88727be;faf0cecd3fe966cc28fd25587c19c809	Colombia:Antioquia	2016-05-08			2018-09-26	2018-09-26	non_bacterial_marker	false	ITS/fungal run is outside bacterial 16S scope	https://www.ebi.ac.uk/ena/browser/view/PRJNA492720
pacheco_montealegre_2020_colombia	PRJNA492720	PRJNA492720	SRP162530	SRR7899785	SRX4736906	SAMN10112668	SRS3818970	YeastAnI96z2	MIMS Environmental/Metagenome sample from metagenome	Keywords: GSC:MIxS MIMS:5.0	Illumina MiSeq sequencing: High-Sensitive Detection and Dynamic of Microbiome during Cocoa Bean Fermentation	metagenome	256318	AMPLICON	METAGENOMIC	PCR	PAIRED	ILLUMINA	Illumina MiSeq	4388879	9472	1088676;1202575	ftp.sra.ebi.ac.uk/vol1/fastq/SRR789/005/SRR7899785/SRR7899785_1.fastq.gz;ftp.sra.ebi.ac.uk/vol1/fastq/SRR789/005/SRR7899785/SRR7899785_2.fastq.gz	7acfe4e5d2399817f7d8740565565fb8;d410781c90899f38e6e8c88fb9c31a74	Colombia:Antioquia	2016-05-07			2018-09-26	2018-09-26	non_bacterial_marker	false	ITS/fungal run is outside bacterial 16S scope	https://www.ebi.ac.uk/ena/browser/view/PRJNA492720
pacheco_montealegre_2020_colombia	PRJNA492720	PRJNA492720	SRP162530	SRR7899786	SRX4736905	SAMN10112677	SRS3818969	YeastSaI12z1	MIMS Environmental/Metagenome sample from metagenome	Keywords: GSC:MIxS MIMS:5.0	Illumina MiSeq sequencing: High-Sensitive Detection and Dynamic of Microbiome during Cocoa Bean Fermentation	metagenome	256318	AMPLICON	METAGENOMIC	PCR	PAIRED	ILLUMINA	Illumina MiSeq	3021771	6793	58885;467993;542555	ftp.sra.ebi.ac.uk/vol1/fastq/SRR789/006/SRR7899786/SRR7899786.fastq.gz;ftp.sra.ebi.ac.uk/vol1/fastq/SRR789/006/SRR7899786/SRR7899786_1.fastq.gz;ftp.sra.ebi.ac.uk/vol1/fastq/SRR789/006/SRR7899786/SRR7899786_2.fastq.gz	7736319cc348e57ddd057ffb2cfe40e1;41cd34c650c00377f15b7314baa07f0c;c333aa26ea21061d5487fac221e4df6c	Colombia:Santander	2016-03-11			2018-09-27	2018-09-27	non_bacterial_marker	false	ITS/fungal run is outside bacterial 16S scope	https://www.ebi.ac.uk/ena/browser/view/PRJNA492720
pacheco_montealegre_2020_colombia	PRJNA492720	PRJNA492720	SRP162530	SRR7899787	SRX4736904	SAMN10112676	SRS3818967	YeastSaI00z2	MIMS Environmental/Metagenome sample from metagenome	Keywords: GSC:MIxS MIMS:5.0	Illumina MiSeq sequencing: High-Sensitive Detection and Dynamic of Microbiome during Cocoa Bean Fermentation	metagenome	256318	AMPLICON	METAGENOMIC	PCR	PAIRED	ILLUMINA	Illumina MiSeq	1337105	2882	214614;251580	ftp.sra.ebi.ac.uk/vol1/fastq/SRR789/007/SRR7899787/SRR7899787_1.fastq.gz;ftp.sra.ebi.ac.uk/vol1/fastq/SRR789/007/SRR7899787/SRR7899787_2.fastq.gz	a0785a412eaf789d440058364b19decd;57fdfbd30d5eaa390673857919bf1a18	Colombia:Santander	2016-03-10			2018-09-26	2018-09-26	non_bacterial_marker	false	ITS/fungal run is outside bacterial 16S scope	https://www.ebi.ac.uk/ena/browser/view/PRJNA492720
pacheco_montealegre_2020_colombia	PRJNA492720	PRJNA492720	SRP162530	SRR7899788	SRX4736903	SAMN10112756	SRS3818968	YeastSaII120z1	MIMS Environmental/Metagenome sample from metagenome	Keywords: GSC:MIxS MIMS:5.0	Illumina MiSeq sequencing: High-Sensitive Detection and Dynamic of Microbiome during Cocoa Bean Fermentation	metagenome	256318	AMPLICON	METAGENOMIC	PCR	PAIRED	ILLUMINA	Illumina MiSeq	3133428	6761	846421;942733	ftp.sra.ebi.ac.uk/vol1/fastq/SRR789/008/SRR7899788/SRR7899788_1.fastq.gz;ftp.sra.ebi.ac.uk/vol1/fastq/SRR789/008/SRR7899788/SRR7899788_2.fastq.gz	fe51bfebc7394b00ff6a1258a86453ed;95e524bf66cb37fc1430b88f2fdd042d	Colombia:Santander	2016-06-11			2018-09-26	2018-09-26	non_bacterial_marker	false	ITS/fungal run is outside bacterial 16S scope	https://www.ebi.ac.uk/ena/browser/view/PRJNA492720
pacheco_montealegre_2020_colombia	PRJNA492720	PRJNA492720	SRP162530	SRR7899789	SRX4736902	SAMN10112757	SRS3818966	YeastSaII120z2	MIMS Environmental/Metagenome sample from metagenome	Keywords: GSC:MIxS MIMS:5.0	Illumina MiSeq sequencing: High-Sensitive Detection and Dynamic of Microbiome during Cocoa Bean Fermentation	metagenome	256318	AMPLICON	METAGENOMIC	PCR	PAIRED	ILLUMINA	Illumina MiSeq	4151251	8954	1017649;1222896	ftp.sra.ebi.ac.uk/vol1/fastq/SRR789/009/SRR7899789/SRR7899789_1.fastq.gz;ftp.sra.ebi.ac.uk/vol1/fastq/SRR789/009/SRR7899789/SRR7899789_2.fastq.gz	94b7dc5fc5d84d573a15a7a8d0c7f696;1b0fa6195e7751d65412b41a16d930ce	Colombia:Santander	2016-06-11			2018-09-26	2018-09-26	non_bacterial_marker	false	ITS/fungal run is outside bacterial 16S scope	https://www.ebi.ac.uk/ena/browser/view/PRJNA492720
pacheco_montealegre_2020_colombia	PRJNA492720	PRJNA492720	SRP162530	SRR7899790	SRX4736901	SAMN10112750	SRS3818965	YeastSaII84z1	MIMS Environmental/Metagenome sample from metagenome	Keywords: GSC:MIxS MIMS:5.0	Illumina MiSeq sequencing: High-Sensitive Detection and Dynamic of Microbiome during Cocoa Bean Fermentation	metagenome	256318	AMPLICON	METAGENOMIC	PCR	PAIRED	ILLUMINA	Illumina MiSeq	879270	1897	202332;217088	ftp.sra.ebi.ac.uk/vol1/fastq/SRR789/000/SRR7899790/SRR7899790_1.fastq.gz;ftp.sra.ebi.ac.uk/vol1/fastq/SRR789/000/SRR7899790/SRR7899790_2.fastq.gz	f8fa42b9fcbe246c929878ec15c29281;12ddf581fb9c4683f8d6cfc22c048ca8	Colombia:Santander	2016-06-10			2018-09-26	2018-09-26	non_bacterial_marker	false	ITS/fungal run is outside bacterial 16S scope	https://www.ebi.ac.uk/ena/browser/view/PRJNA492720
pacheco_montealegre_2020_colombia	PRJNA492720	PRJNA492720	SRP162530	SRR7899791	SRX4736900	SAMN10112751	SRS3818964	YeastSaII84z2	MIMS Environmental/Metagenome sample from metagenome	Keywords: GSC:MIxS MIMS:5.0	Illumina MiSeq sequencing: High-Sensitive Detection and Dynamic of Microbiome during Cocoa Bean Fermentation	metagenome	256318	AMPLICON	METAGENOMIC	PCR	PAIRED	ILLUMINA	Illumina MiSeq	2081478	4491	577946;635210	ftp.sra.ebi.ac.uk/vol1/fastq/SRR789/001/SRR7899791/SRR7899791_1.fastq.gz;ftp.sra.ebi.ac.uk/vol1/fastq/SRR789/001/SRR7899791/SRR7899791_2.fastq.gz	285d7e2583a7dc198a1f8a73d7b25024;24f0e398582d6aa102d64205f9bd06f0	Colombia:Santander	2016-06-10			2018-09-26	2018-09-26	non_bacterial_marker	false	ITS/fungal run is outside bacterial 16S scope	https://www.ebi.ac.uk/ena/browser/view/PRJNA492720
pacheco_montealegre_2020_colombia	PRJNA492720	PRJNA492720	SRP162530	SRR7899792	SRX4736899	SAMN10112748	SRS3818963	YeastSaII72z1	MIMS Environmental/Metagenome sample from metagenome	Keywords: GSC:MIxS MIMS:5.0	Illumina MiSeq sequencing: High-Sensitive Detection and Dynamic of Microbiome during Cocoa Bean Fermentation	metagenome	256318	AMPLICON	METAGENOMIC	PCR	PAIRED	ILLUMINA	Illumina MiSeq	946913	2043	226107;243253	ftp.sra.ebi.ac.uk/vol1/fastq/SRR789/002/SRR7899792/SRR7899792_1.fastq.gz;ftp.sra.ebi.ac.uk/vol1/fastq/SRR789/002/SRR7899792/SRR7899792_2.fastq.gz	df1288f58c61c6c2d7cd1e5cc076bebf;eb020ae1635d8bc7cd5ebc2a3ba4d630	Colombia:Santander	2016-06-09			2018-09-26	2018-09-26	non_bacterial_marker	false	ITS/fungal run is outside bacterial 16S scope	https://www.ebi.ac.uk/ena/browser/view/PRJNA492720
pacheco_montealegre_2020_colombia	PRJNA492720	PRJNA492720	SRP162530	SRR7899793	SRX4736898	SAMN10112749	SRS3818962	YeastSaII72z2	MIMS Environmental/Metagenome sample from metagenome	Keywords: GSC:MIxS MIMS:5.0	Illumina MiSeq sequencing: High-Sensitive Detection and Dynamic of Microbiome during Cocoa Bean Fermentation	metagenome	256318	AMPLICON	METAGENOMIC	PCR	PAIRED	ILLUMINA	Illumina MiSeq	3277881	7074	1004842;1046093	ftp.sra.ebi.ac.uk/vol1/fastq/SRR789/003/SRR7899793/SRR7899793_1.fastq.gz;ftp.sra.ebi.ac.uk/vol1/fastq/SRR789/003/SRR7899793/SRR7899793_2.fastq.gz	eb961d2d0d08f90500a3d62f7fe9e2b9;cafd0f841deedf060111f01b38821025	Colombia:Santander	2016-06-09			2018-09-26	2018-09-26	non_bacterial_marker	false	ITS/fungal run is outside bacterial 16S scope	https://www.ebi.ac.uk/ena/browser/view/PRJNA492720
pacheco_montealegre_2020_colombia	PRJNA492720	PRJNA492720	SRP162530	SRR7899794	SRX4736897	SAMN10112754	SRS3818961	YeastSaII108z1	MIMS Environmental/Metagenome sample from metagenome	Keywords: GSC:MIxS MIMS:5.0	Illumina MiSeq sequencing: High-Sensitive Detection and Dynamic of Microbiome during Cocoa Bean Fermentation	metagenome	256318	AMPLICON	METAGENOMIC	PCR	PAIRED	ILLUMINA	Illumina MiSeq	1321633	2851	276884;303325	ftp.sra.ebi.ac.uk/vol1/fastq/SRR789/004/SRR7899794/SRR7899794_1.fastq.gz;ftp.sra.ebi.ac.uk/vol1/fastq/SRR789/004/SRR7899794/SRR7899794_2.fastq.gz	cd7b580969c2cc22466e1c2513f1372b;fda55ee115567b02916869fcf836fbc8	Colombia:Santander	2016-06-11			2018-09-26	2018-09-26	non_bacterial_marker	false	ITS/fungal run is outside bacterial 16S scope	https://www.ebi.ac.uk/ena/browser/view/PRJNA492720
pacheco_montealegre_2020_colombia	PRJNA492720	PRJNA492720	SRP162530	SRR7899795	SRX4736896	SAMN10112755	SRS3818960	YeastSaII108z2	MIMS Environmental/Metagenome sample from metagenome	Keywords: GSC:MIxS MIMS:5.0	Illumina MiSeq sequencing: High-Sensitive Detection and Dynamic of Microbiome during Cocoa Bean Fermentation	metagenome	256318	AMPLICON	METAGENOMIC	PCR	PAIRED	ILLUMINA	Illumina MiSeq	4164	9	1885;1930	ftp.sra.ebi.ac.uk/vol1/fastq/SRR789/005/SRR7899795/SRR7899795_1.fastq.gz;ftp.sra.ebi.ac.uk/vol1/fastq/SRR789/005/SRR7899795/SRR7899795_2.fastq.gz	d7f2819efd7e5a8d5c7a5f33c731b1b4;40f6b3ff2cd43be312a48e419bb94841	Colombia:Santander	2016-06-11			2018-09-26	2018-09-26	non_bacterial_marker	false	ITS/fungal run is outside bacterial 16S scope	https://www.ebi.ac.uk/ena/browser/view/PRJNA492720
pacheco_montealegre_2020_colombia	PRJNA492720	PRJNA492720	SRP162530	SRR7899796	SRX4736895	SAMN10112752	SRS3818959	YeastSaII96z1	MIMS Environmental/Metagenome sample from metagenome	Keywords: GSC:MIxS MIMS:5.0	Illumina MiSeq sequencing: High-Sensitive Detection and Dynamic of Microbiome during Cocoa Bean Fermentation	metagenome	256318	AMPLICON	METAGENOMIC	PCR	PAIRED	ILLUMINA	Illumina MiSeq	2567983	5543	730934;760459	ftp.sra.ebi.ac.uk/vol1/fastq/SRR789/006/SRR7899796/SRR7899796_1.fastq.gz;ftp.sra.ebi.ac.uk/vol1/fastq/SRR789/006/SRR7899796/SRR7899796_2.fastq.gz	5c4c0367a0eaa659e35d577fdf7f3cea;89d4ecbf8272ae1301c470fc13d65f56	Colombia:Santander	2016-06-10			2018-09-26	2018-09-26	non_bacterial_marker	false	ITS/fungal run is outside bacterial 16S scope	https://www.ebi.ac.uk/ena/browser/view/PRJNA492720
pacheco_montealegre_2020_colombia	PRJNA492720	PRJNA492720	SRP162530	SRR7899797	SRX4736894	SAMN10112753	SRS3818958	YeastSaII96z2	MIMS Environmental/Metagenome sample from metagenome	Keywords: GSC:MIxS MIMS:5.0	Illumina MiSeq sequencing: High-Sensitive Detection and Dynamic of Microbiome during Cocoa Bean Fermentation	metagenome	256318	AMPLICON	METAGENOMIC	PCR	PAIRED	ILLUMINA	Illumina MiSeq	2323551	5014	637095;672256	ftp.sra.ebi.ac.uk/vol1/fastq/SRR789/007/SRR7899797/SRR7899797_1.fastq.gz;ftp.sra.ebi.ac.uk/vol1/fastq/SRR789/007/SRR7899797/SRR7899797_2.fastq.gz	0d0e6bab48f82a6f78080c31657c122c;cc39f0070cd52fe48f1030d6556bd3c6	Colombia:Santander	2016-06-10			2018-09-26	2018-09-26	non_bacterial_marker	false	ITS/fungal run is outside bacterial 16S scope	https://www.ebi.ac.uk/ena/browser/view/PRJNA492720
pacheco_montealegre_2020_colombia	PRJNA492720	PRJNA492720	SRP162530	SRR7899798	SRX4736893	SAMN10112557	SRS3818957	BactAnII144z2	MIMS Environmental/Metagenome sample from metagenome	Keywords: GSC:MIxS MIMS:5.0	Illumina MiSeq sequencing: High-Sensitive Detection and Dynamic of Microbiome during Cocoa Bean Fermentation	metagenome	256318	AMPLICON	METAGENOMIC	PCR	PAIRED	ILLUMINA	Illumina MiSeq	10113866	22743	1244301;1735995	ftp.sra.ebi.ac.uk/vol1/fastq/SRR789/008/SRR7899798/SRR7899798_1.fastq.gz;ftp.sra.ebi.ac.uk/vol1/fastq/SRR789/008/SRR7899798/SRR7899798_2.fastq.gz	9839e7f425d22cf68bb4d67f1d426f1e;6bc933edf11f2ebc36192f07faae1e5e	Colombia:Antioquia	2016-06-12			2018-09-26	2018-09-26	bacterial_16s_candidate	true		https://www.ebi.ac.uk/ena/browser/view/PRJNA492720
pacheco_montealegre_2020_colombia	PRJNA492720	PRJNA492720	SRP162530	SRR7899799	SRX4736892	SAMN10112556	SRS3818956	BactAnII144z1	MIMS Environmental/Metagenome sample from metagenome	Keywords: GSC:MIxS MIMS:5.0	Illumina MiSeq sequencing: High-Sensitive Detection and Dynamic of Microbiome during Cocoa Bean Fermentation	metagenome	256318	AMPLICON	METAGENOMIC	PCR	PAIRED	ILLUMINA	Illumina MiSeq	10842102	24380	1229172;1927358	ftp.sra.ebi.ac.uk/vol1/fastq/SRR789/009/SRR7899799/SRR7899799_1.fastq.gz;ftp.sra.ebi.ac.uk/vol1/fastq/SRR789/009/SRR7899799/SRR7899799_2.fastq.gz	f4d5fcc409817b2ec4d4306e22be9e37;34be344f1020382f6c13d9803e059854	Colombia:Antioquia	2016-06-12			2018-09-26	2018-09-26	bacterial_16s_candidate	true		https://www.ebi.ac.uk/ena/browser/view/PRJNA492720
pacheco_montealegre_2020_colombia	PRJNA492720	PRJNA492720	SRP162530	SRR7899800	SRX4736891	SAMN10112597	SRS3818954	BactSaI036z2	MIMS Environmental/Metagenome sample from metagenome	Keywords: GSC:MIxS MIMS:5.0	Illumina MiSeq sequencing: High-Sensitive Detection and Dynamic of Microbiome during Cocoa Bean Fermentation	metagenome	256318	AMPLICON	METAGENOMIC	PCR	PAIRED	ILLUMINA	Illumina MiSeq	17468793	39278	2018517;2913413	ftp.sra.ebi.ac.uk/vol1/fastq/SRR789/000/SRR7899800/SRR7899800_1.fastq.gz;ftp.sra.ebi.ac.uk/vol1/fastq/SRR789/000/SRR7899800/SRR7899800_2.fastq.gz	12ab525de7ab1de896d67b3daf6a56b6;febcea45a1c318745553702aa1f45de7	Colombia:Santander	2016-03-12			2018-09-26	2018-09-26	bacterial_16s_candidate	true		https://www.ebi.ac.uk/ena/browser/view/PRJNA492720
pacheco_montealegre_2020_colombia	PRJNA492720	PRJNA492720	SRP162530	SRR7899801	SRX4736890	SAMN10112549	SRS3818955	BactAnII096z2	MIMS Environmental/Metagenome sample from metagenome	Keywords: GSC:MIxS MIMS:5.0	Illumina MiSeq sequencing: High-Sensitive Detection and Dynamic of Microbiome during Cocoa Bean Fermentation	metagenome	256318	AMPLICON	METAGENOMIC	PCR	PAIRED	ILLUMINA	Illumina MiSeq	8003472	17996	866458;1404586	ftp.sra.ebi.ac.uk/vol1/fastq/SRR789/001/SRR7899801/SRR7899801_1.fastq.gz;ftp.sra.ebi.ac.uk/vol1/fastq/SRR789/001/SRR7899801/SRR7899801_2.fastq.gz	cfc2d54741c971c1aa08cf649f95f1e2;c96bc3b95e18715739b5f56764611824	Colombia:Antioquia	2016-06-10			2018-09-26	2018-09-26	bacterial_16s_candidate	true		https://www.ebi.ac.uk/ena/browser/view/PRJNA492720
pacheco_montealegre_2020_colombia	PRJNA492720	PRJNA492720	SRP162530	SRR7899802	SRX4736889	SAMN10112548	SRS3819039	BactAnII096z1	MIMS Environmental/Metagenome sample from metagenome	Keywords: GSC:MIxS MIMS:5.0	Illumina MiSeq sequencing: High-Sensitive Detection and Dynamic of Microbiome during Cocoa Bean Fermentation	metagenome	256318	AMPLICON	METAGENOMIC	PCR	PAIRED	ILLUMINA	Illumina MiSeq	7264314	16334	784557;1152780	ftp.sra.ebi.ac.uk/vol1/fastq/SRR789/002/SRR7899802/SRR7899802_1.fastq.gz;ftp.sra.ebi.ac.uk/vol1/fastq/SRR789/002/SRR7899802/SRR7899802_2.fastq.gz	a5782a3737b8bc330e5646ec5366b020;2ff0c12863e9b5d3dac21b518cb9c296	Colombia:Antioquia	2016-06-10			2018-09-26	2018-09-26	bacterial_16s_candidate	true		https://www.ebi.ac.uk/ena/browser/view/PRJNA492720
pacheco_montealegre_2020_colombia	PRJNA492720	PRJNA492720	SRP162530	SRR7899803	SRX4736888	SAMN10112551	SRS3818953	BactAnII108z2	MIMS Environmental/Metagenome sample from metagenome	Keywords: GSC:MIxS MIMS:5.0	Illumina MiSeq sequencing: High-Sensitive Detection and Dynamic of Microbiome during Cocoa Bean Fermentation	metagenome	256318	AMPLICON	METAGENOMIC	PCR	PAIRED	ILLUMINA	Illumina MiSeq	2460413	11064	538466	ftp.sra.ebi.ac.uk/vol1/fastq/SRR789/003/SRR7899803/SRR7899803.fastq.gz	2301c31ca829881b1870831c8c7350bf	Colombia:Antioquia	2016-06-11			2018-09-26	2018-09-26	bacterial_16s_candidate	true		https://www.ebi.ac.uk/ena/browser/view/PRJNA492720
pacheco_montealegre_2020_colombia	PRJNA492720	PRJNA492720	SRP162530	SRR7899804	SRX4736887	SAMN10112550	SRS3818952	BactAnII108z1	MIMS Environmental/Metagenome sample from metagenome	Keywords: GSC:MIxS MIMS:5.0	Illumina MiSeq sequencing: High-Sensitive Detection and Dynamic of Microbiome during Cocoa Bean Fermentation	metagenome	256318	AMPLICON	METAGENOMIC	PCR	PAIRED	ILLUMINA	Illumina MiSeq	8874573	19955	972370;1458078	ftp.sra.ebi.ac.uk/vol1/fastq/SRR789/004/SRR7899804/SRR7899804_1.fastq.gz;ftp.sra.ebi.ac.uk/vol1/fastq/SRR789/004/SRR7899804/SRR7899804_2.fastq.gz	452f4963cfaa83090f15ad1671e052a2;49b5d1b26dd75169352b52aace2c5524	Colombia:Antioquia	2016-06-11			2018-09-26	2018-09-26	bacterial_16s_candidate	true		https://www.ebi.ac.uk/ena/browser/view/PRJNA492720
pacheco_montealegre_2020_colombia	PRJNA492720	PRJNA492720	SRP162530	SRR7899805	SRX4736886	SAMN10112553	SRS3818951	BactAnII120z2	MIMS Environmental/Metagenome sample from metagenome	Keywords: GSC:MIxS MIMS:5.0	Illumina MiSeq sequencing: High-Sensitive Detection and Dynamic of Microbiome during Cocoa Bean Fermentation	metagenome	256318	AMPLICON	METAGENOMIC	PCR	PAIRED	ILLUMINA	Illumina MiSeq	15616253	35115	1729703;2915341	ftp.sra.ebi.ac.uk/vol1/fastq/SRR789/005/SRR7899805/SRR7899805_1.fastq.gz;ftp.sra.ebi.ac.uk/vol1/fastq/SRR789/005/SRR7899805/SRR7899805_2.fastq.gz	f02da4e113ba8e4b43cf8b5b66d6d62d;c0cb55f0ae152126c923638ebf90601a	Colombia:Antioquia	2016-06-11			2018-09-26	2018-09-26	bacterial_16s_candidate	true		https://www.ebi.ac.uk/ena/browser/view/PRJNA492720
pacheco_montealegre_2020_colombia	PRJNA492720	PRJNA492720	SRP162530	SRR7899806	SRX4736885	SAMN10112552	SRS3818950	BactAnII120z1	MIMS Environmental/Metagenome sample from metagenome	Keywords: GSC:MIxS MIMS:5.0	Illumina MiSeq sequencing: High-Sensitive Detection and Dynamic of Microbiome during Cocoa Bean Fermentation	metagenome	256318	AMPLICON	METAGENOMIC	PCR	PAIRED	ILLUMINA	Illumina MiSeq	16550339	37215	1859293;2794818	ftp.sra.ebi.ac.uk/vol1/fastq/SRR789/006/SRR7899806/SRR7899806_1.fastq.gz;ftp.sra.ebi.ac.uk/vol1/fastq/SRR789/006/SRR7899806/SRR7899806_2.fastq.gz	0c8e104a533ab3d2d2976ae55c09f685;19712d12c1f65261dfc5a04ff41cfbf2	Colombia:Antioquia	2016-06-11			2018-09-26	2018-09-26	bacterial_16s_candidate	true		https://www.ebi.ac.uk/ena/browser/view/PRJNA492720
pacheco_montealegre_2020_colombia	PRJNA492720	PRJNA492720	SRP162530	SRR7899807	SRX4736884	SAMN10112555	SRS3818949	BactAnII132z2	MIMS Environmental/Metagenome sample from metagenome	Keywords: GSC:MIxS MIMS:5.0	Illumina MiSeq sequencing: High-Sensitive Detection and Dynamic of Microbiome during Cocoa Bean Fermentation	metagenome	256318	AMPLICON	METAGENOMIC	PCR	PAIRED	ILLUMINA	Illumina MiSeq	13424459	30186	1486729;2249579	ftp.sra.ebi.ac.uk/vol1/fastq/SRR789/007/SRR7899807/SRR7899807_1.fastq.gz;ftp.sra.ebi.ac.uk/vol1/fastq/SRR789/007/SRR7899807/SRR7899807_2.fastq.gz	2fe5b9e1eb435c3770367a970bb06e2c;bbb455271f1446070866f8a54539aee9	Colombia:Antioquia	2016-06-12			2018-09-26	2018-09-26	bacterial_16s_candidate	true		https://www.ebi.ac.uk/ena/browser/view/PRJNA492720
pacheco_montealegre_2020_colombia	PRJNA492720	PRJNA492720	SRP162530	SRR7899808	SRX4736883	SAMN10112554	SRS3818948	BactAnII132z1	MIMS Environmental/Metagenome sample from metagenome	Keywords: GSC:MIxS MIMS:5.0	Illumina MiSeq sequencing: High-Sensitive Detection and Dynamic of Microbiome during Cocoa Bean Fermentation	metagenome	256318	AMPLICON	METAGENOMIC	PCR	PAIRED	ILLUMINA	Illumina MiSeq	24724430	55597	2915980;4159697	ftp.sra.ebi.ac.uk/vol1/fastq/SRR789/008/SRR7899808/SRR7899808_1.fastq.gz;ftp.sra.ebi.ac.uk/vol1/fastq/SRR789/008/SRR7899808/SRR7899808_2.fastq.gz	aab148f28025f27ac8ec69b3c04f6067;2f5d10a8899e10bf3ba9f9af674086d3	Colombia:Antioquia	2016-06-12			2018-09-26	2018-09-26	bacterial_16s_candidate	true		https://www.ebi.ac.uk/ena/browser/view/PRJNA492720
pacheco_montealegre_2020_colombia	PRJNA492720	PRJNA492720	SRP162530	SRR7899809	SRX4737174	SAMN10112772	SRS3819238	BactHuIman	MIMS Environmental/Metagenome sample from metagenome	Keywords: GSC:MIxS MIMS:5.0	Illumina MiSeq sequencing: High-Sensitive Detection and Dynamic of Microbiome during Cocoa Bean Fermentation	metagenome	256318	AMPLICON	METAGENOMIC	PCR	PAIRED	ILLUMINA	Illumina MiSeq	5665550	12739	691761;970803	ftp.sra.ebi.ac.uk/vol1/fastq/SRR789/009/SRR7899809/SRR7899809_1.fastq.gz;ftp.sra.ebi.ac.uk/vol1/fastq/SRR789/009/SRR7899809/SRR7899809_2.fastq.gz	217be3bd1f6676371df42e833a4c6811;fe65159f69215f096767cb3cce3b9cfb	Colombia:Huila	2016-02-15			2018-09-26	2018-09-26	not_verified_16s_subset	false	Run does not match the configured, verified bacterial 16S subset	https://www.ebi.ac.uk/ena/browser/view/PRJNA492720
pacheco_montealegre_2020_colombia	PRJNA492720	PRJNA492720	SRP162530	SRR7899810	SRX4737173	SAMN10112537	SRS3819239	BactAnII024z2	MIMS Environmental/Metagenome sample from metagenome	Keywords: GSC:MIxS MIMS:5.0	Illumina MiSeq sequencing: High-Sensitive Detection and Dynamic of Microbiome during Cocoa Bean Fermentation	metagenome	256318	AMPLICON	METAGENOMIC	PCR	PAIRED	ILLUMINA	Illumina MiSeq	14019004	31500	3274942;2684062	ftp.sra.ebi.ac.uk/vol1/fastq/SRR789/000/SRR7899810/SRR7899810_1.fastq.gz;ftp.sra.ebi.ac.uk/vol1/fastq/SRR789/000/SRR7899810/SRR7899810_2.fastq.gz	5ed67ddbfa4dd0e291707980edcf3ee7;39dc21d91edf92bc2fc0a2cfaf8f6040	Colombia:Antioquia	2016-06-07			2018-09-26	2018-09-26	bacterial_16s_candidate	true		https://www.ebi.ac.uk/ena/browser/view/PRJNA492720
pacheco_montealegre_2020_colombia	PRJNA492720	PRJNA492720	SRP162530	SRR7899811	SRX4737172	SAMN10112536	SRS3819237	BactAnII024z1	MIMS Environmental/Metagenome sample from metagenome	Keywords: GSC:MIxS MIMS:5.0	Illumina MiSeq sequencing: High-Sensitive Detection and Dynamic of Microbiome during Cocoa Bean Fermentation	metagenome	256318	AMPLICON	METAGENOMIC	PCR	PAIRED	ILLUMINA	Illumina MiSeq	8794647	19765	1915568;1615534	ftp.sra.ebi.ac.uk/vol1/fastq/SRR789/001/SRR7899811/SRR7899811_1.fastq.gz;ftp.sra.ebi.ac.uk/vol1/fastq/SRR789/001/SRR7899811/SRR7899811_2.fastq.gz	d3cef31b328fefc6c527cea0425b8adf;7219ea2a76d9d8bdd97d223a9bee10d9	Colombia:Antioquia	2016-06-07			2018-09-26	2018-09-26	bacterial_16s_candidate	true		https://www.ebi.ac.uk/ena/browser/view/PRJNA492720
pacheco_montealegre_2020_colombia	PRJNA492720	PRJNA492720	SRP162530	SRR7899812	SRX4737171	SAMN10112535	SRS3819236	BactAnII012z2	MIMS Environmental/Metagenome sample from metagenome	Keywords: GSC:MIxS MIMS:5.0	Illumina MiSeq sequencing: High-Sensitive Detection and Dynamic of Microbiome during Cocoa Bean Fermentation	metagenome	256318	AMPLICON	METAGENOMIC	PCR	PAIRED	ILLUMINA	Illumina MiSeq	6929031	15570	1499773;1260744	ftp.sra.ebi.ac.uk/vol1/fastq/SRR789/002/SRR7899812/SRR7899812_1.fastq.gz;ftp.sra.ebi.ac.uk/vol1/fastq/SRR789/002/SRR7899812/SRR7899812_2.fastq.gz	a72a1fafa1e9b2aecfe651711756e5f6;6450a3d9f2a8a9e2bbbc4330fe951ea0	Colombia:Antioquia	2016-06-07			2018-09-26	2018-09-26	bacterial_16s_candidate	true		https://www.ebi.ac.uk/ena/browser/view/PRJNA492720
pacheco_montealegre_2020_colombia	PRJNA492720	PRJNA492720	SRP162530	SRR7899813	SRX4737170	SAMN10112534	SRS3819234	BactAnII012z1	MIMS Environmental/Metagenome sample from metagenome	Keywords: GSC:MIxS MIMS:5.0	Illumina MiSeq sequencing: High-Sensitive Detection and Dynamic of Microbiome during Cocoa Bean Fermentation	metagenome	256318	AMPLICON	METAGENOMIC	PCR	PAIRED	ILLUMINA	Illumina MiSeq	8384468	18846	1257197;1477213	ftp.sra.ebi.ac.uk/vol1/fastq/SRR789/003/SRR7899813/SRR7899813_1.fastq.gz;ftp.sra.ebi.ac.uk/vol1/fastq/SRR789/003/SRR7899813/SRR7899813_2.fastq.gz	ed10f93d2c0584158fffc1d6edbc1204;0e969b9b81b98c268f2e58b9a541d0f8	Colombia:Antioquia	2016-06-07			2018-09-26	2018-09-26	bacterial_16s_candidate	true		https://www.ebi.ac.uk/ena/browser/view/PRJNA492720
pacheco_montealegre_2020_colombia	PRJNA492720	PRJNA492720	SRP162530	SRR7899814	SRX4737169	SAMN10112533	SRS3819235	BactAnII000z2	MIMS Environmental/Metagenome sample from metagenome	Keywords: GSC:MIxS MIMS:5.0	Illumina MiSeq sequencing: High-Sensitive Detection and Dynamic of Microbiome during Cocoa Bean Fermentation	metagenome	256318	AMPLICON	METAGENOMIC	PCR	PAIRED	ILLUMINA	Illumina MiSeq	9991693	22450	1538423;1706593	ftp.sra.ebi.ac.uk/vol1/fastq/SRR789/004/SRR7899814/SRR7899814_1.fastq.gz;ftp.sra.ebi.ac.uk/vol1/fastq/SRR789/004/SRR7899814/SRR7899814_2.fastq.gz	8d9676ecd9245ffa2d86e85794c40115;7b88be15ac39b17dc6a60c464732d0e8	Colombia:Antioquia	2016-06-06			2018-09-26	2018-09-26	bacterial_16s_candidate	true		https://www.ebi.ac.uk/ena/browser/view/PRJNA492720
pacheco_montealegre_2020_colombia	PRJNA492720	PRJNA492720	SRP162530	SRR7899815	SRX4737168	SAMN10112532	SRS3819233	BactAnII000z1	MIMS Environmental/Metagenome sample from metagenome	Keywords: GSC:MIxS MIMS:5.0	Illumina MiSeq sequencing: High-Sensitive Detection and Dynamic of Microbiome during Cocoa Bean Fermentation	metagenome	256318	AMPLICON	METAGENOMIC	PCR	PAIRED	ILLUMINA	Illumina MiSeq	4464507	10031	928561;870211	ftp.sra.ebi.ac.uk/vol1/fastq/SRR789/005/SRR7899815/SRR7899815_1.fastq.gz;ftp.sra.ebi.ac.uk/vol1/fastq/SRR789/005/SRR7899815/SRR7899815_2.fastq.gz	2caa4532adcaddf9b20e7f6267a87619;f2826a72a67afc8588ff7e19dd8ca2fd	Colombia:Antioquia	2016-06-06			2018-09-26	2018-09-26	bacterial_16s_candidate	true		https://www.ebi.ac.uk/ena/browser/view/PRJNA492720
pacheco_montealegre_2020_colombia	PRJNA492720	PRJNA492720	SRP162530	SRR7899816	SRX4737167	SAMN10112531	SRS3819232	BactAnI132z2	MIMS Environmental/Metagenome sample from metagenome	Keywords: GSC:MIxS MIMS:5.0	Illumina MiSeq sequencing: High-Sensitive Detection and Dynamic of Microbiome during Cocoa Bean Fermentation	metagenome	256318	AMPLICON	METAGENOMIC	PCR	PAIRED	ILLUMINA	Illumina MiSeq	10693431	24047	1266282;1905455	ftp.sra.ebi.ac.uk/vol1/fastq/SRR789/006/SRR7899816/SRR7899816_1.fastq.gz;ftp.sra.ebi.ac.uk/vol1/fastq/SRR789/006/SRR7899816/SRR7899816_2.fastq.gz	c405220ebd79ca31ad62c9bc937d320f;ea1f12fe0d1fd4b19828917f89cd5785	Colombia:Antioquia	2016-05-09			2018-09-26	2018-09-26	bacterial_16s_candidate	true		https://www.ebi.ac.uk/ena/browser/view/PRJNA492720
pacheco_montealegre_2020_colombia	PRJNA492720	PRJNA492720	SRP162530	SRR7899817	SRX4737166	SAMN10112530	SRS3819231	BactAnI132z1	MIMS Environmental/Metagenome sample from metagenome	Keywords: GSC:MIxS MIMS:5.0	Illumina MiSeq sequencing: High-Sensitive Detection and Dynamic of Microbiome during Cocoa Bean Fermentation	metagenome	256318	AMPLICON	METAGENOMIC	PCR	PAIRED	ILLUMINA	Illumina MiSeq	12085551	27179	1539116;2029927	ftp.sra.ebi.ac.uk/vol1/fastq/SRR789/007/SRR7899817/SRR7899817_1.fastq.gz;ftp.sra.ebi.ac.uk/vol1/fastq/SRR789/007/SRR7899817/SRR7899817_2.fastq.gz	fdc2eac9672e10cd940f9cba6e0611ac;7cb29a76a2d726a20dad38caf6c97630	Colombia:Antioquia	2016-05-09			2018-09-26	2018-09-26	bacterial_16s_candidate	true		https://www.ebi.ac.uk/ena/browser/view/PRJNA492720
pacheco_montealegre_2020_colombia	PRJNA492720	PRJNA492720	SRP162530	SRR7899818	SRX4737165	SAMN10112529	SRS3819230	BactAnI120z2	MIMS Environmental/Metagenome sample from metagenome	Keywords: GSC:MIxS MIMS:5.0	Illumina MiSeq sequencing: High-Sensitive Detection and Dynamic of Microbiome during Cocoa Bean Fermentation	metagenome	256318	AMPLICON	METAGENOMIC	PCR	PAIRED	ILLUMINA	Illumina MiSeq	7915961	17800	895913;1308073	ftp.sra.ebi.ac.uk/vol1/fastq/SRR789/008/SRR7899818/SRR7899818_1.fastq.gz;ftp.sra.ebi.ac.uk/vol1/fastq/SRR789/008/SRR7899818/SRR7899818_2.fastq.gz	ace4d45e5c24647a555c6083d5716191;19d299930f1e6ae7e49eead23c435bc1	Colombia:Antioquia	2016-05-08			2018-09-26	2018-09-26	bacterial_16s_candidate	true		https://www.ebi.ac.uk/ena/browser/view/PRJNA492720
pacheco_montealegre_2020_colombia	PRJNA492720	PRJNA492720	SRP162530	SRR7899819	SRX4737164	SAMN10112528	SRS3819229	BactAnI120z1	MIMS Environmental/Metagenome sample from metagenome	Keywords: GSC:MIxS MIMS:5.0	Illumina MiSeq sequencing: High-Sensitive Detection and Dynamic of Microbiome during Cocoa Bean Fermentation	metagenome	256318	AMPLICON	METAGENOMIC	PCR	PAIRED	ILLUMINA	Illumina MiSeq	14462018	32519	1551531;2627792	ftp.sra.ebi.ac.uk/vol1/fastq/SRR789/009/SRR7899819/SRR7899819_1.fastq.gz;ftp.sra.ebi.ac.uk/vol1/fastq/SRR789/009/SRR7899819/SRR7899819_2.fastq.gz	89f568e55b00197863b9722d9f658fa0;eab60010173e64543590a0ed611bdca5	Colombia:Antioquia	2016-05-08			2018-09-26	2018-09-26	bacterial_16s_candidate	true		https://www.ebi.ac.uk/ena/browser/view/PRJNA492720
pacheco_montealegre_2020_colombia	PRJNA492720	PRJNA492720	SRP162530	SRR7899820	SRX4737163	SAMN10112660	SRS3819228	YeastAnI48z2	MIMS Environmental/Metagenome sample from metagenome	Keywords: GSC:MIxS MIMS:5.0	Illumina MiSeq sequencing: High-Sensitive Detection and Dynamic of Microbiome during Cocoa Bean Fermentation	metagenome	256318	AMPLICON	METAGENOMIC	PCR	PAIRED	ILLUMINA	Illumina MiSeq	1412524	3054	318876;347013	ftp.sra.ebi.ac.uk/vol1/fastq/SRR789/000/SRR7899820/SRR7899820_1.fastq.gz;ftp.sra.ebi.ac.uk/vol1/fastq/SRR789/000/SRR7899820/SRR7899820_2.fastq.gz	d2e0231eae496ada06db4ebfe6bb2e05;fe543141a9604cbc76fa97ea61ffcd95	Colombia:Antioquia	2016-05-05			2018-09-26	2018-09-26	non_bacterial_marker	false	ITS/fungal run is outside bacterial 16S scope	https://www.ebi.ac.uk/ena/browser/view/PRJNA492720
pacheco_montealegre_2020_colombia	PRJNA492720	PRJNA492720	SRP162530	SRR7899821	SRX4737162	SAMN10112661	SRS3819227	YeastAnI60z1	MIMS Environmental/Metagenome sample from metagenome	Keywords: GSC:MIxS MIMS:5.0	Illumina MiSeq sequencing: High-Sensitive Detection and Dynamic of Microbiome during Cocoa Bean Fermentation	metagenome	256318	AMPLICON	METAGENOMIC	PCR	PAIRED	ILLUMINA	Illumina MiSeq	1362115	2946	301553;334794	ftp.sra.ebi.ac.uk/vol1/fastq/SRR789/001/SRR7899821/SRR7899821_1.fastq.gz;ftp.sra.ebi.ac.uk/vol1/fastq/SRR789/001/SRR7899821/SRR7899821_2.fastq.gz	4d4c55c5db3a9a423beb270942436ecf;cc3769628d659c0b46f14a5da9b39b6b	Colombia:Antioquia	2016-05-06			2018-09-26	2018-09-26	non_bacterial_marker	false	ITS/fungal run is outside bacterial 16S scope	https://www.ebi.ac.uk/ena/browser/view/PRJNA492720
pacheco_montealegre_2020_colombia	PRJNA492720	PRJNA492720	SRP162530	SRR7899822	SRX4737161	SAMN10112658	SRS3819226	YeastAnI36z2	MIMS Environmental/Metagenome sample from metagenome	Keywords: GSC:MIxS MIMS:5.0	Illumina MiSeq sequencing: High-Sensitive Detection and Dynamic of Microbiome during Cocoa Bean Fermentation	metagenome	256318	AMPLICON	METAGENOMIC	PCR	PAIRED	ILLUMINA	Illumina MiSeq	2656493	5731	674396;714504	ftp.sra.ebi.ac.uk/vol1/fastq/SRR789/002/SRR7899822/SRR7899822_1.fastq.gz;ftp.sra.ebi.ac.uk/vol1/fastq/SRR789/002/SRR7899822/SRR7899822_2.fastq.gz	59ae2065db06a4ee9c648013995c0a7e;5fd61d82398119fd1fb19a1398a23286	Colombia:Antioquia	2016-05-05			2018-09-26	2018-09-26	non_bacterial_marker	false	ITS/fungal run is outside bacterial 16S scope	https://www.ebi.ac.uk/ena/browser/view/PRJNA492720
pacheco_montealegre_2020_colombia	PRJNA492720	PRJNA492720	SRP162530	SRR7899823	SRX4737160	SAMN10112659	SRS3819225	YeastAnI48z1	MIMS Environmental/Metagenome sample from metagenome	Keywords: GSC:MIxS MIMS:5.0	Illumina MiSeq sequencing: High-Sensitive Detection and Dynamic of Microbiome during Cocoa Bean Fermentation	metagenome	256318	AMPLICON	METAGENOMIC	PCR	PAIRED	ILLUMINA	Illumina MiSeq	1918687	4145	498881;565080	ftp.sra.ebi.ac.uk/vol1/fastq/SRR789/003/SRR7899823/SRR7899823_1.fastq.gz;ftp.sra.ebi.ac.uk/vol1/fastq/SRR789/003/SRR7899823/SRR7899823_2.fastq.gz	0cf3f805909887b1dbae65111226e670;da4e957d6c5a28ec855dae7c85a5eb31	Colombia:Antioquia	2016-05-05			2018-09-26	2018-09-26	non_bacterial_marker	false	ITS/fungal run is outside bacterial 16S scope	https://www.ebi.ac.uk/ena/browser/view/PRJNA492720
pacheco_montealegre_2020_colombia	PRJNA492720	PRJNA492720	SRP162530	SRR7899824	SRX4737159	SAMN10112664	SRS3819224	YeastAnI72z2	MIMS Environmental/Metagenome sample from metagenome	Keywords: GSC:MIxS MIMS:5.0	Illumina MiSeq sequencing: High-Sensitive Detection and Dynamic of Microbiome during Cocoa Bean Fermentation	metagenome	256318	AMPLICON	METAGENOMIC	PCR	PAIRED	ILLUMINA	Illumina MiSeq	4840278	10444	1297767;1475794	ftp.sra.ebi.ac.uk/vol1/fastq/SRR789/004/SRR7899824/SRR7899824_1.fastq.gz;ftp.sra.ebi.ac.uk/vol1/fastq/SRR789/004/SRR7899824/SRR7899824_2.fastq.gz	d4110019a8b96f98fce9a6be40fa2a0b;e0e0e6fe8505a8a8c2b8930654d66bc6	Colombia:Antioquia	2016-05-06			2018-09-26	2018-09-26	non_bacterial_marker	false	ITS/fungal run is outside bacterial 16S scope	https://www.ebi.ac.uk/ena/browser/view/PRJNA492720
pacheco_montealegre_2020_colombia	PRJNA492720	PRJNA492720	SRP162530	SRR7899825	SRX4737158	SAMN10112665	SRS3819223	YeastAnI84z1	MIMS Environmental/Metagenome sample from metagenome	Keywords: GSC:MIxS MIMS:5.0	Illumina MiSeq sequencing: High-Sensitive Detection and Dynamic of Microbiome during Cocoa Bean Fermentation	metagenome	256318	AMPLICON	METAGENOMIC	PCR	PAIRED	ILLUMINA	Illumina MiSeq	5546613	11968	1602922;1758145	ftp.sra.ebi.ac.uk/vol1/fastq/SRR789/005/SRR7899825/SRR7899825_1.fastq.gz;ftp.sra.ebi.ac.uk/vol1/fastq/SRR789/005/SRR7899825/SRR7899825_2.fastq.gz	d408324ba05af226c90ebbd50012795e;f9348f69b3da292dc98d7e9620f77b59	Colombia:Antioquia	2016-05-07			2018-09-26	2018-09-26	non_bacterial_marker	false	ITS/fungal run is outside bacterial 16S scope	https://www.ebi.ac.uk/ena/browser/view/PRJNA492720
pacheco_montealegre_2020_colombia	PRJNA492720	PRJNA492720	SRP162530	SRR7899826	SRX4737157	SAMN10112662	SRS3819222	YeastAnI60z2	MIMS Environmental/Metagenome sample from metagenome	Keywords: GSC:MIxS MIMS:5.0	Illumina MiSeq sequencing: High-Sensitive Detection and Dynamic of Microbiome during Cocoa Bean Fermentation	metagenome	256318	AMPLICON	METAGENOMIC	PCR	PAIRED	ILLUMINA	Illumina MiSeq	6027	13	1884;2003	ftp.sra.ebi.ac.uk/vol1/fastq/SRR789/006/SRR7899826/SRR7899826_1.fastq.gz;ftp.sra.ebi.ac.uk/vol1/fastq/SRR789/006/SRR7899826/SRR7899826_2.fastq.gz	07ec27557083f79ac9c53fb11a0992d0;8d5fa27b451b121e4b654c579e5374e1	Colombia:Antioquia	2016-05-06			2018-09-26	2018-09-26	non_bacterial_marker	false	ITS/fungal run is outside bacterial 16S scope	https://www.ebi.ac.uk/ena/browser/view/PRJNA492720
pacheco_montealegre_2020_colombia	PRJNA492720	PRJNA492720	SRP162530	SRR7899827	SRX4737156	SAMN10112663	SRS3819221	YeastAnI72z1	MIMS Environmental/Metagenome sample from metagenome	Keywords: GSC:MIxS MIMS:5.0	Illumina MiSeq sequencing: High-Sensitive Detection and Dynamic of Microbiome during Cocoa Bean Fermentation	metagenome	256318	AMPLICON	METAGENOMIC	PCR	PAIRED	ILLUMINA	Illumina MiSeq	4157336	8980	1067600;1187967	ftp.sra.ebi.ac.uk/vol1/fastq/SRR789/007/SRR7899827/SRR7899827_1.fastq.gz;ftp.sra.ebi.ac.uk/vol1/fastq/SRR789/007/SRR7899827/SRR7899827_2.fastq.gz	0581071f05a7560cd76ee9328acc3259;dafac40a5710b62d83467931a2e883ec	Colombia:Antioquia	2016-05-06			2018-09-26	2018-09-26	non_bacterial_marker	false	ITS/fungal run is outside bacterial 16S scope	https://www.ebi.ac.uk/ena/browser/view/PRJNA492720
pacheco_montealegre_2020_colombia	PRJNA492720	PRJNA492720	SRP162530	SRR7899828	SRX4737155	SAMN10112666	SRS3819220	YeastAnI84z2	MIMS Environmental/Metagenome sample from metagenome	Keywords: GSC:MIxS MIMS:5.0	Illumina MiSeq sequencing: High-Sensitive Detection and Dynamic of Microbiome during Cocoa Bean Fermentation	metagenome	256318	AMPLICON	METAGENOMIC	PCR	PAIRED	ILLUMINA	Illumina MiSeq	1390	3	671;662	ftp.sra.ebi.ac.uk/vol1/fastq/SRR789/008/SRR7899828/SRR7899828_1.fastq.gz;ftp.sra.ebi.ac.uk/vol1/fastq/SRR789/008/SRR7899828/SRR7899828_2.fastq.gz	e3fdaaf32b8c6b90bf5111b5c2e841fe;8fbaf83b29bd098d97bc1fa0e8c9203c	Colombia:Antioquia	2016-05-07			2018-09-26	2018-09-26	non_bacterial_marker	false	ITS/fungal run is outside bacterial 16S scope	https://www.ebi.ac.uk/ena/browser/view/PRJNA492720
pacheco_montealegre_2020_colombia	PRJNA492720	PRJNA492720	SRP162530	SRR7899829	SRX4737154	SAMN10112667	SRS3819219	YeastAnI96z1	MIMS Environmental/Metagenome sample from metagenome	Keywords: GSC:MIxS MIMS:5.0	Illumina MiSeq sequencing: High-Sensitive Detection and Dynamic of Microbiome during Cocoa Bean Fermentation	metagenome	256318	AMPLICON	METAGENOMIC	PCR	PAIRED	ILLUMINA	Illumina MiSeq	6863551	14813	2202085;2345823	ftp.sra.ebi.ac.uk/vol1/fastq/SRR789/009/SRR7899829/SRR7899829_1.fastq.gz;ftp.sra.ebi.ac.uk/vol1/fastq/SRR789/009/SRR7899829/SRR7899829_2.fastq.gz	778b744a15b8f2727e490249537c7434;61f9263acf5de1ac711a2a2ab3c47fe9	Colombia:Antioquia	2016-05-07			2018-09-26	2018-09-26	non_bacterial_marker	false	ITS/fungal run is outside bacterial 16S scope	https://www.ebi.ac.uk/ena/browser/view/PRJNA492720
pacheco_montealegre_2020_colombia	PRJNA492720	PRJNA492720	SRP162530	SRR7899830	SRX4737153	SAMN10112771	SRS3819217	BactAnIcajF	MIMS Environmental/Metagenome sample from metagenome	Keywords: GSC:MIxS MIMS:5.0	Illumina MiSeq sequencing: High-Sensitive Detection and Dynamic of Microbiome during Cocoa Bean Fermentation	metagenome	256318	AMPLICON	METAGENOMIC	PCR	PAIRED	ILLUMINA	Illumina MiSeq	10120783	22748	1941884;2402761	ftp.sra.ebi.ac.uk/vol1/fastq/SRR789/000/SRR7899830/SRR7899830_1.fastq.gz;ftp.sra.ebi.ac.uk/vol1/fastq/SRR789/000/SRR7899830/SRR7899830_2.fastq.gz	f19dca2522440151591a35229ac677da;8cdf60807c7f992fad1c6bf805cf65f1	Colombia:Antioquia	2016-05-03			2018-09-26	2018-09-26	not_verified_16s_subset	false	Run does not match the configured, verified bacterial 16S subset	https://www.ebi.ac.uk/ena/browser/view/PRJNA492720
pacheco_montealegre_2020_colombia	PRJNA492720	PRJNA492720	SRP162530	SRR7899831	SRX4737152	SAMN10112770	SRS3819218	BactAnIguaD	MIMS Environmental/Metagenome sample from metagenome	Keywords: GSC:MIxS MIMS:5.0	Illumina MiSeq sequencing: High-Sensitive Detection and Dynamic of Microbiome during Cocoa Bean Fermentation	metagenome	256318	AMPLICON	METAGENOMIC	PCR	PAIRED	ILLUMINA	Illumina MiSeq	11567013	26005	1869716;2350259	ftp.sra.ebi.ac.uk/vol1/fastq/SRR789/001/SRR7899831/SRR7899831_1.fastq.gz;ftp.sra.ebi.ac.uk/vol1/fastq/SRR789/001/SRR7899831/SRR7899831_2.fastq.gz	de88ea4ed001b8828ca4c2d5b1d54de4;d16974862a53ab19ab764cdf7ec278d7	Colombia:Antioquia	2016-05-03			2018-09-26	2018-09-26	not_verified_16s_subset	false	Run does not match the configured, verified bacterial 16S subset	https://www.ebi.ac.uk/ena/browser/view/PRJNA492720
pacheco_montealegre_2020_colombia	PRJNA492720	PRJNA492720	SRP162530	SRR7899832	SRX4737151	SAMN10112513	SRS3819215	BactAnI024z2	MIMS Environmental/Metagenome sample from metagenome	Keywords: GSC:MIxS MIMS:5.0	Illumina MiSeq sequencing: High-Sensitive Detection and Dynamic of Microbiome during Cocoa Bean Fermentation	metagenome	256318	AMPLICON	METAGENOMIC	PCR	PAIRED	ILLUMINA	Illumina MiSeq	12162782	27341	2356981;2281022	ftp.sra.ebi.ac.uk/vol1/fastq/SRR789/002/SRR7899832/SRR7899832_1.fastq.gz;ftp.sra.ebi.ac.uk/vol1/fastq/SRR789/002/SRR7899832/SRR7899832_2.fastq.gz	4f1f081ba6385328cba21344559bd90b;c82e9bfc5009e8901b27810e51232ac7	Colombia:Antioquia	2016-05-04			2018-09-26	2018-09-26	bacterial_16s_candidate	true		https://www.ebi.ac.uk/ena/browser/view/PRJNA492720
pacheco_montealegre_2020_colombia	PRJNA492720	PRJNA492720	SRP162530	SRR7899833	SRX4737150	SAMN10112759	SRS3819216	YeastSaII132z2	MIMS Environmental/Metagenome sample from metagenome	Keywords: GSC:MIxS MIMS:5.0	Illumina MiSeq sequencing: High-Sensitive Detection and Dynamic of Microbiome during Cocoa Bean Fermentation	metagenome	256318	AMPLICON	METAGENOMIC	PCR	PAIRED	ILLUMINA	Illumina MiSeq	2294732	4951	593841;708537	ftp.sra.ebi.ac.uk/vol1/fastq/SRR789/003/SRR7899833/SRR7899833_1.fastq.gz;ftp.sra.ebi.ac.uk/vol1/fastq/SRR789/003/SRR7899833/SRR7899833_2.fastq.gz	b0425cfdbda655994b94d5039885283a;c035a2e12c6b2ea9ec93e4dd4f3018ea	Colombia:Santander	2016-06-12			2018-09-26	2018-09-26	non_bacterial_marker	false	ITS/fungal run is outside bacterial 16S scope	https://www.ebi.ac.uk/ena/browser/view/PRJNA492720
pacheco_montealegre_2020_colombia	PRJNA492720	PRJNA492720	SRP162530	SRR7899834	SRX4737149	SAMN10112758	SRS3819214	YeastSaII132z1	MIMS Environmental/Metagenome sample from metagenome	Keywords: GSC:MIxS MIMS:5.0	Illumina MiSeq sequencing: High-Sensitive Detection and Dynamic of Microbiome during Cocoa Bean Fermentation	metagenome	256318	AMPLICON	METAGENOMIC	PCR	PAIRED	ILLUMINA	Illumina MiSeq	1938652	4183	533204;609821	ftp.sra.ebi.ac.uk/vol1/fastq/SRR789/004/SRR7899834/SRR7899834_1.fastq.gz;ftp.sra.ebi.ac.uk/vol1/fastq/SRR789/004/SRR7899834/SRR7899834_2.fastq.gz	c3e3d9f661340a7fbc30733d0ef80981;702a51e2706f2036d69dceebe37a2153	Colombia:Santander	2016-06-12			2018-09-26	2018-09-26	non_bacterial_marker	false	ITS/fungal run is outside bacterial 16S scope	https://www.ebi.ac.uk/ena/browser/view/PRJNA492720
pacheco_montealegre_2020_colombia	PRJNA492720	PRJNA492720	SRP162530	SRR7899835	SRX4737148	SAMN10112765	SRS3819213	BactAnIcosF	MIMS Environmental/Metagenome sample from metagenome	Keywords: GSC:MIxS MIMS:5.0	Illumina MiSeq sequencing: High-Sensitive Detection and Dynamic of Microbiome during Cocoa Bean Fermentation	metagenome	256318	AMPLICON	METAGENOMIC	PCR	PAIRED	ILLUMINA	Illumina MiSeq	6431356	14451	1308810;1283861	ftp.sra.ebi.ac.uk/vol1/fastq/SRR789/005/SRR7899835/SRR7899835_1.fastq.gz;ftp.sra.ebi.ac.uk/vol1/fastq/SRR789/005/SRR7899835/SRR7899835_2.fastq.gz	e0c67c37d756af1bf74bbd03e1eaf17f;95694f01782c0886607af4ad152f1629	Colombia:Antioquia	2016-05-07			2018-09-26	2018-09-26	not_verified_16s_subset	false	Run does not match the configured, verified bacterial 16S subset	https://www.ebi.ac.uk/ena/browser/view/PRJNA492720
pacheco_montealegre_2020_colombia	PRJNA492720	PRJNA492720	SRP162530	SRR7899836	SRX4737147	SAMN10112764	SRS3819212	BactAnIcanP	MIMS Environmental/Metagenome sample from metagenome	Keywords: GSC:MIxS MIMS:5.0	Illumina MiSeq sequencing: High-Sensitive Detection and Dynamic of Microbiome during Cocoa Bean Fermentation	metagenome	256318	AMPLICON	METAGENOMIC	PCR	PAIRED	ILLUMINA	Illumina MiSeq	6089337	13693	777266;1068819	ftp.sra.ebi.ac.uk/vol1/fastq/SRR789/006/SRR7899836/SRR7899836_1.fastq.gz;ftp.sra.ebi.ac.uk/vol1/fastq/SRR789/006/SRR7899836/SRR7899836_2.fastq.gz	e0c743332dd972ef3665386032a4fdac;b88856cac646cb926686715247586cdc	Colombia:Antioquia	2016-05-03			2018-09-26	2018-09-26	not_verified_16s_subset	false	Run does not match the configured, verified bacterial 16S subset	https://www.ebi.ac.uk/ena/browser/view/PRJNA492720
pacheco_montealegre_2020_colombia	PRJNA492720	PRJNA492720	SRP162530	SRR7899837	SRX4737146	SAMN10112510	SRS3819211	BactAnI012z1	MIMS Environmental/Metagenome sample from metagenome	Keywords: GSC:MIxS MIMS:5.0	Illumina MiSeq sequencing: High-Sensitive Detection and Dynamic of Microbiome during Cocoa Bean Fermentation	metagenome	256318	AMPLICON	METAGENOMIC	PCR	PAIRED	ILLUMINA	Illumina MiSeq	12364098	27781	1509288;2098012	ftp.sra.ebi.ac.uk/vol1/fastq/SRR789/007/SRR7899837/SRR7899837_1.fastq.gz;ftp.sra.ebi.ac.uk/vol1/fastq/SRR789/007/SRR7899837/SRR7899837_2.fastq.gz	9ff69af5907339ce8dc11f45191e3f61;3f52403e2d2404ca8e325f72d65f6b66	Colombia:Antioquia	2016-05-04			2018-09-26	2018-09-26	bacterial_16s_candidate	true		https://www.ebi.ac.uk/ena/browser/view/PRJNA492720
pacheco_montealegre_2020_colombia	PRJNA492720	PRJNA492720	SRP162530	SRR7899838	SRX4737145	SAMN10112766	SRS3819210	BactAnIpalD	MIMS Environmental/Metagenome sample from metagenome	Keywords: GSC:MIxS MIMS:5.0	Illumina MiSeq sequencing: High-Sensitive Detection and Dynamic of Microbiome during Cocoa Bean Fermentation	metagenome	256318	AMPLICON	METAGENOMIC	PCR	PAIRED	ILLUMINA	Illumina MiSeq	4516502	10149	1004938;986385	ftp.sra.ebi.ac.uk/vol1/fastq/SRR789/008/SRR7899838/SRR7899838_1.fastq.gz;ftp.sra.ebi.ac.uk/vol1/fastq/SRR789/008/SRR7899838/SRR7899838_2.fastq.gz	337175e316cb7e823cbfe885ef130c8d;0967bec8406ceb43954943a677d9fdf5	Colombia:Antioquia	2016-05-03			2018-09-26	2018-09-26	not_verified_16s_subset	false	Run does not match the configured, verified bacterial 16S subset	https://www.ebi.ac.uk/ena/browser/view/PRJNA492720
pacheco_montealegre_2020_colombia	PRJNA492720	PRJNA492720	SRP162530	SRR7899839	SRX4737144	SAMN10112769	SRS3819209	BactAnIpalV	MIMS Environmental/Metagenome sample from metagenome	Keywords: GSC:MIxS MIMS:5.0	Illumina MiSeq sequencing: High-Sensitive Detection and Dynamic of Microbiome during Cocoa Bean Fermentation	metagenome	256318	AMPLICON	METAGENOMIC	PCR	PAIRED	ILLUMINA	Illumina MiSeq	12249787	27547	316868;334940	ftp.sra.ebi.ac.uk/vol1/fastq/SRR789/009/SRR7899839/SRR7899839_1.fastq.gz;ftp.sra.ebi.ac.uk/vol1/fastq/SRR789/009/SRR7899839/SRR7899839_2.fastq.gz	2786b048fc9f3714a2822935da3da192;6c280a98195e438c700d8de393d956e0	Colombia:Antioquia	2016-05-07			2018-09-26	2018-09-26	not_verified_16s_subset	false	Run does not match the configured, verified bacterial 16S subset	https://www.ebi.ac.uk/ena/browser/view/PRJNA492720
pacheco_montealegre_2020_colombia	PRJNA492720	PRJNA492720	SRP162530	SRR7899840	SRX4737143	SAMN10112768	SRS3819208	BactAnIconA	MIMS Environmental/Metagenome sample from metagenome	Keywords: GSC:MIxS MIMS:5.0	Illumina MiSeq sequencing: High-Sensitive Detection and Dynamic of Microbiome during Cocoa Bean Fermentation	metagenome	256318	AMPLICON	METAGENOMIC	PCR	PAIRED	ILLUMINA	Illumina MiSeq	9163962	20608	1230743;1644599	ftp.sra.ebi.ac.uk/vol1/fastq/SRR789/000/SRR7899840/SRR7899840_1.fastq.gz;ftp.sra.ebi.ac.uk/vol1/fastq/SRR789/000/SRR7899840/SRR7899840_2.fastq.gz	df942e74f1a38087815465240d1152d8;1959226110c4695ecbf4d0e431b68189	Colombia:Antioquia	2016-05-02			2018-09-26	2018-09-26	not_verified_16s_subset	false	Run does not match the configured, verified bacterial 16S subset	https://www.ebi.ac.uk/ena/browser/view/PRJNA492720
pacheco_montealegre_2020_colombia	PRJNA492720	PRJNA492720	SRP162530	SRR7899841	SRX4737142	SAMN10112511	SRS3819207	BactAnI012z2	MIMS Environmental/Metagenome sample from metagenome	Keywords: GSC:MIxS MIMS:5.0	Illumina MiSeq sequencing: High-Sensitive Detection and Dynamic of Microbiome during Cocoa Bean Fermentation	metagenome	256318	AMPLICON	METAGENOMIC	PCR	PAIRED	ILLUMINA	Illumina MiSeq	12257758	27548	1920956;2285839	ftp.sra.ebi.ac.uk/vol1/fastq/SRR789/001/SRR7899841/SRR7899841_1.fastq.gz;ftp.sra.ebi.ac.uk/vol1/fastq/SRR789/001/SRR7899841/SRR7899841_2.fastq.gz	a629423f22fee83f1555e754ed0e48f5;32d7b244b9f53a5dcc701b3b11fa2d94	Colombia:Antioquia	2016-05-04			2018-09-26	2018-09-26	bacterial_16s_candidate	true		https://www.ebi.ac.uk/ena/browser/view/PRJNA492720
pacheco_montealegre_2020_colombia	PRJNA492720	PRJNA492720	SRP162530	SRR7899842	SRX4737141	SAMN10112567	SRS3819206	BactHuI084z1	MIMS Environmental/Metagenome sample from metagenome	Keywords: GSC:MIxS MIMS:5.0	Illumina MiSeq sequencing: High-Sensitive Detection and Dynamic of Microbiome during Cocoa Bean Fermentation	metagenome	256318	AMPLICON	METAGENOMIC	PCR	PAIRED	ILLUMINA	Illumina MiSeq	21963343	49390	2617169;4030703	ftp.sra.ebi.ac.uk/vol1/fastq/SRR789/002/SRR7899842/SRR7899842_1.fastq.gz;ftp.sra.ebi.ac.uk/vol1/fastq/SRR789/002/SRR7899842/SRR7899842_2.fastq.gz	afd9dd360fe3ca15c1ad5be06150dc61;aaec12dfd9c26cdb54255d9c982ef1de	Colombia:Huila	2016-02-19			2018-09-26	2018-09-26	not_verified_16s_subset	false	Run does not match the configured, verified bacterial 16S subset	https://www.ebi.ac.uk/ena/browser/view/PRJNA492720
pacheco_montealegre_2020_colombia	PRJNA492720	PRJNA492720	SRP162530	SRR7899843	SRX4737140	SAMN10112611	SRS3819205	BactSaII000z2	MIMS Environmental/Metagenome sample from metagenome	Keywords: GSC:MIxS MIMS:5.0	Illumina MiSeq sequencing: High-Sensitive Detection and Dynamic of Microbiome during Cocoa Bean Fermentation	metagenome	256318	AMPLICON	METAGENOMIC	PCR	PAIRED	ILLUMINA	Illumina MiSeq	18663003	41953	3537420;3761488	ftp.sra.ebi.ac.uk/vol1/fastq/SRR789/003/SRR7899843/SRR7899843_1.fastq.gz;ftp.sra.ebi.ac.uk/vol1/fastq/SRR789/003/SRR7899843/SRR7899843_2.fastq.gz	9da614943e65a00674a5063c15e997f8;feceeea1308f37af909995a2c99fe8fd	Colombia:Santander	2016-06-06			2018-09-26	2018-09-26	bacterial_16s_candidate	true		https://www.ebi.ac.uk/ena/browser/view/PRJNA492720
pacheco_montealegre_2020_colombia	PRJNA492720	PRJNA492720	SRP162530	SRR7899844	SRX4737139	SAMN10112561	SRS3819204	BactHuI036z2	MIMS Environmental/Metagenome sample from metagenome	Keywords: GSC:MIxS MIMS:5.0	Illumina MiSeq sequencing: High-Sensitive Detection and Dynamic of Microbiome during Cocoa Bean Fermentation	metagenome	256318	AMPLICON	METAGENOMIC	PCR	PAIRED	ILLUMINA	Illumina MiSeq	13981097	31414	2743768;2722175	ftp.sra.ebi.ac.uk/vol1/fastq/SRR789/004/SRR7899844/SRR7899844_1.fastq.gz;ftp.sra.ebi.ac.uk/vol1/fastq/SRR789/004/SRR7899844/SRR7899844_2.fastq.gz	ea339d08d0d905ddf7e46ebfd4bb003d;8d06e63a06ad8b54dae8ab6c6d51b624	Colombia:Huila	2016-02-17			2018-09-26	2018-09-26	not_verified_16s_subset	false	Run does not match the configured, verified bacterial 16S subset	https://www.ebi.ac.uk/ena/browser/view/PRJNA492720
pacheco_montealegre_2020_colombia	PRJNA492720	PRJNA492720	SRP162530	SRR7899845	SRX4737138	SAMN10112558	SRS3819203	BactHuI000z2	MIMS Environmental/Metagenome sample from metagenome	Keywords: GSC:MIxS MIMS:5.0	Illumina MiSeq sequencing: High-Sensitive Detection and Dynamic of Microbiome during Cocoa Bean Fermentation	metagenome	256318	AMPLICON	METAGENOMIC	PCR	PAIRED	ILLUMINA	Illumina MiSeq	12709144	28555	2656963;2406718	ftp.sra.ebi.ac.uk/vol1/fastq/SRR789/005/SRR7899845/SRR7899845_1.fastq.gz;ftp.sra.ebi.ac.uk/vol1/fastq/SRR789/005/SRR7899845/SRR7899845_2.fastq.gz	05945c5251a92d028fd0e82010896acd;5e9d00b347c5dbd84679babf41b7543d	Colombia:Huila	2016-02-15			2018-09-26	2018-09-26	not_verified_16s_subset	false	Run does not match the configured, verified bacterial 16S subset	https://www.ebi.ac.uk/ena/browser/view/PRJNA492720
pacheco_montealegre_2020_colombia	PRJNA492720	PRJNA492720	SRP162530	SRR7899846	SRX4737137	SAMN10112559	SRS3819202	BactHuI012z2	MIMS Environmental/Metagenome sample from metagenome	Keywords: GSC:MIxS MIMS:5.0	Illumina MiSeq sequencing: High-Sensitive Detection and Dynamic of Microbiome during Cocoa Bean Fermentation	metagenome	256318	AMPLICON	METAGENOMIC	PCR	PAIRED	ILLUMINA	Illumina MiSeq	13860554	31142	2677382;2828759	ftp.sra.ebi.ac.uk/vol1/fastq/SRR789/006/SRR7899846/SRR7899846_1.fastq.gz;ftp.sra.ebi.ac.uk/vol1/fastq/SRR789/006/SRR7899846/SRR7899846_2.fastq.gz	d369cef65803725fc77fb7803351a331;1a764da210b698c23251976091a60b63	Colombia:Huila	2016-02-16			2018-09-26	2018-09-26	not_verified_16s_subset	false	Run does not match the configured, verified bacterial 16S subset	https://www.ebi.ac.uk/ena/browser/view/PRJNA492720
pacheco_montealegre_2020_colombia	PRJNA492720	PRJNA492720	SRP162530	SRR7899847	SRX4737136	SAMN10112564	SRS3819201	BactHuI060z2	MIMS Environmental/Metagenome sample from metagenome	Keywords: GSC:MIxS MIMS:5.0	Illumina MiSeq sequencing: High-Sensitive Detection and Dynamic of Microbiome during Cocoa Bean Fermentation	metagenome	256318	AMPLICON	METAGENOMIC	PCR	PAIRED	ILLUMINA	Illumina MiSeq	10859121	24428	2064083;1952442	ftp.sra.ebi.ac.uk/vol1/fastq/SRR789/007/SRR7899847/SRR7899847_1.fastq.gz;ftp.sra.ebi.ac.uk/vol1/fastq/SRR789/007/SRR7899847/SRR7899847_2.fastq.gz	228faf998ea8351ebca375100e4f9864;41e969b0bc18b81bff6e12cf21967f51	Colombia:Huila	2016-02-18			2018-09-26	2018-09-26	not_verified_16s_subset	false	Run does not match the configured, verified bacterial 16S subset	https://www.ebi.ac.uk/ena/browser/view/PRJNA492720
pacheco_montealegre_2020_colombia	PRJNA492720	PRJNA492720	SRP162530	SRR7899848	SRX4737135	SAMN10112565	SRS3819200	BactHuI072z1	MIMS Environmental/Metagenome sample from metagenome	Keywords: GSC:MIxS MIMS:5.0	Illumina MiSeq sequencing: High-Sensitive Detection and Dynamic of Microbiome during Cocoa Bean Fermentation	metagenome	256318	AMPLICON	METAGENOMIC	PCR	PAIRED	ILLUMINA	Illumina MiSeq	14951565	33622	1858211;2556455	ftp.sra.ebi.ac.uk/vol1/fastq/SRR789/008/SRR7899848/SRR7899848_1.fastq.gz;ftp.sra.ebi.ac.uk/vol1/fastq/SRR789/008/SRR7899848/SRR7899848_2.fastq.gz	0acdeb7914fc32eeae1becddb0d51e6d;6643c35fec5ff0084b9aa91fe50f2d52	Colombia:Huila	2016-02-18			2018-09-26	2018-09-26	not_verified_16s_subset	false	Run does not match the configured, verified bacterial 16S subset	https://www.ebi.ac.uk/ena/browser/view/PRJNA492720
pacheco_montealegre_2020_colombia	PRJNA492720	PRJNA492720	SRP162530	SRR7899849	SRX4737134	SAMN10112610	SRS3819199	BactSaII000z1	MIMS Environmental/Metagenome sample from metagenome	Keywords: GSC:MIxS MIMS:5.0	Illumina MiSeq sequencing: High-Sensitive Detection and Dynamic of Microbiome during Cocoa Bean Fermentation	metagenome	256318	AMPLICON	METAGENOMIC	PCR	PAIRED	ILLUMINA	Illumina MiSeq	25314607	56924	5628855;5035621	ftp.sra.ebi.ac.uk/vol1/fastq/SRR789/009/SRR7899849/SRR7899849_1.fastq.gz;ftp.sra.ebi.ac.uk/vol1/fastq/SRR789/009/SRR7899849/SRR7899849_2.fastq.gz	121eed9631dedcd5ee5cc02a78093501;9975458f0ddb4bf361c07f2b2e2b0a74	Colombia:Santander	2016-06-06			2018-09-26	2018-09-26	bacterial_16s_candidate	true		https://www.ebi.ac.uk/ena/browser/view/PRJNA492720
pacheco_montealegre_2020_colombia	PRJNA492720	PRJNA492720	SRP162530	SRR7899850	SRX4737133	SAMN10112563	SRS3819198	BactHuI060z1	MIMS Environmental/Metagenome sample from metagenome	Keywords: GSC:MIxS MIMS:5.0	Illumina MiSeq sequencing: High-Sensitive Detection and Dynamic of Microbiome during Cocoa Bean Fermentation	metagenome	256318	AMPLICON	METAGENOMIC	PCR	PAIRED	ILLUMINA	Illumina MiSeq	11972973	26940	2607619;2155872	ftp.sra.ebi.ac.uk/vol1/fastq/SRR789/000/SRR7899850/SRR7899850_1.fastq.gz;ftp.sra.ebi.ac.uk/vol1/fastq/SRR789/000/SRR7899850/SRR7899850_2.fastq.gz	f9440901e04214a5edbe4c118226d7ee;d144d80ee30fbc1d64287539bcbbbc20	Colombia:Huila	2016-02-18			2018-09-26	2018-09-26	not_verified_16s_subset	false	Run does not match the configured, verified bacterial 16S subset	https://www.ebi.ac.uk/ena/browser/view/PRJNA492720
pacheco_montealegre_2020_colombia	PRJNA492720	PRJNA492720	SRP162530	SRR7899851	SRX4737132	SAMN10112546	SRS3819197	BactAnII084z1	MIMS Environmental/Metagenome sample from metagenome	Keywords: GSC:MIxS MIMS:5.0	Illumina MiSeq sequencing: High-Sensitive Detection and Dynamic of Microbiome during Cocoa Bean Fermentation	metagenome	256318	AMPLICON	METAGENOMIC	PCR	PAIRED	ILLUMINA	Illumina MiSeq	9342629	21007	1029972;1503418	ftp.sra.ebi.ac.uk/vol1/fastq/SRR789/001/SRR7899851/SRR7899851_1.fastq.gz;ftp.sra.ebi.ac.uk/vol1/fastq/SRR789/001/SRR7899851/SRR7899851_2.fastq.gz	89477fc4edcffe21f363c07e69751a6a;9c7353ed031a0da6eb2b764ff8475583	Colombia:Antioquia	2016-06-10			2018-09-26	2018-09-26	bacterial_16s_candidate	true		https://www.ebi.ac.uk/ena/browser/view/PRJNA492720
pacheco_montealegre_2020_colombia	PRJNA492720	PRJNA492720	SRP162530	SRR7899852	SRX4737131	SAMN10112547	SRS3819196	BactAnII084z2	MIMS Environmental/Metagenome sample from metagenome	Keywords: GSC:MIxS MIMS:5.0	Illumina MiSeq sequencing: High-Sensitive Detection and Dynamic of Microbiome during Cocoa Bean Fermentation	metagenome	256318	AMPLICON	METAGENOMIC	PCR	PAIRED	ILLUMINA	Illumina MiSeq	6388848	14365	821372;1083211	ftp.sra.ebi.ac.uk/vol1/fastq/SRR789/002/SRR7899852/SRR7899852_1.fastq.gz;ftp.sra.ebi.ac.uk/vol1/fastq/SRR789/002/SRR7899852/SRR7899852_2.fastq.gz	114fc9ef1e9ed5361797917d0c42e410;b61ec4d15720e70a13800648e6dbf0b8	Colombia:Antioquia	2016-06-10			2018-09-26	2018-09-26	bacterial_16s_candidate	true		https://www.ebi.ac.uk/ena/browser/view/PRJNA492720
pacheco_montealegre_2020_colombia	PRJNA492720	PRJNA492720	SRP162530	SRR7899853	SRX4737130	SAMN10112538	SRS3819195	BactAnII036z1	MIMS Environmental/Metagenome sample from metagenome	Keywords: GSC:MIxS MIMS:5.0	Illumina MiSeq sequencing: High-Sensitive Detection and Dynamic of Microbiome during Cocoa Bean Fermentation	metagenome	256318	AMPLICON	METAGENOMIC	PCR	PAIRED	ILLUMINA	Illumina MiSeq	4172532	9382	607133;766499	ftp.sra.ebi.ac.uk/vol1/fastq/SRR789/003/SRR7899853/SRR7899853_1.fastq.gz;ftp.sra.ebi.ac.uk/vol1/fastq/SRR789/003/SRR7899853/SRR7899853_2.fastq.gz	3528cbdb5fd0cc2c4e4b1d0e181e7a2f;183dcdb41bef754ee6ca0fa0ccd29bc8	Colombia:Antioquia	2016-06-08			2018-09-26	2018-09-26	bacterial_16s_candidate	true		https://www.ebi.ac.uk/ena/browser/view/PRJNA492720
pacheco_montealegre_2020_colombia	PRJNA492720	PRJNA492720	SRP162530	SRR7899854	SRX4737129	SAMN10112539	SRS3819194	BactAnII036z2	MIMS Environmental/Metagenome sample from metagenome	Keywords: GSC:MIxS MIMS:5.0	Illumina MiSeq sequencing: High-Sensitive Detection and Dynamic of Microbiome during Cocoa Bean Fermentation	metagenome	256318	AMPLICON	METAGENOMIC	PCR	PAIRED	ILLUMINA	Illumina MiSeq	35544021	79920	4543593;6046507	ftp.sra.ebi.ac.uk/vol1/fastq/SRR789/004/SRR7899854/SRR7899854_1.fastq.gz;ftp.sra.ebi.ac.uk/vol1/fastq/SRR789/004/SRR7899854/SRR7899854_2.fastq.gz	439d47372962c997a50b89932fcb8d78;e2ccbccf6cfe2406aa1360043c620a10	Colombia:Antioquia	2016-06-08			2018-09-26	2018-09-26	bacterial_16s_candidate	true		https://www.ebi.ac.uk/ena/browser/view/PRJNA492720
pacheco_montealegre_2020_colombia	PRJNA492720	PRJNA492720	SRP162530	SRR7899855	SRX4737128	SAMN10112540	SRS3819193	BactAnII048z1	MIMS Environmental/Metagenome sample from metagenome	Keywords: GSC:MIxS MIMS:5.0	Illumina MiSeq sequencing: High-Sensitive Detection and Dynamic of Microbiome during Cocoa Bean Fermentation	metagenome	256318	AMPLICON	METAGENOMIC	PCR	PAIRED	ILLUMINA	Illumina MiSeq	6163357	13857	939170;1060615	ftp.sra.ebi.ac.uk/vol1/fastq/SRR789/005/SRR7899855/SRR7899855_1.fastq.gz;ftp.sra.ebi.ac.uk/vol1/fastq/SRR789/005/SRR7899855/SRR7899855_2.fastq.gz	816d3b51524c961db2a117ce50ef71eb;a5e3dfcb77a5f62ffd5c4a67947b4381	Colombia:Antioquia	2016-06-08			2018-09-26	2018-09-26	bacterial_16s_candidate	true		https://www.ebi.ac.uk/ena/browser/view/PRJNA492720
pacheco_montealegre_2020_colombia	PRJNA492720	PRJNA492720	SRP162530	SRR7899856	SRX4737127	SAMN10112541	SRS3819192	BactAnII048z2	MIMS Environmental/Metagenome sample from metagenome	Keywords: GSC:MIxS MIMS:5.0	Illumina MiSeq sequencing: High-Sensitive Detection and Dynamic of Microbiome during Cocoa Bean Fermentation	metagenome	256318	AMPLICON	METAGENOMIC	PCR	PAIRED	ILLUMINA	Illumina MiSeq	12434735	27959	1553217;2306166	ftp.sra.ebi.ac.uk/vol1/fastq/SRR789/006/SRR7899856/SRR7899856_1.fastq.gz;ftp.sra.ebi.ac.uk/vol1/fastq/SRR789/006/SRR7899856/SRR7899856_2.fastq.gz	0bc7f14cb5f44d4ad515ffdf86489072;e63d036dc7c2e1180c127ad19df0f3de	Colombia:Antioquia	2016-06-08			2018-09-26	2018-09-26	bacterial_16s_candidate	true		https://www.ebi.ac.uk/ena/browser/view/PRJNA492720
pacheco_montealegre_2020_colombia	PRJNA492720	PRJNA492720	SRP162530	SRR7899857	SRX4737126	SAMN10112542	SRS3819191	BactAnII060z1	MIMS Environmental/Metagenome sample from metagenome	Keywords: GSC:MIxS MIMS:5.0	Illumina MiSeq sequencing: High-Sensitive Detection and Dynamic of Microbiome during Cocoa Bean Fermentation	metagenome	256318	AMPLICON	METAGENOMIC	PCR	PAIRED	ILLUMINA	Illumina MiSeq	11141978	25052	1463253;1885670	ftp.sra.ebi.ac.uk/vol1/fastq/SRR789/007/SRR7899857/SRR7899857_1.fastq.gz;ftp.sra.ebi.ac.uk/vol1/fastq/SRR789/007/SRR7899857/SRR7899857_2.fastq.gz	1aa1ba49e26eac453379a0c9a428ff09;f8c1c484655f9213523fdb73019b51a1	Colombia:Antioquia	2016-06-09			2018-09-26	2018-09-26	bacterial_16s_candidate	true		https://www.ebi.ac.uk/ena/browser/view/PRJNA492720
pacheco_montealegre_2020_colombia	PRJNA492720	PRJNA492720	SRP162530	SRR7899858	SRX4737125	SAMN10112543	SRS3819190	BactAnII060z2	MIMS Environmental/Metagenome sample from metagenome	Keywords: GSC:MIxS MIMS:5.0	Illumina MiSeq sequencing: High-Sensitive Detection and Dynamic of Microbiome during Cocoa Bean Fermentation	metagenome	256318	AMPLICON	METAGENOMIC	PCR	PAIRED	ILLUMINA	Illumina MiSeq	3096789	6963	396233;527485	ftp.sra.ebi.ac.uk/vol1/fastq/SRR789/008/SRR7899858/SRR7899858_1.fastq.gz;ftp.sra.ebi.ac.uk/vol1/fastq/SRR789/008/SRR7899858/SRR7899858_2.fastq.gz	edc7a9b2841a1a00dca5e7f1dc82a7c9;1b7e77551f98bba3499803fc0505c46d	Colombia:Antioquia	2016-06-09			2018-09-26	2018-09-26	bacterial_16s_candidate	true		https://www.ebi.ac.uk/ena/browser/view/PRJNA492720
pacheco_montealegre_2020_colombia	PRJNA492720	PRJNA492720	SRP162530	SRR7899859	SRX4737124	SAMN10112544	SRS3819189	BactAnII072z1	MIMS Environmental/Metagenome sample from metagenome	Keywords: GSC:MIxS MIMS:5.0	Illumina MiSeq sequencing: High-Sensitive Detection and Dynamic of Microbiome during Cocoa Bean Fermentation	metagenome	256318	AMPLICON	METAGENOMIC	PCR	PAIRED	ILLUMINA	Illumina MiSeq	11541462	25951	1390741;2030218	ftp.sra.ebi.ac.uk/vol1/fastq/SRR789/009/SRR7899859/SRR7899859_1.fastq.gz;ftp.sra.ebi.ac.uk/vol1/fastq/SRR789/009/SRR7899859/SRR7899859_2.fastq.gz	982a66e5c24615f12ca61aee86778bf1;e20f80757abbbb78f330984ffff88085	Colombia:Antioquia	2016-06-09			2018-09-26	2018-09-26	bacterial_16s_candidate	true		https://www.ebi.ac.uk/ena/browser/view/PRJNA492720
pacheco_montealegre_2020_colombia	PRJNA492720	PRJNA492720	SRP162530	SRR7899860	SRX4737123	SAMN10112545	SRS3819188	BactAnII072z2	MIMS Environmental/Metagenome sample from metagenome	Keywords: GSC:MIxS MIMS:5.0	Illumina MiSeq sequencing: High-Sensitive Detection and Dynamic of Microbiome during Cocoa Bean Fermentation	metagenome	256318	AMPLICON	METAGENOMIC	PCR	PAIRED	ILLUMINA	Illumina MiSeq	10210477	22958	1121326;1648342	ftp.sra.ebi.ac.uk/vol1/fastq/SRR789/000/SRR7899860/SRR7899860_1.fastq.gz;ftp.sra.ebi.ac.uk/vol1/fastq/SRR789/000/SRR7899860/SRR7899860_2.fastq.gz	0b3dce60f73e2aa48521d0796d78baf5;0686fde69bf045325ebb43e589c491ec	Colombia:Antioquia	2016-06-09			2018-09-26	2018-09-26	bacterial_16s_candidate	true		https://www.ebi.ac.uk/ena/browser/view/PRJNA492720
pacheco_montealegre_2020_colombia	PRJNA492720	PRJNA492720	SRP162530	SRR7899861	SRX4737122	SAMN10112649	SRS3819187	YeastHuI120z1	MIMS Environmental/Metagenome sample from metagenome	Keywords: GSC:MIxS MIMS:5.0	Illumina MiSeq sequencing: High-Sensitive Detection and Dynamic of Microbiome during Cocoa Bean Fermentation	metagenome	256318	AMPLICON	METAGENOMIC	PCR	PAIRED	ILLUMINA	Illumina MiSeq	2776	6	986;1069	ftp.sra.ebi.ac.uk/vol1/fastq/SRR789/001/SRR7899861/SRR7899861_1.fastq.gz;ftp.sra.ebi.ac.uk/vol1/fastq/SRR789/001/SRR7899861/SRR7899861_2.fastq.gz	4a8baa1a5849bc5d5d83693f7fa02cfe;b46e617cf385233c05b4d7747320868b	Colombia:Huila	2016-02-20			2018-09-26	2018-09-26	non_bacterial_marker	false	ITS/fungal run is outside bacterial 16S scope	https://www.ebi.ac.uk/ena/browser/view/PRJNA492720
pacheco_montealegre_2020_colombia	PRJNA492720	PRJNA492720	SRP162530	SRR7899862	SRX4737121	SAMN10112648	SRS3819186	YeastHuI108z2	MIMS Environmental/Metagenome sample from metagenome	Keywords: GSC:MIxS MIMS:5.0	Illumina MiSeq sequencing: High-Sensitive Detection and Dynamic of Microbiome during Cocoa Bean Fermentation	metagenome	256318	AMPLICON	METAGENOMIC	PCR	PAIRED	ILLUMINA	Illumina MiSeq	1392	3	683;684	ftp.sra.ebi.ac.uk/vol1/fastq/SRR789/002/SRR7899862/SRR7899862_1.fastq.gz;ftp.sra.ebi.ac.uk/vol1/fastq/SRR789/002/SRR7899862/SRR7899862_2.fastq.gz	195872ae2119105c84a591b92d9dd9f8;ebd27fee91b05985cbf8a6ca519e8b73	Colombia:Huila	2016-02-20			2018-09-26	2018-09-26	non_bacterial_marker	false	ITS/fungal run is outside bacterial 16S scope	https://www.ebi.ac.uk/ena/browser/view/PRJNA492720
pacheco_montealegre_2020_colombia	PRJNA492720	PRJNA492720	SRP162530	SRR7899863	SRX4737120	SAMN10112651	SRS3819185	YeastAnI00z1	MIMS Environmental/Metagenome sample from metagenome	Keywords: GSC:MIxS MIMS:5.0	Illumina MiSeq sequencing: High-Sensitive Detection and Dynamic of Microbiome during Cocoa Bean Fermentation	metagenome	256318	AMPLICON	METAGENOMIC	PCR	PAIRED	ILLUMINA	Illumina MiSeq	2126583	4587	546124;604381	ftp.sra.ebi.ac.uk/vol1/fastq/SRR789/003/SRR7899863/SRR7899863_1.fastq.gz;ftp.sra.ebi.ac.uk/vol1/fastq/SRR789/003/SRR7899863/SRR7899863_2.fastq.gz	04ee1d1f707ae221a16414c4c161e369;8f9885086ddfc7a28f7ae8eaf852c971	Colombia:Antioquia	2016-05-03			2018-09-26	2018-09-26	non_bacterial_marker	false	ITS/fungal run is outside bacterial 16S scope	https://www.ebi.ac.uk/ena/browser/view/PRJNA492720
pacheco_montealegre_2020_colombia	PRJNA492720	PRJNA492720	SRP162530	SRR7899864	SRX4737119	SAMN10112650	SRS3819184	YeastHuI120z2	MIMS Environmental/Metagenome sample from metagenome	Keywords: GSC:MIxS MIMS:5.0	Illumina MiSeq sequencing: High-Sensitive Detection and Dynamic of Microbiome during Cocoa Bean Fermentation	metagenome	256318	AMPLICON	METAGENOMIC	PCR	PAIRED	ILLUMINA	Illumina MiSeq	4172	9	1512;1677	ftp.sra.ebi.ac.uk/vol1/fastq/SRR789/004/SRR7899864/SRR7899864_1.fastq.gz;ftp.sra.ebi.ac.uk/vol1/fastq/SRR789/004/SRR7899864/SRR7899864_2.fastq.gz	ebb0acb35d311acc4c41af8db63af195;1c7ff3ec5b058a24381337718dff9f42	Colombia:Huila	2016-02-20			2018-09-26	2018-09-26	non_bacterial_marker	false	ITS/fungal run is outside bacterial 16S scope	https://www.ebi.ac.uk/ena/browser/view/PRJNA492720
pacheco_montealegre_2020_colombia	PRJNA492720	PRJNA492720	SRP162530	SRR7899865	SRX4737118	SAMN10112653	SRS3819183	YeastAnI12z1	MIMS Environmental/Metagenome sample from metagenome	Keywords: GSC:MIxS MIMS:5.0	Illumina MiSeq sequencing: High-Sensitive Detection and Dynamic of Microbiome during Cocoa Bean Fermentation	metagenome	256318	AMPLICON	METAGENOMIC	PCR	PAIRED	ILLUMINA	Illumina MiSeq	3508706	7563	548651;650956	ftp.sra.ebi.ac.uk/vol1/fastq/SRR789/005/SRR7899865/SRR7899865_1.fastq.gz;ftp.sra.ebi.ac.uk/vol1/fastq/SRR789/005/SRR7899865/SRR7899865_2.fastq.gz	370a0ed31f28ca82fc7006a49a0ae59c;bca739243f953a08a244c5849e2bb969	Colombia:Antioquia	2016-05-04			2018-09-26	2018-09-26	non_bacterial_marker	false	ITS/fungal run is outside bacterial 16S scope	https://www.ebi.ac.uk/ena/browser/view/PRJNA492720
pacheco_montealegre_2020_colombia	PRJNA492720	PRJNA492720	SRP162530	SRR7899866	SRX4737117	SAMN10112652	SRS3819182	YeastAnI00z2	MIMS Environmental/Metagenome sample from metagenome	Keywords: GSC:MIxS MIMS:5.0	Illumina MiSeq sequencing: High-Sensitive Detection and Dynamic of Microbiome during Cocoa Bean Fermentation	metagenome	256318	AMPLICON	METAGENOMIC	PCR	PAIRED	ILLUMINA	Illumina MiSeq	1716411	3700	302217;352667	ftp.sra.ebi.ac.uk/vol1/fastq/SRR789/006/SRR7899866/SRR7899866_1.fastq.gz;ftp.sra.ebi.ac.uk/vol1/fastq/SRR789/006/SRR7899866/SRR7899866_2.fastq.gz	7cf9cc1f6f2f4dad6ffd00ad373ef16d;e702c9a53e5ce11d4bdc1c9b9ee6b879	Colombia:Antioquia	2016-05-03			2018-09-26	2018-09-26	non_bacterial_marker	false	ITS/fungal run is outside bacterial 16S scope	https://www.ebi.ac.uk/ena/browser/view/PRJNA492720
pacheco_montealegre_2020_colombia	PRJNA492720	PRJNA492720	SRP162530	SRR7899867	SRX4737116	SAMN10112655	SRS3819181	YeastAnI24z1	MIMS Environmental/Metagenome sample from metagenome	Keywords: GSC:MIxS MIMS:5.0	Illumina MiSeq sequencing: High-Sensitive Detection and Dynamic of Microbiome during Cocoa Bean Fermentation	metagenome	256318	AMPLICON	METAGENOMIC	PCR	PAIRED	ILLUMINA	Illumina MiSeq	3707	8	1540;1611	ftp.sra.ebi.ac.uk/vol1/fastq/SRR789/007/SRR7899867/SRR7899867_1.fastq.gz;ftp.sra.ebi.ac.uk/vol1/fastq/SRR789/007/SRR7899867/SRR7899867_2.fastq.gz	27a59133d164c4c6a0585997c26f97bc;d96b0cc4d7b0a57c9a86b641c220057a	Colombia:Antioquia	2016-05-04			2018-09-26	2018-09-26	non_bacterial_marker	false	ITS/fungal run is outside bacterial 16S scope	https://www.ebi.ac.uk/ena/browser/view/PRJNA492720
pacheco_montealegre_2020_colombia	PRJNA492720	PRJNA492720	SRP162530	SRR7899868	SRX4737115	SAMN10112654	SRS3819180	YeastAnI12z2	MIMS Environmental/Metagenome sample from metagenome	Keywords: GSC:MIxS MIMS:5.0	Illumina MiSeq sequencing: High-Sensitive Detection and Dynamic of Microbiome during Cocoa Bean Fermentation	metagenome	256318	AMPLICON	METAGENOMIC	PCR	PAIRED	ILLUMINA	Illumina MiSeq	1803967	3889	324167;368513	ftp.sra.ebi.ac.uk/vol1/fastq/SRR789/008/SRR7899868/SRR7899868_1.fastq.gz;ftp.sra.ebi.ac.uk/vol1/fastq/SRR789/008/SRR7899868/SRR7899868_2.fastq.gz	c1f175c4ce6e8e5dd8443363c4abbc5b;0cd9b5728c2beec05e723d38964c1cd1	Colombia:Antioquia	2016-05-04			2018-09-26	2018-09-26	non_bacterial_marker	false	ITS/fungal run is outside bacterial 16S scope	https://www.ebi.ac.uk/ena/browser/view/PRJNA492720
pacheco_montealegre_2020_colombia	PRJNA492720	PRJNA492720	SRP162530	SRR7899869	SRX4737114	SAMN10112657	SRS3819179	YeastAnI36z1	MIMS Environmental/Metagenome sample from metagenome	Keywords: GSC:MIxS MIMS:5.0	Illumina MiSeq sequencing: High-Sensitive Detection and Dynamic of Microbiome during Cocoa Bean Fermentation	metagenome	256318	AMPLICON	METAGENOMIC	PCR	PAIRED	ILLUMINA	Illumina MiSeq	1928224	4157	375451;423276	ftp.sra.ebi.ac.uk/vol1/fastq/SRR789/009/SRR7899869/SRR7899869_1.fastq.gz;ftp.sra.ebi.ac.uk/vol1/fastq/SRR789/009/SRR7899869/SRR7899869_2.fastq.gz	31c3aaef735d64d282b86c023de3f70a;b6a4070fb9cd7f30655c758dc799dd58	Colombia:Antioquia	2016-05-05			2018-09-26	2018-09-26	non_bacterial_marker	false	ITS/fungal run is outside bacterial 16S scope	https://www.ebi.ac.uk/ena/browser/view/PRJNA492720
pacheco_montealegre_2020_colombia	PRJNA492720	PRJNA492720	SRP162530	SRR7899870	SRX4737113	SAMN10112656	SRS3819178	YeastAnI24z2	MIMS Environmental/Metagenome sample from metagenome	Keywords: GSC:MIxS MIMS:5.0	Illumina MiSeq sequencing: High-Sensitive Detection and Dynamic of Microbiome during Cocoa Bean Fermentation	metagenome	256318	AMPLICON	METAGENOMIC	PCR	PAIRED	ILLUMINA	Illumina MiSeq	1488917	3211	354423;384213	ftp.sra.ebi.ac.uk/vol1/fastq/SRR789/000/SRR7899870/SRR7899870_1.fastq.gz;ftp.sra.ebi.ac.uk/vol1/fastq/SRR789/000/SRR7899870/SRR7899870_2.fastq.gz	cfe409bab9abdafb1f93cba45c5de8f7;ef7547b5c7dd67e061c2c22d9d401d2f	Colombia:Antioquia	2016-05-04			2018-09-26	2018-09-26	non_bacterial_marker	false	ITS/fungal run is outside bacterial 16S scope	https://www.ebi.ac.uk/ena/browser/view/PRJNA492720
pacheco_montealegre_2020_colombia	PRJNA492720	PRJNA492720	SRP162530	SRR7899871	SRX4737112	SAMN10112776	SRS3819177	BactHuIcajF	MIMS Environmental/Metagenome sample from metagenome	Keywords: GSC:MIxS MIMS:5.0	Illumina MiSeq sequencing: High-Sensitive Detection and Dynamic of Microbiome during Cocoa Bean Fermentation	metagenome	256318	AMPLICON	METAGENOMIC	PCR	PAIRED	ILLUMINA	Illumina MiSeq	13031307	29303	2343338;2724073	ftp.sra.ebi.ac.uk/vol1/fastq/SRR789/001/SRR7899871/SRR7899871_1.fastq.gz;ftp.sra.ebi.ac.uk/vol1/fastq/SRR789/001/SRR7899871/SRR7899871_2.fastq.gz	da7b4d466cb0745845446ccdd64bd0a9;5383a30bba391962342ad210673cfd6b	Colombia:Huila	2016-02-19			2018-09-26	2018-09-26	not_verified_16s_subset	false	Run does not match the configured, verified bacterial 16S subset	https://www.ebi.ac.uk/ena/browser/view/PRJNA492720
pacheco_montealegre_2020_colombia	PRJNA492720	PRJNA492720	SRP162530	SRR7899872	SRX4737111	SAMN10112736	SRS3819176	YeastSaII00z1	MIMS Environmental/Metagenome sample from metagenome	Keywords: GSC:MIxS MIMS:5.0	Illumina MiSeq sequencing: High-Sensitive Detection and Dynamic of Microbiome during Cocoa Bean Fermentation	metagenome	256318	AMPLICON	METAGENOMIC	PCR	PAIRED	ILLUMINA	Illumina MiSeq	1186099	2557	218230;249581	ftp.sra.ebi.ac.uk/vol1/fastq/SRR789/002/SRR7899872/SRR7899872_1.fastq.gz;ftp.sra.ebi.ac.uk/vol1/fastq/SRR789/002/SRR7899872/SRR7899872_2.fastq.gz	66b23655d2539613634b6e94aa118018;e9d552332f2aae4493530a06be2c2c67	Colombia:Santander	2016-06-06			2018-09-26	2018-09-26	non_bacterial_marker	false	ITS/fungal run is outside bacterial 16S scope	https://www.ebi.ac.uk/ena/browser/view/PRJNA492720
pacheco_montealegre_2020_colombia	PRJNA492720	PRJNA492720	SRP162530	SRR7899873	SRX4737110	SAMN10112737	SRS3819175	YeastSaII00z2	MIMS Environmental/Metagenome sample from metagenome	Keywords: GSC:MIxS MIMS:5.0	Illumina MiSeq sequencing: High-Sensitive Detection and Dynamic of Microbiome during Cocoa Bean Fermentation	metagenome	256318	AMPLICON	METAGENOMIC	PCR	PAIRED	ILLUMINA	Illumina MiSeq	1135053	2448	249755;271680	ftp.sra.ebi.ac.uk/vol1/fastq/SRR789/003/SRR7899873/SRR7899873_1.fastq.gz;ftp.sra.ebi.ac.uk/vol1/fastq/SRR789/003/SRR7899873/SRR7899873_2.fastq.gz	23b356994a7dcad802aac8dfed14413a;0dbcde82fbf9ddb1e1e6d620b795ce51	Colombia:Santander	2016-06-06			2018-09-26	2018-09-26	non_bacterial_marker	false	ITS/fungal run is outside bacterial 16S scope	https://www.ebi.ac.uk/ena/browser/view/PRJNA492720
pacheco_montealegre_2020_colombia	PRJNA492720	PRJNA492720	SRP162530	SRR7899874	SRX4737109	SAMN10112732	SRS3819174	YeastAnII132z1	MIMS Environmental/Metagenome sample from metagenome	Keywords: GSC:MIxS MIMS:5.0	Illumina MiSeq sequencing: High-Sensitive Detection and Dynamic of Microbiome during Cocoa Bean Fermentation	metagenome	256318	AMPLICON	METAGENOMIC	PCR	PAIRED	ILLUMINA	Illumina MiSeq	4378492	9443	1040029;1343000	ftp.sra.ebi.ac.uk/vol1/fastq/SRR789/004/SRR7899874/SRR7899874_1.fastq.gz;ftp.sra.ebi.ac.uk/vol1/fastq/SRR789/004/SRR7899874/SRR7899874_2.fastq.gz	2acbe85be6bffaa049e4e5a852a6a7f7;55b4c9192fc007feb75091d708c52c4e	Colombia:Antioquia	2016-06-12			2018-09-26	2018-09-26	non_bacterial_marker	false	ITS/fungal run is outside bacterial 16S scope	https://www.ebi.ac.uk/ena/browser/view/PRJNA492720
pacheco_montealegre_2020_colombia	PRJNA492720	PRJNA492720	SRP162530	SRR7899875	SRX4737108	SAMN10112733	SRS3819173	YeastAnII132z2	MIMS Environmental/Metagenome sample from metagenome	Keywords: GSC:MIxS MIMS:5.0	Illumina MiSeq sequencing: High-Sensitive Detection and Dynamic of Microbiome during Cocoa Bean Fermentation	metagenome	256318	AMPLICON	METAGENOMIC	PCR	PAIRED	ILLUMINA	Illumina MiSeq	3912249	8438	970939;1230822	ftp.sra.ebi.ac.uk/vol1/fastq/SRR789/005/SRR7899875/SRR7899875_1.fastq.gz;ftp.sra.ebi.ac.uk/vol1/fastq/SRR789/005/SRR7899875/SRR7899875_2.fastq.gz	98caa5c29ce9f64e8a112547188fa483;f260b49ca7239cb807b70ee180185f8d	Colombia:Antioquia	2016-06-12			2018-09-26	2018-09-26	non_bacterial_marker	false	ITS/fungal run is outside bacterial 16S scope	https://www.ebi.ac.uk/ena/browser/view/PRJNA492720
pacheco_montealegre_2020_colombia	PRJNA492720	PRJNA492720	SRP162530	SRR7899876	SRX4737107	SAMN10112734	SRS3819172	YeastAnII144z1	MIMS Environmental/Metagenome sample from metagenome	Keywords: GSC:MIxS MIMS:5.0	Illumina MiSeq sequencing: High-Sensitive Detection and Dynamic of Microbiome during Cocoa Bean Fermentation	metagenome	256318	AMPLICON	METAGENOMIC	PCR	PAIRED	ILLUMINA	Illumina MiSeq	3028387	6535	216733;255253	ftp.sra.ebi.ac.uk/vol1/fastq/SRR789/006/SRR7899876/SRR7899876_1.fastq.gz;ftp.sra.ebi.ac.uk/vol1/fastq/SRR789/006/SRR7899876/SRR7899876_2.fastq.gz	d5e805fb3e061b3eeb9564e5b881e93c;d2180ed794cc41c5f1abff766c0ad734	Colombia:Antioquia	2016-06-12			2018-09-26	2018-09-26	non_bacterial_marker	false	ITS/fungal run is outside bacterial 16S scope	https://www.ebi.ac.uk/ena/browser/view/PRJNA492720
pacheco_montealegre_2020_colombia	PRJNA492720	PRJNA492720	SRP162530	SRR7899877	SRX4737106	SAMN10112735	SRS3819171	YeastAnII144z2	MIMS Environmental/Metagenome sample from metagenome	Keywords: GSC:MIxS MIMS:5.0	Illumina MiSeq sequencing: High-Sensitive Detection and Dynamic of Microbiome during Cocoa Bean Fermentation	metagenome	256318	AMPLICON	METAGENOMIC	PCR	PAIRED	ILLUMINA	Illumina MiSeq	4445716	9590	1148491;1416339	ftp.sra.ebi.ac.uk/vol1/fastq/SRR789/007/SRR7899877/SRR7899877_1.fastq.gz;ftp.sra.ebi.ac.uk/vol1/fastq/SRR789/007/SRR7899877/SRR7899877_2.fastq.gz	6ad23aceea0d7645af1e12915e6d9420;5c673beb60a795bccae5f2c752b2d5d2	Colombia:Antioquia	2016-06-12			2018-09-26	2018-09-26	non_bacterial_marker	false	ITS/fungal run is outside bacterial 16S scope	https://www.ebi.ac.uk/ena/browser/view/PRJNA492720
pacheco_montealegre_2020_colombia	PRJNA492720	PRJNA492720	SRP162530	SRR7899878	SRX4737105	SAMN10112728	SRS3819170	YeastAnII108z1	MIMS Environmental/Metagenome sample from metagenome	Keywords: GSC:MIxS MIMS:5.0	Illumina MiSeq sequencing: High-Sensitive Detection and Dynamic of Microbiome during Cocoa Bean Fermentation	metagenome	256318	AMPLICON	METAGENOMIC	PCR	PAIRED	ILLUMINA	Illumina MiSeq	3257044	7025	842420;1028001	ftp.sra.ebi.ac.uk/vol1/fastq/SRR789/008/SRR7899878/SRR7899878_1.fastq.gz;ftp.sra.ebi.ac.uk/vol1/fastq/SRR789/008/SRR7899878/SRR7899878_2.fastq.gz	4471f063f31f286bd10f79474d46b3cf;e906c7c952f73d0da1790240eda54bab	Colombia:Antioquia	2016-06-11			2018-09-26	2018-09-26	non_bacterial_marker	false	ITS/fungal run is outside bacterial 16S scope	https://www.ebi.ac.uk/ena/browser/view/PRJNA492720
pacheco_montealegre_2020_colombia	PRJNA492720	PRJNA492720	SRP162530	SRR7899879	SRX4737104	SAMN10112729	SRS3819169	YeastAnII108z2	MIMS Environmental/Metagenome sample from metagenome	Keywords: GSC:MIxS MIMS:5.0	Illumina MiSeq sequencing: High-Sensitive Detection and Dynamic of Microbiome during Cocoa Bean Fermentation	metagenome	256318	AMPLICON	METAGENOMIC	PCR	PAIRED	ILLUMINA	Illumina MiSeq	3710	8	1490;1526	ftp.sra.ebi.ac.uk/vol1/fastq/SRR789/009/SRR7899879/SRR7899879_1.fastq.gz;ftp.sra.ebi.ac.uk/vol1/fastq/SRR789/009/SRR7899879/SRR7899879_2.fastq.gz	c3f8de919685f952a7a8983b2505a566;6cbb0ea6adb08b5bfceac858e8e049a4	Colombia:Antioquia	2016-06-11			2018-09-26	2018-09-26	non_bacterial_marker	false	ITS/fungal run is outside bacterial 16S scope	https://www.ebi.ac.uk/ena/browser/view/PRJNA492720
pacheco_montealegre_2020_colombia	PRJNA492720	PRJNA492720	SRP162530	SRR7899880	SRX4737103	SAMN10112730	SRS3819168	YeastAnII120z1	MIMS Environmental/Metagenome sample from metagenome	Keywords: GSC:MIxS MIMS:5.0	Illumina MiSeq sequencing: High-Sensitive Detection and Dynamic of Microbiome during Cocoa Bean Fermentation	metagenome	256318	AMPLICON	METAGENOMIC	PCR	PAIRED	ILLUMINA	Illumina MiSeq	3133799	6759	767362;960897	ftp.sra.ebi.ac.uk/vol1/fastq/SRR789/000/SRR7899880/SRR7899880_1.fastq.gz;ftp.sra.ebi.ac.uk/vol1/fastq/SRR789/000/SRR7899880/SRR7899880_2.fastq.gz	0149991b1b53f1c6ddeed28f25119f8e;aa1cedc21058cc1535ed975525448ee7	Colombia:Antioquia	2016-06-11			2018-09-26	2018-09-26	non_bacterial_marker	false	ITS/fungal run is outside bacterial 16S scope	https://www.ebi.ac.uk/ena/browser/view/PRJNA492720
pacheco_montealegre_2020_colombia	PRJNA492720	PRJNA492720	SRP162530	SRR7899881	SRX4737102	SAMN10112731	SRS3819167	YeastAnII120z2	MIMS Environmental/Metagenome sample from metagenome	Keywords: GSC:MIxS MIMS:5.0	Illumina MiSeq sequencing: High-Sensitive Detection and Dynamic of Microbiome during Cocoa Bean Fermentation	metagenome	256318	AMPLICON	METAGENOMIC	PCR	PAIRED	ILLUMINA	Illumina MiSeq	4634504	9996	1135531;1438043	ftp.sra.ebi.ac.uk/vol1/fastq/SRR789/001/SRR7899881/SRR7899881_1.fastq.gz;ftp.sra.ebi.ac.uk/vol1/fastq/SRR789/001/SRR7899881/SRR7899881_2.fastq.gz	1a02ea328ef48a6ff0c51bda9afeb273;61f889802d3f8ee0d95d20b8a699ad2a	Colombia:Antioquia	2016-06-11			2018-09-26	2018-09-26	non_bacterial_marker	false	ITS/fungal run is outside bacterial 16S scope	https://www.ebi.ac.uk/ena/browser/view/PRJNA492720
pacheco_montealegre_2020_colombia	PRJNA492720	PRJNA492720	SRP162530	SRR7899882	SRX4737101	SAMN10112802	SRS3819166	YeastSaIcajM	MIMS Environmental/Metagenome sample from metagenome	Keywords: GSC:MIxS MIMS:5.0	Illumina MiSeq sequencing: High-Sensitive Detection and Dynamic of Microbiome during Cocoa Bean Fermentation	metagenome	256318	AMPLICON	METAGENOMIC	PCR	PAIRED	ILLUMINA	Illumina MiSeq	1018229	2199	237917;274258	ftp.sra.ebi.ac.uk/vol1/fastq/SRR789/002/SRR7899882/SRR7899882_1.fastq.gz;ftp.sra.ebi.ac.uk/vol1/fastq/SRR789/002/SRR7899882/SRR7899882_2.fastq.gz	b9ba3f64d2fd2a0a24253eb1286d0d43;d7554c43dc7a9804a15f2b685f34a768	Colombia:Santander	2016-03-12			2018-09-26	2018-09-26	non_bacterial_marker	false	ITS/fungal run is outside bacterial 16S scope	https://www.ebi.ac.uk/ena/browser/view/PRJNA492720
pacheco_montealegre_2020_colombia	PRJNA492720	PRJNA492720	SRP162530	SRR7899883	SRX4737100	SAMN10112777	SRS3819165	BactHuIpalV	MIMS Environmental/Metagenome sample from metagenome	Keywords: GSC:MIxS MIMS:5.0	Illumina MiSeq sequencing: High-Sensitive Detection and Dynamic of Microbiome during Cocoa Bean Fermentation	metagenome	256318	AMPLICON	METAGENOMIC	PCR	PAIRED	ILLUMINA	Illumina MiSeq	10812770	24314	1646380;2129710	ftp.sra.ebi.ac.uk/vol1/fastq/SRR789/003/SRR7899883/SRR7899883_1.fastq.gz;ftp.sra.ebi.ac.uk/vol1/fastq/SRR789/003/SRR7899883/SRR7899883_2.fastq.gz	bd04a1cda64ce4bc393807173db03eb3;0f0729e3d2fe453b058fe7427f57f5f3	Colombia:Huila	2016-02-19			2018-09-26	2018-09-26	not_verified_16s_subset	false	Run does not match the configured, verified bacterial 16S subset	https://www.ebi.ac.uk/ena/browser/view/PRJNA492720
pacheco_montealegre_2020_colombia	PRJNA492720	PRJNA492720	SRP162530	SRR7899884	SRX4737099	SAMN10112602	SRS3819164	BactSaI072z1	MIMS Environmental/Metagenome sample from metagenome	Keywords: GSC:MIxS MIMS:5.0	Illumina MiSeq sequencing: High-Sensitive Detection and Dynamic of Microbiome during Cocoa Bean Fermentation	metagenome	256318	AMPLICON	METAGENOMIC	PCR	PAIRED	ILLUMINA	Illumina MiSeq	10401758	23387	1159147;1716729	ftp.sra.ebi.ac.uk/vol1/fastq/SRR789/004/SRR7899884/SRR7899884_1.fastq.gz;ftp.sra.ebi.ac.uk/vol1/fastq/SRR789/004/SRR7899884/SRR7899884_2.fastq.gz	e59dbc60f28671f1576bf128511850cf;fd84ff3dd60757652df9f5b134e7e4c7	Colombia:Santander	2016-03-13			2018-09-26	2018-09-26	bacterial_16s_candidate	true		https://www.ebi.ac.uk/ena/browser/view/PRJNA492720
pacheco_montealegre_2020_colombia	PRJNA492720	PRJNA492720	SRP162530	SRR7899885	SRX4737098	SAMN10112642	SRS3819163	YeastHuI72z2	MIMS Environmental/Metagenome sample from metagenome	Keywords: GSC:MIxS MIMS:5.0	Illumina MiSeq sequencing: High-Sensitive Detection and Dynamic of Microbiome during Cocoa Bean Fermentation	metagenome	256318	AMPLICON	METAGENOMIC	PCR	PAIRED	ILLUMINA	Illumina MiSeq	3298007	7113	775349;963698	ftp.sra.ebi.ac.uk/vol1/fastq/SRR789/005/SRR7899885/SRR7899885_1.fastq.gz;ftp.sra.ebi.ac.uk/vol1/fastq/SRR789/005/SRR7899885/SRR7899885_2.fastq.gz	27fce98b7184a892d7d8650cce75c9a4;398379ff503ab8515a13468f0baef081	Colombia:Huila	2016-02-18			2018-09-26	2018-09-26	non_bacterial_marker	false	ITS/fungal run is outside bacterial 16S scope	https://www.ebi.ac.uk/ena/browser/view/PRJNA492720
pacheco_montealegre_2020_colombia	PRJNA492720	PRJNA492720	SRP162530	SRR7899886	SRX4737097	SAMN10112643	SRS3819162	YeastHuI84z1	MIMS Environmental/Metagenome sample from metagenome	Keywords: GSC:MIxS MIMS:5.0	Illumina MiSeq sequencing: High-Sensitive Detection and Dynamic of Microbiome during Cocoa Bean Fermentation	metagenome	256318	AMPLICON	METAGENOMIC	PCR	PAIRED	ILLUMINA	Illumina MiSeq	2000076	4315	533433;598124	ftp.sra.ebi.ac.uk/vol1/fastq/SRR789/006/SRR7899886/SRR7899886_1.fastq.gz;ftp.sra.ebi.ac.uk/vol1/fastq/SRR789/006/SRR7899886/SRR7899886_2.fastq.gz	ad6d4181eb944791a92fc019fef793ec;c1d27a2d413dff0c4823e34ecffc3a98	Colombia:Huila	2016-02-19			2018-09-26	2018-09-26	non_bacterial_marker	false	ITS/fungal run is outside bacterial 16S scope	https://www.ebi.ac.uk/ena/browser/view/PRJNA492720
pacheco_montealegre_2020_colombia	PRJNA492720	PRJNA492720	SRP162530	SRR7899887	SRX4737096	SAMN10112644	SRS3819161	YeastHuI84z2	MIMS Environmental/Metagenome sample from metagenome	Keywords: GSC:MIxS MIMS:5.0	Illumina MiSeq sequencing: High-Sensitive Detection and Dynamic of Microbiome during Cocoa Bean Fermentation	metagenome	256318	AMPLICON	METAGENOMIC	PCR	PAIRED	ILLUMINA	Illumina MiSeq	1961112	4230	479429;520218	ftp.sra.ebi.ac.uk/vol1/fastq/SRR789/007/SRR7899887/SRR7899887_1.fastq.gz;ftp.sra.ebi.ac.uk/vol1/fastq/SRR789/007/SRR7899887/SRR7899887_2.fastq.gz	cc73b1e88a66341932b4845048c1bccb;197e3bd91a367e0a6080d2ea09927871	Colombia:Huila	2016-02-19			2018-09-26	2018-09-26	non_bacterial_marker	false	ITS/fungal run is outside bacterial 16S scope	https://www.ebi.ac.uk/ena/browser/view/PRJNA492720
pacheco_montealegre_2020_colombia	PRJNA492720	PRJNA492720	SRP162530	SRR7899888	SRX4737095	SAMN10112645	SRS3819160	YeastHuI96z1	MIMS Environmental/Metagenome sample from metagenome	Keywords: GSC:MIxS MIMS:5.0	Illumina MiSeq sequencing: High-Sensitive Detection and Dynamic of Microbiome during Cocoa Bean Fermentation	metagenome	256318	AMPLICON	METAGENOMIC	PCR	PAIRED	ILLUMINA	Illumina MiSeq	4468500	9641	1215635;1323187	ftp.sra.ebi.ac.uk/vol1/fastq/SRR789/008/SRR7899888/SRR7899888_1.fastq.gz;ftp.sra.ebi.ac.uk/vol1/fastq/SRR789/008/SRR7899888/SRR7899888_2.fastq.gz	44a7b598b934b501533222d0672def7f;518879d68fc9dcb2a5d1320b82ffc302	Colombia:Huila	2016-02-19			2018-09-26	2018-09-26	non_bacterial_marker	false	ITS/fungal run is outside bacterial 16S scope	https://www.ebi.ac.uk/ena/browser/view/PRJNA492720
pacheco_montealegre_2020_colombia	PRJNA492720	PRJNA492720	SRP162530	SRR7899889	SRX4737094	SAMN10112638	SRS3819159	YeastHuI48z2	MIMS Environmental/Metagenome sample from metagenome	Keywords: GSC:MIxS MIMS:5.0	Illumina MiSeq sequencing: High-Sensitive Detection and Dynamic of Microbiome during Cocoa Bean Fermentation	metagenome	256318	AMPLICON	METAGENOMIC	PCR	PAIRED	ILLUMINA	Illumina MiSeq	3048055	6573	693160;921694	ftp.sra.ebi.ac.uk/vol1/fastq/SRR789/009/SRR7899889/SRR7899889_1.fastq.gz;ftp.sra.ebi.ac.uk/vol1/fastq/SRR789/009/SRR7899889/SRR7899889_2.fastq.gz	7d02e464fca4e0b3e430852f783f1806;afe6c16db5fb745509de47c695835e6e	Colombia:Huila	2016-02-17			2018-09-26	2018-09-26	non_bacterial_marker	false	ITS/fungal run is outside bacterial 16S scope	https://www.ebi.ac.uk/ena/browser/view/PRJNA492720
pacheco_montealegre_2020_colombia	PRJNA492720	PRJNA492720	SRP162530	SRR7899890	SRX4737093	SAMN10112639	SRS3819158	YeastHuI60z1	MIMS Environmental/Metagenome sample from metagenome	Keywords: GSC:MIxS MIMS:5.0	Illumina MiSeq sequencing: High-Sensitive Detection and Dynamic of Microbiome during Cocoa Bean Fermentation	metagenome	256318	AMPLICON	METAGENOMIC	PCR	PAIRED	ILLUMINA	Illumina MiSeq	1786953	3856	419267;475145	ftp.sra.ebi.ac.uk/vol1/fastq/SRR789/000/SRR7899890/SRR7899890_1.fastq.gz;ftp.sra.ebi.ac.uk/vol1/fastq/SRR789/000/SRR7899890/SRR7899890_2.fastq.gz	02156fdc3efa41467e65392d4ea4c94a;358d2c2459edb1e850e5d1f8133c49b7	Colombia:Huila	2016-02-18			2018-09-26	2018-09-26	non_bacterial_marker	false	ITS/fungal run is outside bacterial 16S scope	https://www.ebi.ac.uk/ena/browser/view/PRJNA492720
pacheco_montealegre_2020_colombia	PRJNA492720	PRJNA492720	SRP162530	SRR7899891	SRX4737092	SAMN10112640	SRS3819157	YeastHuI60z2	MIMS Environmental/Metagenome sample from metagenome	Keywords: GSC:MIxS MIMS:5.0	Illumina MiSeq sequencing: High-Sensitive Detection and Dynamic of Microbiome during Cocoa Bean Fermentation	metagenome	256318	AMPLICON	METAGENOMIC	PCR	PAIRED	ILLUMINA	Illumina MiSeq	1831657	3953	433650;481851	ftp.sra.ebi.ac.uk/vol1/fastq/SRR789/001/SRR7899891/SRR7899891_1.fastq.gz;ftp.sra.ebi.ac.uk/vol1/fastq/SRR789/001/SRR7899891/SRR7899891_2.fastq.gz	282f361af4d4b957deacb39251362505;f2cdaeaa8f8811872c6744ebd71f0e2a	Colombia:Huila	2016-02-18			2018-09-26	2018-09-26	non_bacterial_marker	false	ITS/fungal run is outside bacterial 16S scope	https://www.ebi.ac.uk/ena/browser/view/PRJNA492720
pacheco_montealegre_2020_colombia	PRJNA492720	PRJNA492720	SRP162530	SRR7899892	SRX4737091	SAMN10112641	SRS3819156	YeastHuI72z1	MIMS Environmental/Metagenome sample from metagenome	Keywords: GSC:MIxS MIMS:5.0	Illumina MiSeq sequencing: High-Sensitive Detection and Dynamic of Microbiome during Cocoa Bean Fermentation	metagenome	256318	AMPLICON	METAGENOMIC	PCR	PAIRED	ILLUMINA	Illumina MiSeq	2043743	4409	460780;554396	ftp.sra.ebi.ac.uk/vol1/fastq/SRR789/002/SRR7899892/SRR7899892_1.fastq.gz;ftp.sra.ebi.ac.uk/vol1/fastq/SRR789/002/SRR7899892/SRR7899892_2.fastq.gz	06c82d2786ea17d412776b30295143ac;06504d0eaeda38acf871e4d3daacbca8	Colombia:Huila	2016-02-18			2018-09-26	2018-09-26	non_bacterial_marker	false	ITS/fungal run is outside bacterial 16S scope	https://www.ebi.ac.uk/ena/browser/view/PRJNA492720
pacheco_montealegre_2020_colombia	PRJNA492720	PRJNA492720	SRP162530	SRR7899893	SRX4737090	SAMN10112803	SRS3819154	YeastSaIconA	MIMS Environmental/Metagenome sample from metagenome	Keywords: GSC:MIxS MIMS:5.0	Illumina MiSeq sequencing: High-Sensitive Detection and Dynamic of Microbiome during Cocoa Bean Fermentation	metagenome	256318	AMPLICON	METAGENOMIC	PCR	PAIRED	ILLUMINA	Illumina MiSeq	464	1	270;273	ftp.sra.ebi.ac.uk/vol1/fastq/SRR789/003/SRR7899893/SRR7899893_1.fastq.gz;ftp.sra.ebi.ac.uk/vol1/fastq/SRR789/003/SRR7899893/SRR7899893_2.fastq.gz	ad1f1a2828d2e0c7dcba52bbbfd4ca83;81a674b148a49580e8bd87417e906731	Colombia:Santander	2016-03-12			2018-09-26	2018-09-26	non_bacterial_marker	false	ITS/fungal run is outside bacterial 16S scope	https://www.ebi.ac.uk/ena/browser/view/PRJNA492720
pacheco_montealegre_2020_colombia	PRJNA492720	PRJNA492720	SRP162530	SRR7899894	SRX4737089	SAMN10112773	SRS3819153	BactHuIsupT	MIMS Environmental/Metagenome sample from metagenome	Keywords: GSC:MIxS MIMS:5.0	Illumina MiSeq sequencing: High-Sensitive Detection and Dynamic of Microbiome during Cocoa Bean Fermentation	metagenome	256318	AMPLICON	METAGENOMIC	PCR	PAIRED	ILLUMINA	Illumina MiSeq	11233335	25260	1468047;1978364	ftp.sra.ebi.ac.uk/vol1/fastq/SRR789/004/SRR7899894/SRR7899894_1.fastq.gz;ftp.sra.ebi.ac.uk/vol1/fastq/SRR789/004/SRR7899894/SRR7899894_2.fastq.gz	6affd0eff58cdd52da747a8d7a5688c1;7358e903c1c76069dabac9261401f52b	Colombia:Huila	2016-02-17			2018-09-26	2018-09-26	not_verified_16s_subset	false	Run does not match the configured, verified bacterial 16S subset	https://www.ebi.ac.uk/ena/browser/view/PRJNA492720
pacheco_montealegre_2020_colombia	PRJNA492720	PRJNA492720	SRP162530	SRR7899895	SRX4737088	SAMN10112560	SRS3819152	BactHuI024z2	MIMS Environmental/Metagenome sample from metagenome	Keywords: GSC:MIxS MIMS:5.0	Illumina MiSeq sequencing: High-Sensitive Detection and Dynamic of Microbiome during Cocoa Bean Fermentation	metagenome	256318	AMPLICON	METAGENOMIC	PCR	PAIRED	ILLUMINA	Illumina MiSeq	13709535	30803	2630371;2560937	ftp.sra.ebi.ac.uk/vol1/fastq/SRR789/005/SRR7899895/SRR7899895_1.fastq.gz;ftp.sra.ebi.ac.uk/vol1/fastq/SRR789/005/SRR7899895/SRR7899895_2.fastq.gz	0a7f22f074dc16f05ba3b59ff639acd7;931867e584bb3c028bf6575cc1e13b43	Colombia:Huila	2016-02-16			2018-09-26	2018-09-26	not_verified_16s_subset	false	Run does not match the configured, verified bacterial 16S subset	https://www.ebi.ac.uk/ena/browser/view/PRJNA492720
pacheco_montealegre_2020_colombia	PRJNA492720	PRJNA492720	SRP162530	SRR7899896	SRX4737087	SAMN10112646	SRS3819151	YeastHuI96z2	MIMS Environmental/Metagenome sample from metagenome	Keywords: GSC:MIxS MIMS:5.0	Illumina MiSeq sequencing: High-Sensitive Detection and Dynamic of Microbiome during Cocoa Bean Fermentation	metagenome	256318	AMPLICON	METAGENOMIC	PCR	PAIRED	ILLUMINA	Illumina MiSeq	1854	4	637;658	ftp.sra.ebi.ac.uk/vol1/fastq/SRR789/006/SRR7899896/SRR7899896_1.fastq.gz;ftp.sra.ebi.ac.uk/vol1/fastq/SRR789/006/SRR7899896/SRR7899896_2.fastq.gz	b01a88b89383081dc87f1adbbe2b85f8;3e8c70ae6e95b597595ef83aa48dac08	Colombia:Huila	2016-02-19			2018-09-26	2018-09-26	non_bacterial_marker	false	ITS/fungal run is outside bacterial 16S scope	https://www.ebi.ac.uk/ena/browser/view/PRJNA492720
pacheco_montealegre_2020_colombia	PRJNA492720	PRJNA492720	SRP162530	SRR7899897	SRX4737086	SAMN10112647	SRS3819150	YeastHuI108z1	MIMS Environmental/Metagenome sample from metagenome	Keywords: GSC:MIxS MIMS:5.0	Illumina MiSeq sequencing: High-Sensitive Detection and Dynamic of Microbiome during Cocoa Bean Fermentation	metagenome	256318	AMPLICON	METAGENOMIC	PCR	PAIRED	ILLUMINA	Illumina MiSeq	6918611	14927	1757683;2101670	ftp.sra.ebi.ac.uk/vol1/fastq/SRR789/007/SRR7899897/SRR7899897_1.fastq.gz;ftp.sra.ebi.ac.uk/vol1/fastq/SRR789/007/SRR7899897/SRR7899897_2.fastq.gz	ed60dc5006ecdbaedc5ee8f1553595d2;e7628370bab2dc1b82945b9e0f44afac	Colombia:Huila	2016-02-20			2018-09-26	2018-09-26	non_bacterial_marker	false	ITS/fungal run is outside bacterial 16S scope	https://www.ebi.ac.uk/ena/browser/view/PRJNA492720
pacheco_montealegre_2020_colombia	PRJNA492720	PRJNA492720	SRP162530	SRR7899898	SRX4737085	SAMN10112774	SRS3819149	BactHuIfruD	MIMS Environmental/Metagenome sample from metagenome	Keywords: GSC:MIxS MIMS:5.0	Illumina MiSeq sequencing: High-Sensitive Detection and Dynamic of Microbiome during Cocoa Bean Fermentation	metagenome	256318	AMPLICON	METAGENOMIC	PCR	PAIRED	ILLUMINA	Illumina MiSeq	8036743	18060	1529969;1613382	ftp.sra.ebi.ac.uk/vol1/fastq/SRR789/008/SRR7899898/SRR7899898_1.fastq.gz;ftp.sra.ebi.ac.uk/vol1/fastq/SRR789/008/SRR7899898/SRR7899898_2.fastq.gz	f74e5f8a762fb6d3f5dfd5c8efd91ed6;8c09cdb8899290495b7acba8c3108159	Colombia:Huila	2016-02-15			2018-09-26	2018-09-26	not_verified_16s_subset	false	Run does not match the configured, verified bacterial 16S subset	https://www.ebi.ac.uk/ena/browser/view/PRJNA492720
pacheco_montealegre_2020_colombia	PRJNA492720	PRJNA492720	SRP162530	SRR7899899	SRX4737084	SAMN10112747	SRS3819148	YeastSaII60z2	MIMS Environmental/Metagenome sample from metagenome	Keywords: GSC:MIxS MIMS:5.0	Illumina MiSeq sequencing: High-Sensitive Detection and Dynamic of Microbiome during Cocoa Bean Fermentation	metagenome	256318	AMPLICON	METAGENOMIC	PCR	PAIRED	ILLUMINA	Illumina MiSeq	930058	2006	204083;222143	ftp.sra.ebi.ac.uk/vol1/fastq/SRR789/009/SRR7899899/SRR7899899_1.fastq.gz;ftp.sra.ebi.ac.uk/vol1/fastq/SRR789/009/SRR7899899/SRR7899899_2.fastq.gz	3d7fb59b48f987256f4a911edddc30dc;1670b7246b5cb6cc0074fc1289e8d90e	Colombia:Santander	2016-06-09			2018-09-26	2018-09-26	non_bacterial_marker	false	ITS/fungal run is outside bacterial 16S scope	https://www.ebi.ac.uk/ena/browser/view/PRJNA492720
pacheco_montealegre_2020_colombia	PRJNA492720	PRJNA492720	SRP162530	SRR7899900	SRX4737083	SAMN10112746	SRS3819147	YeastSaII60z1	MIMS Environmental/Metagenome sample from metagenome	Keywords: GSC:MIxS MIMS:5.0	Illumina MiSeq sequencing: High-Sensitive Detection and Dynamic of Microbiome during Cocoa Bean Fermentation	metagenome	256318	AMPLICON	METAGENOMIC	PCR	PAIRED	ILLUMINA	Illumina MiSeq	877507	1894	191331;218290	ftp.sra.ebi.ac.uk/vol1/fastq/SRR789/000/SRR7899900/SRR7899900_1.fastq.gz;ftp.sra.ebi.ac.uk/vol1/fastq/SRR789/000/SRR7899900/SRR7899900_2.fastq.gz	4a1d003d5b30963c59f91727260aaccf;c81edce1d75acc79e1e809da13cf1d3f	Colombia:Santander	2016-06-09			2018-09-26	2018-09-26	non_bacterial_marker	false	ITS/fungal run is outside bacterial 16S scope	https://www.ebi.ac.uk/ena/browser/view/PRJNA492720
pacheco_montealegre_2020_colombia	PRJNA492720	PRJNA492720	SRP162530	SRR7899901	SRX4737082	SAMN10112775	SRS3819146	BactHuIcosF	MIMS Environmental/Metagenome sample from metagenome	Keywords: GSC:MIxS MIMS:5.0	Illumina MiSeq sequencing: High-Sensitive Detection and Dynamic of Microbiome during Cocoa Bean Fermentation	metagenome	256318	AMPLICON	METAGENOMIC	PCR	PAIRED	ILLUMINA	Illumina MiSeq	5168926	11623	604697;964748	ftp.sra.ebi.ac.uk/vol1/fastq/SRR789/001/SRR7899901/SRR7899901_1.fastq.gz;ftp.sra.ebi.ac.uk/vol1/fastq/SRR789/001/SRR7899901/SRR7899901_2.fastq.gz	c506ffc2873eea39f6292f6ff47d3a3b;6a19b86afdf770a21028a0d25d26ae57	Colombia:Huila	2016-02-21			2018-09-26	2018-09-26	not_verified_16s_subset	false	Run does not match the configured, verified bacterial 16S subset	https://www.ebi.ac.uk/ena/browser/view/PRJNA492720
pacheco_montealegre_2020_colombia	PRJNA492720	PRJNA492720	SRP162530	SRR7899902	SRX4737081	SAMN10112741	SRS3819143	YeastSaII24z2	MIMS Environmental/Metagenome sample from metagenome	Keywords: GSC:MIxS MIMS:5.0	Illumina MiSeq sequencing: High-Sensitive Detection and Dynamic of Microbiome during Cocoa Bean Fermentation	metagenome	256318	AMPLICON	METAGENOMIC	PCR	PAIRED	ILLUMINA	Illumina MiSeq	1094611	2362	241275;260353	ftp.sra.ebi.ac.uk/vol1/fastq/SRR789/002/SRR7899902/SRR7899902_1.fastq.gz;ftp.sra.ebi.ac.uk/vol1/fastq/SRR789/002/SRR7899902/SRR7899902_2.fastq.gz	605bb00ea855be1a8d1f154f62a6447e;441f7932ea36cfe62b7ac9f3f4836a5e	Colombia:Santander	2016-06-07			2018-09-26	2018-09-26	non_bacterial_marker	false	ITS/fungal run is outside bacterial 16S scope	https://www.ebi.ac.uk/ena/browser/view/PRJNA492720
pacheco_montealegre_2020_colombia	PRJNA492720	PRJNA492720	SRP162530	SRR7899903	SRX4737080	SAMN10112740	SRS3819142	YeastSaII24z1	MIMS Environmental/Metagenome sample from metagenome	Keywords: GSC:MIxS MIMS:5.0	Illumina MiSeq sequencing: High-Sensitive Detection and Dynamic of Microbiome during Cocoa Bean Fermentation	metagenome	256318	AMPLICON	METAGENOMIC	PCR	PAIRED	ILLUMINA	Illumina MiSeq	3243	7	1277;1456	ftp.sra.ebi.ac.uk/vol1/fastq/SRR789/003/SRR7899903/SRR7899903_1.fastq.gz;ftp.sra.ebi.ac.uk/vol1/fastq/SRR789/003/SRR7899903/SRR7899903_2.fastq.gz	c2ef82f56e967342476a4bd5c989c15f;17573edc306c9a149a1a0f3c8cf22f27	Colombia:Santander	2016-06-07			2018-09-26	2018-09-26	non_bacterial_marker	false	ITS/fungal run is outside bacterial 16S scope	https://www.ebi.ac.uk/ena/browser/view/PRJNA492720
pacheco_montealegre_2020_colombia	PRJNA492720	PRJNA492720	SRP162530	SRR7899904	SRX4737079	SAMN10112739	SRS3819141	YeastSaII12z2	MIMS Environmental/Metagenome sample from metagenome	Keywords: GSC:MIxS MIMS:5.0	Illumina MiSeq sequencing: High-Sensitive Detection and Dynamic of Microbiome during Cocoa Bean Fermentation	metagenome	256318	AMPLICON	METAGENOMIC	PCR	PAIRED	ILLUMINA	Illumina MiSeq	914846	1974	201246;236108	ftp.sra.ebi.ac.uk/vol1/fastq/SRR789/004/SRR7899904/SRR7899904_1.fastq.gz;ftp.sra.ebi.ac.uk/vol1/fastq/SRR789/004/SRR7899904/SRR7899904_2.fastq.gz	3eb5d2af0edc3b36bc3ee0713fe9fb27;706e1855007279321c8ceec0f1a4e022	Colombia:Santander	2016-06-07			2018-09-26	2018-09-26	non_bacterial_marker	false	ITS/fungal run is outside bacterial 16S scope	https://www.ebi.ac.uk/ena/browser/view/PRJNA492720
pacheco_montealegre_2020_colombia	PRJNA492720	PRJNA492720	SRP162530	SRR7899905	SRX4737078	SAMN10112738	SRS3819140	YeastSaII12z1	MIMS Environmental/Metagenome sample from metagenome	Keywords: GSC:MIxS MIMS:5.0	Illumina MiSeq sequencing: High-Sensitive Detection and Dynamic of Microbiome during Cocoa Bean Fermentation	metagenome	256318	AMPLICON	METAGENOMIC	PCR	PAIRED	ILLUMINA	Illumina MiSeq	1455375	3140	314364;332938	ftp.sra.ebi.ac.uk/vol1/fastq/SRR789/005/SRR7899905/SRR7899905_1.fastq.gz;ftp.sra.ebi.ac.uk/vol1/fastq/SRR789/005/SRR7899905/SRR7899905_2.fastq.gz	d492b230eefe80213b4bf132e5017323;fa643db1bf2e69b35cdac5f0a5f16371	Colombia:Santander	2016-06-07			2018-09-26	2018-09-26	non_bacterial_marker	false	ITS/fungal run is outside bacterial 16S scope	https://www.ebi.ac.uk/ena/browser/view/PRJNA492720
pacheco_montealegre_2020_colombia	PRJNA492720	PRJNA492720	SRP162530	SRR7899906	SRX4737077	SAMN10112745	SRS3819139	YeastSaII48z2	MIMS Environmental/Metagenome sample from metagenome	Keywords: GSC:MIxS MIMS:5.0	Illumina MiSeq sequencing: High-Sensitive Detection and Dynamic of Microbiome during Cocoa Bean Fermentation	metagenome	256318	AMPLICON	METAGENOMIC	PCR	PAIRED	ILLUMINA	Illumina MiSeq	738368	1595	196089;209448	ftp.sra.ebi.ac.uk/vol1/fastq/SRR789/006/SRR7899906/SRR7899906_1.fastq.gz;ftp.sra.ebi.ac.uk/vol1/fastq/SRR789/006/SRR7899906/SRR7899906_2.fastq.gz	6ab151d0fb39160bd6fa604a8b301321;2dddc248040383575d3af0c5870b462a	Colombia:Santander	2016-06-08			2018-09-26	2018-09-26	non_bacterial_marker	false	ITS/fungal run is outside bacterial 16S scope	https://www.ebi.ac.uk/ena/browser/view/PRJNA492720
pacheco_montealegre_2020_colombia	PRJNA492720	PRJNA492720	SRP162530	SRR7899907	SRX4737076	SAMN10112744	SRS3819138	YeastSaII48z1	MIMS Environmental/Metagenome sample from metagenome	Keywords: GSC:MIxS MIMS:5.0	Illumina MiSeq sequencing: High-Sensitive Detection and Dynamic of Microbiome during Cocoa Bean Fermentation	metagenome	256318	AMPLICON	METAGENOMIC	PCR	PAIRED	ILLUMINA	Illumina MiSeq	883880	1908	234746;248505	ftp.sra.ebi.ac.uk/vol1/fastq/SRR789/007/SRR7899907/SRR7899907_1.fastq.gz;ftp.sra.ebi.ac.uk/vol1/fastq/SRR789/007/SRR7899907/SRR7899907_2.fastq.gz	7989def60822c0f7b394299b1755ce11;816dc28346b8c1d8868c5a8f5c852824	Colombia:Santander	2016-06-08			2018-09-26	2018-09-26	non_bacterial_marker	false	ITS/fungal run is outside bacterial 16S scope	https://www.ebi.ac.uk/ena/browser/view/PRJNA492720
pacheco_montealegre_2020_colombia	PRJNA492720	PRJNA492720	SRP162530	SRR7899908	SRX4737075	SAMN10112743	SRS3819155	YeastSaII36z2	MIMS Environmental/Metagenome sample from metagenome	Keywords: GSC:MIxS MIMS:5.0	Illumina MiSeq sequencing: High-Sensitive Detection and Dynamic of Microbiome during Cocoa Bean Fermentation	metagenome	256318	AMPLICON	METAGENOMIC	PCR	PAIRED	ILLUMINA	Illumina MiSeq	652679	1409	143002;163902	ftp.sra.ebi.ac.uk/vol1/fastq/SRR789/008/SRR7899908/SRR7899908_1.fastq.gz;ftp.sra.ebi.ac.uk/vol1/fastq/SRR789/008/SRR7899908/SRR7899908_2.fastq.gz	c759daea0b91b0910a2f2a98db92c654;50bdf095d7537fe4438a2dc6509a37e6	Colombia:Santander	2016-06-08			2018-09-26	2018-09-26	non_bacterial_marker	false	ITS/fungal run is outside bacterial 16S scope	https://www.ebi.ac.uk/ena/browser/view/PRJNA492720
pacheco_montealegre_2020_colombia	PRJNA492720	PRJNA492720	SRP162530	SRR7899909	SRX4737074	SAMN10112742	SRS3819137	YeastSaII36z1	MIMS Environmental/Metagenome sample from metagenome	Keywords: GSC:MIxS MIMS:5.0	Illumina MiSeq sequencing: High-Sensitive Detection and Dynamic of Microbiome during Cocoa Bean Fermentation	metagenome	256318	AMPLICON	METAGENOMIC	PCR	PAIRED	ILLUMINA	Illumina MiSeq	849892	1840	197850;215131	ftp.sra.ebi.ac.uk/vol1/fastq/SRR789/009/SRR7899909/SRR7899909_1.fastq.gz;ftp.sra.ebi.ac.uk/vol1/fastq/SRR789/009/SRR7899909/SRR7899909_2.fastq.gz	02b2dc5f521c4c77983ee08c37e4a2a1;af15de8dbe3a657eb42d2be90636c888	Colombia:Santander	2016-06-08			2018-09-26	2018-09-26	non_bacterial_marker	false	ITS/fungal run is outside bacterial 16S scope	https://www.ebi.ac.uk/ena/browser/view/PRJNA492720
pacheco_montealegre_2020_colombia	PRJNA492720	PRJNA492720	SRP162530	SRR7899910	SRX4737073	SAMN10112524	SRS3819136	BactAnI096z1	MIMS Environmental/Metagenome sample from metagenome	Keywords: GSC:MIxS MIMS:5.0	Illumina MiSeq sequencing: High-Sensitive Detection and Dynamic of Microbiome during Cocoa Bean Fermentation	metagenome	256318	AMPLICON	METAGENOMIC	PCR	PAIRED	ILLUMINA	Illumina MiSeq	12834627	28860	1376287;2262487	ftp.sra.ebi.ac.uk/vol1/fastq/SRR789/000/SRR7899910/SRR7899910_1.fastq.gz;ftp.sra.ebi.ac.uk/vol1/fastq/SRR789/000/SRR7899910/SRR7899910_2.fastq.gz	6a069f1f4e62a42b16c38dc7d9980a6c;ed5c3a80be9073050318fb6761ee5022	Colombia:Antioquia	2016-05-07			2018-09-26	2018-09-26	bacterial_16s_candidate	true		https://www.ebi.ac.uk/ena/browser/view/PRJNA492720
pacheco_montealegre_2020_colombia	PRJNA492720	PRJNA492720	SRP162530	SRR7899911	SRX4737072	SAMN10112525	SRS3819135	BactAnI096z2	MIMS Environmental/Metagenome sample from metagenome	Keywords: GSC:MIxS MIMS:5.0	Illumina MiSeq sequencing: High-Sensitive Detection and Dynamic of Microbiome during Cocoa Bean Fermentation	metagenome	256318	AMPLICON	METAGENOMIC	PCR	PAIRED	ILLUMINA	Illumina MiSeq	7989815	17966	895400;1341113	ftp.sra.ebi.ac.uk/vol1/fastq/SRR789/001/SRR7899911/SRR7899911_1.fastq.gz;ftp.sra.ebi.ac.uk/vol1/fastq/SRR789/001/SRR7899911/SRR7899911_2.fastq.gz	10311edc02a6ef391008f193734bd783;e9d1d7269687bc909fba7dc61a420fbd	Colombia:Antioquia	2016-05-07			2018-09-26	2018-09-26	bacterial_16s_candidate	true		https://www.ebi.ac.uk/ena/browser/view/PRJNA492720
pacheco_montealegre_2020_colombia	PRJNA492720	PRJNA492720	SRP162530	SRR7899912	SRX4737071	SAMN10112522	SRS3819133	BactAnI084z1	MIMS Environmental/Metagenome sample from metagenome	Keywords: GSC:MIxS MIMS:5.0	Illumina MiSeq sequencing: High-Sensitive Detection and Dynamic of Microbiome during Cocoa Bean Fermentation	metagenome	256318	AMPLICON	METAGENOMIC	PCR	PAIRED	ILLUMINA	Illumina MiSeq	15313633	34434	1722368;2502762	ftp.sra.ebi.ac.uk/vol1/fastq/SRR789/002/SRR7899912/SRR7899912_1.fastq.gz;ftp.sra.ebi.ac.uk/vol1/fastq/SRR789/002/SRR7899912/SRR7899912_2.fastq.gz	2af7b254001495eb3f965d3f749986bb;086466c534bc6a961300a4664fc9f0db	Colombia:Antioquia	2016-05-07			2018-09-26	2018-09-26	bacterial_16s_candidate	true		https://www.ebi.ac.uk/ena/browser/view/PRJNA492720
pacheco_montealegre_2020_colombia	PRJNA492720	PRJNA492720	SRP162530	SRR7899913	SRX4737070	SAMN10112523	SRS3819134	BactAnI084z2	MIMS Environmental/Metagenome sample from metagenome	Keywords: GSC:MIxS MIMS:5.0	Illumina MiSeq sequencing: High-Sensitive Detection and Dynamic of Microbiome during Cocoa Bean Fermentation	metagenome	256318	AMPLICON	METAGENOMIC	PCR	PAIRED	ILLUMINA	Illumina MiSeq	9382455	21100	1258528;1587038	ftp.sra.ebi.ac.uk/vol1/fastq/SRR789/003/SRR7899913/SRR7899913_1.fastq.gz;ftp.sra.ebi.ac.uk/vol1/fastq/SRR789/003/SRR7899913/SRR7899913_2.fastq.gz	6afece7a38f460686ac7bb26c1c642f1;ed224ee72788f633a930d075c61bb877	Colombia:Antioquia	2016-05-07			2018-09-26	2018-09-26	bacterial_16s_candidate	true		https://www.ebi.ac.uk/ena/browser/view/PRJNA492720
pacheco_montealegre_2020_colombia	PRJNA492720	PRJNA492720	SRP162530	SRR7899914	SRX4737069	SAMN10112520	SRS3819131	BactAnI072z1	MIMS Environmental/Metagenome sample from metagenome	Keywords: GSC:MIxS MIMS:5.0	Illumina MiSeq sequencing: High-Sensitive Detection and Dynamic of Microbiome during Cocoa Bean Fermentation	metagenome	256318	AMPLICON	METAGENOMIC	PCR	PAIRED	ILLUMINA	Illumina MiSeq	10317458	23195	1718180;1806694	ftp.sra.ebi.ac.uk/vol1/fastq/SRR789/004/SRR7899914/SRR7899914_1.fastq.gz;ftp.sra.ebi.ac.uk/vol1/fastq/SRR789/004/SRR7899914/SRR7899914_2.fastq.gz	2024e604e4b77de8e2fc8ad3b9b073cc;e5e99da291e58e1706a73f60209639b5	Colombia:Antioquia	2016-05-06			2018-09-26	2018-09-26	bacterial_16s_candidate	true		https://www.ebi.ac.uk/ena/browser/view/PRJNA492720
pacheco_montealegre_2020_colombia	PRJNA492720	PRJNA492720	SRP162530	SRR7899915	SRX4737068	SAMN10112521	SRS3819132	BactAnI072z2	MIMS Environmental/Metagenome sample from metagenome	Keywords: GSC:MIxS MIMS:5.0	Illumina MiSeq sequencing: High-Sensitive Detection and Dynamic of Microbiome during Cocoa Bean Fermentation	metagenome	256318	AMPLICON	METAGENOMIC	PCR	PAIRED	ILLUMINA	Illumina MiSeq	9547302	21467	1627558;1700262	ftp.sra.ebi.ac.uk/vol1/fastq/SRR789/005/SRR7899915/SRR7899915_1.fastq.gz;ftp.sra.ebi.ac.uk/vol1/fastq/SRR789/005/SRR7899915/SRR7899915_2.fastq.gz	32e127926cddf9786faad70524a32c40;71bd566413d3ecae1067563c1b42e8b3	Colombia:Antioquia	2016-05-06			2018-09-26	2018-09-26	bacterial_16s_candidate	true		https://www.ebi.ac.uk/ena/browser/view/PRJNA492720
pacheco_montealegre_2020_colombia	PRJNA492720	PRJNA492720	SRP162530	SRR7899916	SRX4737067	SAMN10112518	SRS3819130	BactAnI060z1	MIMS Environmental/Metagenome sample from metagenome	Keywords: GSC:MIxS MIMS:5.0	Illumina MiSeq sequencing: High-Sensitive Detection and Dynamic of Microbiome during Cocoa Bean Fermentation	metagenome	256318	AMPLICON	METAGENOMIC	PCR	PAIRED	ILLUMINA	Illumina MiSeq	10066492	22631	1828997;1794562	ftp.sra.ebi.ac.uk/vol1/fastq/SRR789/006/SRR7899916/SRR7899916_1.fastq.gz;ftp.sra.ebi.ac.uk/vol1/fastq/SRR789/006/SRR7899916/SRR7899916_2.fastq.gz	02ec45cff8e4adf825764ae0c7e3e840;aaa196804b815d72e2ff907f2a745b2e	Colombia:Antioquia	2016-05-06			2018-09-26	2018-09-26	bacterial_16s_candidate	true		https://www.ebi.ac.uk/ena/browser/view/PRJNA492720
pacheco_montealegre_2020_colombia	PRJNA492720	PRJNA492720	SRP162530	SRR7899917	SRX4737066	SAMN10112519	SRS3819129	BactAnI060z2	MIMS Environmental/Metagenome sample from metagenome	Keywords: GSC:MIxS MIMS:5.0	Illumina MiSeq sequencing: High-Sensitive Detection and Dynamic of Microbiome during Cocoa Bean Fermentation	metagenome	256318	AMPLICON	METAGENOMIC	PCR	PAIRED	ILLUMINA	Illumina MiSeq	7245313	16289	1395926;1359666	ftp.sra.ebi.ac.uk/vol1/fastq/SRR789/007/SRR7899917/SRR7899917_1.fastq.gz;ftp.sra.ebi.ac.uk/vol1/fastq/SRR789/007/SRR7899917/SRR7899917_2.fastq.gz	15edc702aafcf77496848cf1d732db89;d67e92f3a39b9c9b9afab8e43c5ddff5	Colombia:Antioquia	2016-05-06			2018-09-26	2018-09-26	bacterial_16s_candidate	true		https://www.ebi.ac.uk/ena/browser/view/PRJNA492720
pacheco_montealegre_2020_colombia	PRJNA492720	PRJNA492720	SRP162530	SRR7899918	SRX4737065	SAMN10112778	SRS3819128	BactSaIpalV	MIMS Environmental/Metagenome sample from metagenome	Keywords: GSC:MIxS MIMS:5.0	Illumina MiSeq sequencing: High-Sensitive Detection and Dynamic of Microbiome during Cocoa Bean Fermentation	metagenome	256318	AMPLICON	METAGENOMIC	PCR	PAIRED	ILLUMINA	Illumina MiSeq	7315943	16446	1211652;1655308	ftp.sra.ebi.ac.uk/vol1/fastq/SRR789/008/SRR7899918/SRR7899918_1.fastq.gz;ftp.sra.ebi.ac.uk/vol1/fastq/SRR789/008/SRR7899918/SRR7899918_2.fastq.gz	83a395d15cd269f2d83c8e219c87c648;7cffbacf4f6e396698112da48be0f0dd	Colombia:Santander	2016-03-12			2018-09-26	2018-09-26	not_verified_16s_subset	false	Run does not match the configured, verified bacterial 16S subset	https://www.ebi.ac.uk/ena/browser/view/PRJNA492720
pacheco_montealegre_2020_colombia	PRJNA492720	PRJNA492720	SRP162530	SRR7899919	SRX4737064	SAMN10112724	SRS3819127	YeastAnII84z1	MIMS Environmental/Metagenome sample from metagenome	Keywords: GSC:MIxS MIMS:5.0	Illumina MiSeq sequencing: High-Sensitive Detection and Dynamic of Microbiome during Cocoa Bean Fermentation	metagenome	256318	AMPLICON	METAGENOMIC	PCR	PAIRED	ILLUMINA	Illumina MiSeq	4297090	9268	1040857;1226071	ftp.sra.ebi.ac.uk/vol1/fastq/SRR789/009/SRR7899919/SRR7899919_1.fastq.gz;ftp.sra.ebi.ac.uk/vol1/fastq/SRR789/009/SRR7899919/SRR7899919_2.fastq.gz	5b6d5e88505cb9a8f29d2bfde8ad0378;61557f775a06c9f7caf86e6f4f17692c	Colombia:Antioquia	2016-06-10			2018-09-26	2018-09-26	non_bacterial_marker	false	ITS/fungal run is outside bacterial 16S scope	https://www.ebi.ac.uk/ena/browser/view/PRJNA492720
pacheco_montealegre_2020_colombia	PRJNA492720	PRJNA492720	SRP162530	SRR7899920	SRX4737063	SAMN10112526	SRS3819126	BactAnI108z1	MIMS Environmental/Metagenome sample from metagenome	Keywords: GSC:MIxS MIMS:5.0	Illumina MiSeq sequencing: High-Sensitive Detection and Dynamic of Microbiome during Cocoa Bean Fermentation	metagenome	256318	AMPLICON	METAGENOMIC	PCR	PAIRED	ILLUMINA	Illumina MiSeq	8875472	19957	941362;1430439	ftp.sra.ebi.ac.uk/vol1/fastq/SRR789/000/SRR7899920/SRR7899920_1.fastq.gz;ftp.sra.ebi.ac.uk/vol1/fastq/SRR789/000/SRR7899920/SRR7899920_2.fastq.gz	f079fecc7b51a0a68b914f40ea56cf14;0e37f8388e58debca650e7d9c7d86a0e	Colombia:Antioquia	2016-05-08			2018-09-26	2018-09-26	bacterial_16s_candidate	true		https://www.ebi.ac.uk/ena/browser/view/PRJNA492720
pacheco_montealegre_2020_colombia	PRJNA492720	PRJNA492720	SRP162530	SRR7899921	SRX4737062	SAMN10112527	SRS3819125	BactAnI108z2	MIMS Environmental/Metagenome sample from metagenome	Keywords: GSC:MIxS MIMS:5.0	Illumina MiSeq sequencing: High-Sensitive Detection and Dynamic of Microbiome during Cocoa Bean Fermentation	metagenome	256318	AMPLICON	METAGENOMIC	PCR	PAIRED	ILLUMINA	Illumina MiSeq	9955835	22388	1147492;1678804	ftp.sra.ebi.ac.uk/vol1/fastq/SRR789/001/SRR7899921/SRR7899921_1.fastq.gz;ftp.sra.ebi.ac.uk/vol1/fastq/SRR789/001/SRR7899921/SRR7899921_2.fastq.gz	0ef3fba672abd2bee061e87a4a884f65;bcedc81bdc285c257e3911aaf09d4c9b	Colombia:Antioquia	2016-05-08			2018-09-26	2018-09-26	bacterial_16s_candidate	true		https://www.ebi.ac.uk/ena/browser/view/PRJNA492720
pacheco_montealegre_2020_colombia	PRJNA492720	PRJNA492720	SRP162530	SRR7899922	SRX4737061	SAMN10112779	SRS3819124	BactSaIfruA	MIMS Environmental/Metagenome sample from metagenome	Keywords: GSC:MIxS MIMS:5.0	Illumina MiSeq sequencing: High-Sensitive Detection and Dynamic of Microbiome during Cocoa Bean Fermentation	metagenome	256318	AMPLICON	METAGENOMIC	PCR	PAIRED	ILLUMINA	Illumina MiSeq	3784990	8509	493181;681802	ftp.sra.ebi.ac.uk/vol1/fastq/SRR789/002/SRR7899922/SRR7899922_1.fastq.gz;ftp.sra.ebi.ac.uk/vol1/fastq/SRR789/002/SRR7899922/SRR7899922_2.fastq.gz	f45182798735a53ab3c2e9a9851a028f;a4b022bc39b0466b1c42f8fd561b9286	Colombia:Santander	2016-03-12			2018-09-26	2018-09-26	not_verified_16s_subset	false	Run does not match the configured, verified bacterial 16S subset	https://www.ebi.ac.uk/ena/browser/view/PRJNA492720
pacheco_montealegre_2020_colombia	PRJNA492720	PRJNA492720	SRP162530	SRR7899923	SRX4737060	SAMN10112800	SRS3819123	YeastSaImac	MIMS Environmental/Metagenome sample from metagenome	Keywords: GSC:MIxS MIMS:5.0	Illumina MiSeq sequencing: High-Sensitive Detection and Dynamic of Microbiome during Cocoa Bean Fermentation	metagenome	256318	AMPLICON	METAGENOMIC	PCR	PAIRED	ILLUMINA	Illumina MiSeq	1605523	3466	445440;506564	ftp.sra.ebi.ac.uk/vol1/fastq/SRR789/003/SRR7899923/SRR7899923_1.fastq.gz;ftp.sra.ebi.ac.uk/vol1/fastq/SRR789/003/SRR7899923/SRR7899923_2.fastq.gz	fccd5481e07880ec73a7d7c918f9f6c9;c9cccfe61a21a8df7243e87b00399bd7	Colombia:Santander	2016-03-12			2018-09-26	2018-09-26	non_bacterial_marker	false	ITS/fungal run is outside bacterial 16S scope	https://www.ebi.ac.uk/ena/browser/view/PRJNA492720
pacheco_montealegre_2020_colombia	PRJNA492720	PRJNA492720	SRP162530	SRR7899924	SRX4737059	SAMN10112801	SRS3819120	YeastSaIhor	MIMS Environmental/Metagenome sample from metagenome	Keywords: GSC:MIxS MIMS:5.0	Illumina MiSeq sequencing: High-Sensitive Detection and Dynamic of Microbiome during Cocoa Bean Fermentation	metagenome	256318	AMPLICON	METAGENOMIC	PCR	PAIRED	ILLUMINA	Illumina MiSeq	1423646	3077	360607;420637	ftp.sra.ebi.ac.uk/vol1/fastq/SRR789/004/SRR7899924/SRR7899924_1.fastq.gz;ftp.sra.ebi.ac.uk/vol1/fastq/SRR789/004/SRR7899924/SRR7899924_2.fastq.gz	90f109357c2c45b35951f9269cef34a8;72e52d4e1a95203dd0c17962ec06cc72	Colombia:Santander	2016-03-12			2018-09-26	2018-09-26	non_bacterial_marker	false	ITS/fungal run is outside bacterial 16S scope	https://www.ebi.ac.uk/ena/browser/view/PRJNA492720
pacheco_montealegre_2020_colombia	PRJNA492720	PRJNA492720	SRP162530	SRR7899925	SRX4737058	SAMN10112798	SRS3819122	YeastSaIpalV	MIMS Environmental/Metagenome sample from metagenome	Keywords: GSC:MIxS MIMS:5.0	Illumina MiSeq sequencing: High-Sensitive Detection and Dynamic of Microbiome during Cocoa Bean Fermentation	metagenome	256318	AMPLICON	METAGENOMIC	PCR	PAIRED	ILLUMINA	Illumina MiSeq	939212	2028	250836;285044	ftp.sra.ebi.ac.uk/vol1/fastq/SRR789/005/SRR7899925/SRR7899925_1.fastq.gz;ftp.sra.ebi.ac.uk/vol1/fastq/SRR789/005/SRR7899925/SRR7899925_2.fastq.gz	db0bdba816dcbdeb74a4c7c21b2bd20d;9b84078e9c82a21ea9eee02bbdd58800	Colombia:Santander	2016-03-12			2018-09-26	2018-09-26	non_bacterial_marker	false	ITS/fungal run is outside bacterial 16S scope	https://www.ebi.ac.uk/ena/browser/view/PRJNA492720
pacheco_montealegre_2020_colombia	PRJNA492720	PRJNA492720	SRP162530	SRR7899926	SRX4737057	SAMN10112799	SRS3819121	YeastSaIfruA	MIMS Environmental/Metagenome sample from metagenome	Keywords: GSC:MIxS MIMS:5.0	Illumina MiSeq sequencing: High-Sensitive Detection and Dynamic of Microbiome during Cocoa Bean Fermentation	metagenome	256318	AMPLICON	METAGENOMIC	PCR	PAIRED	ILLUMINA	Illumina MiSeq	1241483	2681	338217;384928	ftp.sra.ebi.ac.uk/vol1/fastq/SRR789/006/SRR7899926/SRR7899926_1.fastq.gz;ftp.sra.ebi.ac.uk/vol1/fastq/SRR789/006/SRR7899926/SRR7899926_2.fastq.gz	196a634dbf8cda1d41d5872d65dc6585;f99b2c990d18ad07e8aad42b87c99138	Colombia:Santander	2016-03-12			2018-09-26	2018-09-26	non_bacterial_marker	false	ITS/fungal run is outside bacterial 16S scope	https://www.ebi.ac.uk/ena/browser/view/PRJNA492720
pacheco_montealegre_2020_colombia	PRJNA492720	PRJNA492720	SRP162530	SRR7899927	SRX4737056	SAMN10112796	SRS3819145	YeastHuIcajF	MIMS Environmental/Metagenome sample from metagenome	Keywords: GSC:MIxS MIMS:5.0	Illumina MiSeq sequencing: High-Sensitive Detection and Dynamic of Microbiome during Cocoa Bean Fermentation	metagenome	256318	AMPLICON	METAGENOMIC	PCR	PAIRED	ILLUMINA	Illumina MiSeq	3028534	6539	741223;835357	ftp.sra.ebi.ac.uk/vol1/fastq/SRR789/007/SRR7899927/SRR7899927_1.fastq.gz;ftp.sra.ebi.ac.uk/vol1/fastq/SRR789/007/SRR7899927/SRR7899927_2.fastq.gz	12ef3dbec30516b6636d3d28d309e39d;1a01ece556361cc26c2dada04b9045e3	Colombia:Huila	2016-02-19			2018-09-26	2018-09-26	non_bacterial_marker	false	ITS/fungal run is outside bacterial 16S scope	https://www.ebi.ac.uk/ena/browser/view/PRJNA492720
pacheco_montealegre_2020_colombia	PRJNA492720	PRJNA492720	SRP162530	SRR7899928	SRX4737055	SAMN10112797	SRS3819119	YeastHuIpalV	MIMS Environmental/Metagenome sample from metagenome	Keywords: GSC:MIxS MIMS:5.0	Illumina MiSeq sequencing: High-Sensitive Detection and Dynamic of Microbiome during Cocoa Bean Fermentation	metagenome	256318	AMPLICON	METAGENOMIC	PCR	PAIRED	ILLUMINA	Illumina MiSeq	2414513	5208	586044;689661	ftp.sra.ebi.ac.uk/vol1/fastq/SRR789/008/SRR7899928/SRR7899928_1.fastq.gz;ftp.sra.ebi.ac.uk/vol1/fastq/SRR789/008/SRR7899928/SRR7899928_2.fastq.gz	18cf206b4a9cf87843e229b44cce0e58;2d2a929ef646b4bc967ac83f78daa89a	Colombia:Huila	2016-02-19			2018-09-26	2018-09-26	non_bacterial_marker	false	ITS/fungal run is outside bacterial 16S scope	https://www.ebi.ac.uk/ena/browser/view/PRJNA492720
procad_biocau_2019_shotgun	PRJNA552479	PRJNA552479	SRP212872	SRR9640343	SRX6402308	SAMN12211018	SRS5060503	Hib0	Hybrid 0h	During the fermentation, cocoa mass (seed with pulp) were collected.	HiSeq X Ten sequencing: Metagenome of cocoa bean fermentation at seven time points	metagenome	256318	WGS	METAGENOMIC	RANDOM	PAIRED	ILLUMINA	HiSeq X Ten	6615121200	22050404	1750477454;1995491866	ftp.sra.ebi.ac.uk/vol1/fastq/SRR964/003/SRR9640343/SRR9640343_1.fastq.gz;ftp.sra.ebi.ac.uk/vol1/fastq/SRR964/003/SRR9640343/SRR9640343_2.fastq.gz	b90560a59bf6cae6d2a1c58e39a0237a;5d9e53bb403429fcdcb4d94378c88dd4	Brazil:Bahia	2015-11-15T12:00:00Z			2019-12-27	2019-12-27	whole_metagenome_shotgun	false	WGS is outside Phase I bacterial 16S amplicon scope	https://www.ebi.ac.uk/ena/browser/view/PRJNA552479
procad_biocau_2019_shotgun	PRJNA552479	PRJNA552479	SRP212872	SRR9640344	SRX6402307	SAMN12211026	SRS5060501	Hib96	Hybrid 96h	During the fermentation, cocoa mass (seed with pulp) were collected.	HiSeq X Ten sequencing: Metagenome of cocoa bean fermentation at seven time points	metagenome	256318	WGS	METAGENOMIC	RANDOM	PAIRED	ILLUMINA	HiSeq X Ten	6374676033	21309592	9432877;1665015871;1782186531	ftp.sra.ebi.ac.uk/vol1/fastq/SRR964/004/SRR9640344/SRR9640344.fastq.gz;ftp.sra.ebi.ac.uk/vol1/fastq/SRR964/004/SRR9640344/SRR9640344_1.fastq.gz;ftp.sra.ebi.ac.uk/vol1/fastq/SRR964/004/SRR9640344/SRR9640344_2.fastq.gz	53a16e76eaa739222199a5dbe3ec5190;2b22beeb429b52d4bc2ba0e74624ea27;d92d0a6a713ae89f14bd3af8d456c7f0	Brazil:Bahia	2015-11-19T12:00:00Z			2019-12-27	2019-12-27	whole_metagenome_shotgun	false	WGS is outside Phase I bacterial 16S amplicon scope	https://www.ebi.ac.uk/ena/browser/view/PRJNA552479
procad_biocau_2019_shotgun	PRJNA552479	PRJNA552479	SRP212872	SRR9640345	SRX6402306	SAMN12211025	SRS5060500	For96	Forasteiro 96h	During the fermentation, cocoa mass (seed with pulp) were collected.	HiSeq X Ten sequencing: Metagenome of cocoa bean fermentation at seven time points	metagenome	256318	WGS	METAGENOMIC	RANDOM	PAIRED	ILLUMINA	HiSeq X Ten	5589933724	18675653	5909831;1471340661;1610720426	ftp.sra.ebi.ac.uk/vol1/fastq/SRR964/005/SRR9640345/SRR9640345.fastq.gz;ftp.sra.ebi.ac.uk/vol1/fastq/SRR964/005/SRR9640345/SRR9640345_1.fastq.gz;ftp.sra.ebi.ac.uk/vol1/fastq/SRR964/005/SRR9640345/SRR9640345_2.fastq.gz	06cf7fbebcff07f7f8c06095411c3b58;b3c9dcad786baeb517dc1cbde6a26fba;e81a66711208728b4bf09ebd45c0da82	Brazil:Bahia	2015-11-19T12:00:00Z			2019-12-27	2019-12-27	whole_metagenome_shotgun	false	WGS is outside Phase I bacterial 16S amplicon scope	https://www.ebi.ac.uk/ena/browser/view/PRJNA552479
procad_biocau_2019_shotgun	PRJNA552479	PRJNA552479	SRP212872	SRR9640346	SRX6402305	SAMN12211017	SRS5060502	For0	Forasteiro 0h	During the fermentation, cocoa mass (seed with pulp) were collected.	HiSeq X Ten sequencing: Metagenome of cocoa bean fermentation at seven time points	metagenome	256318	WGS	METAGENOMIC	RANDOM	PAIRED	ILLUMINA	HiSeq X Ten	6065920097	20267169	8555880;1746532980;1960143924	ftp.sra.ebi.ac.uk/vol1/fastq/SRR964/006/SRR9640346/SRR9640346.fastq.gz;ftp.sra.ebi.ac.uk/vol1/fastq/SRR964/006/SRR9640346/SRR9640346_1.fastq.gz;ftp.sra.ebi.ac.uk/vol1/fastq/SRR964/006/SRR9640346/SRR9640346_2.fastq.gz	35a863a52d769c7015254ce69493d4b7;704fdde8204aedc8fd47620b6d4654c9;9a3d93c5554d1871da5f0cfdfd265b9f	Brazil:Bahia	2015-11-15T12:00:00Z			2019-12-27	2019-12-27	whole_metagenome_shotgun	false	WGS is outside Phase I bacterial 16S amplicon scope	https://www.ebi.ac.uk/ena/browser/view/PRJNA552479
procad_biocau_2019_shotgun	PRJNA552479	PRJNA552479	SRP212872	SRR9640347	SRX6402304	SAMN12211028	SRS5060498	Hib120	Hybrid 120h	During the fermentation, cocoa mass (seed with pulp) were collected.	HiSeq X Ten sequencing: Metagenome of cocoa bean fermentation at seven time points	metagenome	256318	WGS	METAGENOMIC	RANDOM	PAIRED	ILLUMINA	HiSeq X Ten	6869561400	22898538	1813916755;2048364392	ftp.sra.ebi.ac.uk/vol1/fastq/SRR964/007/SRR9640347/SRR9640347_1.fastq.gz;ftp.sra.ebi.ac.uk/vol1/fastq/SRR964/007/SRR9640347/SRR9640347_2.fastq.gz	c1f42772dfeeaf6f28c45000417ddbbd;bc3e1c75f1ba95a73646fa82c69c2ddf	Brazil:Bahia	2015-11-21T12:00:00Z			2019-12-27	2019-12-27	whole_metagenome_shotgun	false	WGS is outside Phase I bacterial 16S amplicon scope	https://www.ebi.ac.uk/ena/browser/view/PRJNA552479
procad_biocau_2019_shotgun	PRJNA552479	PRJNA552479	SRP212872	SRR9640348	SRX6402303	SAMN12211027	SRS5060499	For120	Forasteiro 120h	During the fermentation, cocoa mass (seed with pulp) were collected.	HiSeq X Ten sequencing: Metagenome of cocoa bean fermentation at seven time points	metagenome	256318	WGS	METAGENOMIC	RANDOM	PAIRED	ILLUMINA	HiSeq X Ten	9847646003	32842560	2453437;2708681797;3030112627	ftp.sra.ebi.ac.uk/vol1/fastq/SRR964/008/SRR9640348/SRR9640348.fastq.gz;ftp.sra.ebi.ac.uk/vol1/fastq/SRR964/008/SRR9640348/SRR9640348_1.fastq.gz;ftp.sra.ebi.ac.uk/vol1/fastq/SRR964/008/SRR9640348/SRR9640348_2.fastq.gz	bd14be9ba169ce681ac768173f392d51;6a8b17fdad847c79650578880b763160;3bc828b721a674bbe055f269492baa65	Brazil:Bahia	2015-11-21T12:00:00Z			2019-12-27	2019-12-27	whole_metagenome_shotgun	false	WGS is outside Phase I bacterial 16S amplicon scope	https://www.ebi.ac.uk/ena/browser/view/PRJNA552479
procad_biocau_2019_shotgun	PRJNA552479	PRJNA552479	SRP212872	SRR9640350	SRX6402301	SAMN12211029	SRS5060496	For144	Forasteiro 144h	During the fermentation, cocoa mass (seed with pulp) were collected.	HiSeq X Ten sequencing: Metagenome of cocoa bean fermentation at seven time points	metagenome	256318	WGS	METAGENOMIC	RANDOM	PAIRED	ILLUMINA	HiSeq X Ten	8084510839	27705519	127729042;2086801554;2377073932	ftp.sra.ebi.ac.uk/vol1/fastq/SRR964/000/SRR9640350/SRR9640350.fastq.gz;ftp.sra.ebi.ac.uk/vol1/fastq/SRR964/000/SRR9640350/SRR9640350_1.fastq.gz;ftp.sra.ebi.ac.uk/vol1/fastq/SRR964/000/SRR9640350/SRR9640350_2.fastq.gz	7d0e5f19d34e38235488f24b623214d2;38188d96d47a9c9307855c9d018d57f4;ab25560ad6b3ecc9f3ddb012573c67f2	Brazil:Bahia	2015-11-22T12:00:00Z			2019-12-27	2019-12-27	whole_metagenome_shotgun	false	WGS is outside Phase I bacterial 16S amplicon scope	https://www.ebi.ac.uk/ena/browser/view/PRJNA552479
procad_biocau_2019_shotgun	PRJNA552479	PRJNA552479	SRP212872	SRR9640351	SRX6402300	SAMN12211024	SRS5060495	Hib72	Hybrid 72h	During the fermentation, cocoa mass (seed with pulp) were collected.	HiSeq X Ten sequencing: Metagenome of cocoa bean fermentation at seven time points	metagenome	256318	WGS	METAGENOMIC	RANDOM	PAIRED	ILLUMINA	HiSeq X Ten	6844977419	22865257	7295207;1797334797;1947314384	ftp.sra.ebi.ac.uk/vol1/fastq/SRR964/001/SRR9640351/SRR9640351.fastq.gz;ftp.sra.ebi.ac.uk/vol1/fastq/SRR964/001/SRR9640351/SRR9640351_1.fastq.gz;ftp.sra.ebi.ac.uk/vol1/fastq/SRR964/001/SRR9640351/SRR9640351_2.fastq.gz	a6557eb9f0f9ee37bcef7ff334b8f4e9;f1cf3c9f138ac7f2ddf68c2d5ba9f26b;b1ed1e7593a412a78790e56e7d571f5d	Brazil:Bahia	2015-11-18T12:00:00Z			2019-12-27	2019-12-27	whole_metagenome_shotgun	false	WGS is outside Phase I bacterial 16S amplicon scope	https://www.ebi.ac.uk/ena/browser/view/PRJNA552479
procad_biocau_2019_shotgun	PRJNA552479	PRJNA552479	SRP212872	SRR9640352	SRX6402299	SAMN12211023	SRS5060494	For72	Forasteiro 72h	During the fermentation, cocoa mass (seed with pulp) were collected.	HiSeq X Ten sequencing: Metagenome of cocoa bean fermentation at seven time points	metagenome	256318	WGS	METAGENOMIC	RANDOM	PAIRED	ILLUMINA	HiSeq X Ten	7125036615	23772680	3241923;1875743811;2079075191	ftp.sra.ebi.ac.uk/vol1/fastq/SRR964/002/SRR9640352/SRR9640352.fastq.gz;ftp.sra.ebi.ac.uk/vol1/fastq/SRR964/002/SRR9640352/SRR9640352_1.fastq.gz;ftp.sra.ebi.ac.uk/vol1/fastq/SRR964/002/SRR9640352/SRR9640352_2.fastq.gz	f93271ad84efd2fedd7335bac43fa051;4f0212ce5de40b15077728d035594932;138640a07ed7ba9d30070fad43d6df2f	Brazil:Bahia	2015-11-18T12:00:00Z			2019-12-27	2019-12-27	whole_metagenome_shotgun	false	WGS is outside Phase I bacterial 16S amplicon scope	https://www.ebi.ac.uk/ena/browser/view/PRJNA552479
procad_biocau_2019_shotgun	PRJNA552479	PRJNA552479	SRP212872	SRR9640353	SRX6402298	SAMN12211022	SRS5060493	Hib48	Hybrid 48h	During the fermentation, cocoa mass (seed with pulp) were collected.	HiSeq X Ten sequencing: Metagenome of cocoa bean fermentation at seven time points	metagenome	256318	WGS	METAGENOMIC	RANDOM	PAIRED	ILLUMINA	HiSeq X Ten	6444434669	21527855	8091089;1765911161;1973278561	ftp.sra.ebi.ac.uk/vol1/fastq/SRR964/003/SRR9640353/SRR9640353.fastq.gz;ftp.sra.ebi.ac.uk/vol1/fastq/SRR964/003/SRR9640353/SRR9640353_1.fastq.gz;ftp.sra.ebi.ac.uk/vol1/fastq/SRR964/003/SRR9640353/SRR9640353_2.fastq.gz	9be716ee39e9bc4ae0c0f1f73ac96ede;b44b0b262401bf3185ea9e99febe1dbf;9295964b88fa67c2a6d9152d6bc3c9b0	Brazil:Bahia	2015-11-17T12:00:00Z			2019-12-27	2019-12-27	whole_metagenome_shotgun	false	WGS is outside Phase I bacterial 16S amplicon scope	https://www.ebi.ac.uk/ena/browser/view/PRJNA552479
procad_biocau_2019_shotgun	PRJNA552479	PRJNA552479	SRP212872	SRR9640354	SRX6402297	SAMN12211021	SRS5060492	For48	Forasteiro 48h	During the fermentation, cocoa mass (seed with pulp) were collected.	HiSeq X Ten sequencing: Metagenome of cocoa bean fermentation at seven time points	metagenome	256318	WGS	METAGENOMIC	RANDOM	PAIRED	ILLUMINA	HiSeq X Ten	5303249142	17712317	5846600;1519127849;1733443761	ftp.sra.ebi.ac.uk/vol1/fastq/SRR964/004/SRR9640354/SRR9640354.fastq.gz;ftp.sra.ebi.ac.uk/vol1/fastq/SRR964/004/SRR9640354/SRR9640354_1.fastq.gz;ftp.sra.ebi.ac.uk/vol1/fastq/SRR964/004/SRR9640354/SRR9640354_2.fastq.gz	fda1d67ad302bc069802112079fe6ea1;8ebfc53d73324aa1512c08e06f7e1981;34e18c27e5024d858eae25e2f30a44ad	Brazil:Bahia	2015-11-17T12:00:00Z			2019-12-27	2019-12-27	whole_metagenome_shotgun	false	WGS is outside Phase I bacterial 16S amplicon scope	https://www.ebi.ac.uk/ena/browser/view/PRJNA552479
procad_biocau_2019_shotgun	PRJNA552479	PRJNA552479	SRP212872	SRR9640355	SRX6402296	SAMN12211020	SRS5060491	Hib24	Hybrid 24h	During the fermentation, cocoa mass (seed with pulp) were collected.	HiSeq X Ten sequencing: Metagenome of cocoa bean fermentation at seven time points	metagenome	256318	WGS	METAGENOMIC	RANDOM	PAIRED	ILLUMINA	HiSeq X Ten	5829409500	19431365	1632457551;1913772508	ftp.sra.ebi.ac.uk/vol1/fastq/SRR964/005/SRR9640355/SRR9640355_1.fastq.gz;ftp.sra.ebi.ac.uk/vol1/fastq/SRR964/005/SRR9640355/SRR9640355_2.fastq.gz	838b3e7869abb3df93d87e83a9c91404;7521cebbebf81c19411b5c04dada6811	Brazil:Bahia	2015-11-16T12:00:00Z			2019-12-27	2019-12-27	whole_metagenome_shotgun	false	WGS is outside Phase I bacterial 16S amplicon scope	https://www.ebi.ac.uk/ena/browser/view/PRJNA552479
procad_biocau_2019_shotgun	PRJNA552479	PRJNA552479	SRP212872	SRR9640356	SRX6402295	SAMN12211019	SRS5060490	For24	Forasteiro 24h	During the fermentation, cocoa mass (seed with pulp) were collected.	HiSeq X Ten sequencing: Metagenome of cocoa bean fermentation at seven time points	metagenome	256318	WGS	METAGENOMIC	RANDOM	PAIRED	ILLUMINA	HiSeq X Ten	6598314600	21994382	1750536386;1981141865	ftp.sra.ebi.ac.uk/vol1/fastq/SRR964/006/SRR9640356/SRR9640356_1.fastq.gz;ftp.sra.ebi.ac.uk/vol1/fastq/SRR964/006/SRR9640356/SRR9640356_2.fastq.gz	0b1fa3b0955dfa21ff90c98246b7104e;af20f59665a4355e2b2d2e5a461af521	Brazil:Bahia	2015-11-16T12:00:00Z			2019-12-27	2019-12-27	whole_metagenome_shotgun	false	WGS is outside Phase I bacterial 16S amplicon scope	https://www.ebi.ac.uk/ena/browser/view/PRJNA552479
procad_biocau_2019_shotgun	PRJNA552479	PRJNA552479	SRP212872	SRR9646966	SRX6408541	SAMN12211030	SRS5060497	Hib144	Hybrid 144h	During the fermentation, cocoa mass (seed with pulp) were collected.	HiSeq X Ten sequencing: Metagenome of cocoa bean fermentation at seven time points	metagenome	256318	WGS	METAGENOMIC	RANDOM	PAIRED	ILLUMINA	HiSeq X Ten	6555560788	21855842	3952;1808490979;2020433369	ftp.sra.ebi.ac.uk/vol1/fastq/SRR964/006/SRR9646966/SRR9646966.fastq.gz;ftp.sra.ebi.ac.uk/vol1/fastq/SRR964/006/SRR9646966/SRR9646966_1.fastq.gz;ftp.sra.ebi.ac.uk/vol1/fastq/SRR964/006/SRR9646966/SRR9646966_2.fastq.gz	8bdd280b7211865cabb19bc93699edca;0cf06dad5ae0bf6036481b571381251c;d146e3cf1be1d3d8dd00b73ec44b6e59	Brazil:Bahia	2015-11-22T12:00:00Z			2019-12-27	2019-12-27	whole_metagenome_shotgun	false	WGS is outside Phase I bacterial 16S amplicon scope	https://www.ebi.ac.uk/ena/browser/view/PRJNA552479
