study_id	sample_id	run_accession	bioproject	biosample	sample_alias	country	location	fermentation_batch	fermentation_hours	fermentation_duration_hours	relative_time	fermentation_stage	season	cacao_variety	replicate	sampling_stratum	sequencing_platform	sequencing_instrument	marker	region_16s	time_source	analysis_include	exclusion_reason	notes
almeida_2024_lab_cocoa_cocktails	35	SRR19417584	PRJNA842267	SAMN28657012	35	Brazil	Ribeirao Preto	almeida_2024_lab_cocoa_cocktails::0	96	96	1	late					ILLUMINA	Illumina MiniSeq	16S rRNA	V3-V4	ENA sample_title parsed with configured regex	pending	A five-timepoint non-inoculated F0 subset can be identified, and ENA experiment XML supplies V3-V4 primers. The lab-scale design and exact linkage of deposited F0 samples to independently replicated natural fermentation units need full-primary-protocol verification before inclusion; retain as a candidate, not as primary evidence.	F0_96h; Keywords: GSC:MIxS MIMS:6.0
almeida_2024_lab_cocoa_cocktails	34	SRR19417585	PRJNA842267	SAMN28657011	34	Brazil	Ribeirao Preto	almeida_2024_lab_cocoa_cocktails::0	72	96	0.75	late					ILLUMINA	Illumina MiniSeq	16S rRNA	V3-V4	ENA sample_title parsed with configured regex	pending	A five-timepoint non-inoculated F0 subset can be identified, and ENA experiment XML supplies V3-V4 primers. The lab-scale design and exact linkage of deposited F0 samples to independently replicated natural fermentation units need full-primary-protocol verification before inclusion; retain as a candidate, not as primary evidence.	F0_72h; Keywords: GSC:MIxS MIMS:6.0
almeida_2024_lab_cocoa_cocktails	33	SRR19417586	PRJNA842267	SAMN28657010	33	Brazil	Ribeirao Preto	almeida_2024_lab_cocoa_cocktails::0	48	96	0.5	mid					ILLUMINA	Illumina MiniSeq	16S rRNA	V3-V4	ENA sample_title parsed with configured regex	pending	A five-timepoint non-inoculated F0 subset can be identified, and ENA experiment XML supplies V3-V4 primers. The lab-scale design and exact linkage of deposited F0 samples to independently replicated natural fermentation units need full-primary-protocol verification before inclusion; retain as a candidate, not as primary evidence.	F0_48h; Keywords: GSC:MIxS MIMS:6.0
almeida_2024_lab_cocoa_cocktails	32	SRR19417587	PRJNA842267	SAMN28657009	32	Brazil	Ribeirao Preto	almeida_2024_lab_cocoa_cocktails::0	24	96	0.25	early					ILLUMINA	Illumina MiniSeq	16S rRNA	V3-V4	ENA sample_title parsed with configured regex	pending	A five-timepoint non-inoculated F0 subset can be identified, and ENA experiment XML supplies V3-V4 primers. The lab-scale design and exact linkage of deposited F0 samples to independently replicated natural fermentation units need full-primary-protocol verification before inclusion; retain as a candidate, not as primary evidence.	F0_24h; Keywords: GSC:MIxS MIMS:6.0
almeida_2024_lab_cocoa_cocktails	31	SRR19417588	PRJNA842267	SAMN28657008	31	Brazil	Ribeirao Preto	almeida_2024_lab_cocoa_cocktails::0	0	96	0	early					ILLUMINA	Illumina MiniSeq	16S rRNA	V3-V4	ENA sample_title parsed with configured regex	pending	A five-timepoint non-inoculated F0 subset can be identified, and ENA experiment XML supplies V3-V4 primers. The lab-scale design and exact linkage of deposited F0 samples to independently replicated natural fermentation units need full-primary-protocol verification before inclusion; retain as a candidate, not as primary evidence.	F0_0h; Keywords: GSC:MIxS MIMS:6.0
amazonian_cocoa_16s_mapping_unresolved	cocoafermentation1	SRR6159231	PRJNA407677	SAMN07775071	cocoafermentation1	Brazil	Ilheus										ILLUMINA	Illumina HiSeq 2500	16S rRNA			pending	Experiment XML resolves four 16S libraries and two ITS libraries, but the bacterial run identities are locality-labelled and do not map unambiguously to fermentation times. Do not turn the shared description mentioning days 2/4/6 into per-run metadata. Primary full protocol/sample mapping and primers remain unverified.	Metagenome or environmental sample from food fermentation metagenome; Fermentation cocoa beans metagenome
amazonian_cocoa_16s_mapping_unresolved	cocoafermentation5	SRR6162951	PRJNA407677	SAMN07775368	cocoafermentation5	Brazil	Tome Acu										ILLUMINA	Illumina HiSeq 2500	16S rRNA			pending	Experiment XML resolves four 16S libraries and two ITS libraries, but the bacterial run identities are locality-labelled and do not map unambiguously to fermentation times. Do not turn the shared description mentioning days 2/4/6 into per-run metadata. Primary full protocol/sample mapping and primers remain unverified.	Metagenome or environmental sample from food fermentation metagenome; In this study, microfloral dynamics in cocoa beans fermented was evaluated using Illumina HiSeq 2500 approaches during a 2, 4 and 6-day fermentation process.
amazonian_cocoa_16s_mapping_unresolved	cocoafermentation7	SRR6162952	PRJNA407677	SAMN07775400	cocoafermentation7	Brazil	Medicilandia										ILLUMINA	Illumina HiSeq 2500	16S rRNA			pending	Experiment XML resolves four 16S libraries and two ITS libraries, but the bacterial run identities are locality-labelled and do not map unambiguously to fermentation times. Do not turn the shared description mentioning days 2/4/6 into per-run metadata. Primary full protocol/sample mapping and primers remain unverified.	Metagenome or environmental sample from food fermentation metagenome; In this study, microfloral dynamics in cocoa beans fermented was evaluated using Illumina HiSeq 2500 approaches during a 2, 4 and 6-day fermentation process.
amazonian_cocoa_16s_mapping_unresolved	cocoafermentation3	SRR6162954	PRJNA407677	SAMN07775361	cocoafermentation3	Brazil	Placas										ILLUMINA	Illumina HiSeq 2500	16S rRNA			pending	Experiment XML resolves four 16S libraries and two ITS libraries, but the bacterial run identities are locality-labelled and do not map unambiguously to fermentation times. Do not turn the shared description mentioning days 2/4/6 into per-run metadata. Primary full protocol/sample mapping and primers remain unverified.	Metagenome or environmental sample from food fermentation metagenome; In this study, microfloral dynamics in cocoa beans fermented was evaluated using Illumina HiSeq 2500 approaches during a 2, 4 and 6-day fermentation process.
diaz_munoz_2021_costa_rica_cr2017	F1T00	ERR4690441	PRJEB40850	SAMEA7455225	F1T00	Costa Rica	Heredia; cocoa pods from Upala	diaz_munoz_2021_costa_rica_cr2017::1	0	92	0	early	November 2017; transition between wet and dry season	Trinitario			ILLUMINA	Illumina MiSeq	16S rRNA	V4	ENA sample_alias parsed with configured regex	true		F1T00; Fermentation F1 timepoint (h) 00
diaz_munoz_2021_costa_rica_cr2017	F1T06	ERR4690442	PRJEB40850	SAMEA7455226	F1T06	Costa Rica	Heredia; cocoa pods from Upala	diaz_munoz_2021_costa_rica_cr2017::1	6	92	0.065217391	early	November 2017; transition between wet and dry season	Trinitario			ILLUMINA	Illumina MiSeq	16S rRNA	V4	ENA sample_alias parsed with configured regex	true		F1T06; Fermentation F1 timepoint (h) 06
diaz_munoz_2021_costa_rica_cr2017	F1T20	ERR4690443	PRJEB40850	SAMEA7455227	F1T20	Costa Rica	Heredia; cocoa pods from Upala	diaz_munoz_2021_costa_rica_cr2017::1	20	92	0.2173913	early	November 2017; transition between wet and dry season	Trinitario			ILLUMINA	Illumina MiSeq	16S rRNA	V4	ENA sample_alias parsed with configured regex	true		F1T20; Fermentation F1 timepoint (h) 20
diaz_munoz_2021_costa_rica_cr2017	F1T44	ERR4690444	PRJEB40850	SAMEA7455228	F1T44	Costa Rica	Heredia; cocoa pods from Upala	diaz_munoz_2021_costa_rica_cr2017::1	44	92	0.47826087	mid	November 2017; transition between wet and dry season	Trinitario			ILLUMINA	Illumina MiSeq	16S rRNA	V4	ENA sample_alias parsed with configured regex	true		F1T44; Fermentation F1 timepoint (h) 44
diaz_munoz_2021_costa_rica_cr2017	F1T68	ERR4690445	PRJEB40850	SAMEA7455229	F1T68	Costa Rica	Heredia; cocoa pods from Upala	diaz_munoz_2021_costa_rica_cr2017::1	68	92	0.73913043	late	November 2017; transition between wet and dry season	Trinitario			ILLUMINA	Illumina MiSeq	16S rRNA	V4	ENA sample_alias parsed with configured regex	true		F1T68; Fermentation F1 timepoint (h) 68
diaz_munoz_2021_costa_rica_cr2017	F1T92	ERR4690446	PRJEB40850	SAMEA7455230	F1T92	Costa Rica	Heredia; cocoa pods from Upala	diaz_munoz_2021_costa_rica_cr2017::1	92	92	1	late	November 2017; transition between wet and dry season	Trinitario			ILLUMINA	Illumina MiSeq	16S rRNA	V4	ENA sample_alias parsed with configured regex	true		F1T92; Fermentation F1 timepoint (h) 92
diaz_munoz_2021_costa_rica_cr2017	F2T00	ERR4690447	PRJEB40850	SAMEA7455231	F2T00	Costa Rica	Heredia; cocoa pods from Upala	diaz_munoz_2021_costa_rica_cr2017::2	0	92	0	early	November 2017; transition between wet and dry season	Trinitario			ILLUMINA	Illumina MiSeq	16S rRNA	V4	ENA sample_alias parsed with configured regex	true		F2T00; Fermentation F2 timepoint (h) 00
diaz_munoz_2021_costa_rica_cr2017	F2T06	ERR4690448	PRJEB40850	SAMEA7455232	F2T06	Costa Rica	Heredia; cocoa pods from Upala	diaz_munoz_2021_costa_rica_cr2017::2	6	92	0.065217391	early	November 2017; transition between wet and dry season	Trinitario			ILLUMINA	Illumina MiSeq	16S rRNA	V4	ENA sample_alias parsed with configured regex	true		F2T06; Fermentation F2 timepoint (h) 06
diaz_munoz_2021_costa_rica_cr2017	F2T20	ERR4690449	PRJEB40850	SAMEA7455233	F2T20	Costa Rica	Heredia; cocoa pods from Upala	diaz_munoz_2021_costa_rica_cr2017::2	20	92	0.2173913	early	November 2017; transition between wet and dry season	Trinitario			ILLUMINA	Illumina MiSeq	16S rRNA	V4	ENA sample_alias parsed with configured regex	true		F2T20; Fermentation F2 timepoint (h) 20
diaz_munoz_2021_costa_rica_cr2017	F2T44	ERR4690450	PRJEB40850	SAMEA7455234	F2T44	Costa Rica	Heredia; cocoa pods from Upala	diaz_munoz_2021_costa_rica_cr2017::2	44	92	0.47826087	mid	November 2017; transition between wet and dry season	Trinitario			ILLUMINA	Illumina MiSeq	16S rRNA	V4	ENA sample_alias parsed with configured regex	true		F2T44; Fermentation F2 timepoint (h) 44
diaz_munoz_2021_costa_rica_cr2017	F2T68	ERR4690451	PRJEB40850	SAMEA7455235	F2T68	Costa Rica	Heredia; cocoa pods from Upala	diaz_munoz_2021_costa_rica_cr2017::2	68	92	0.73913043	late	November 2017; transition between wet and dry season	Trinitario			ILLUMINA	Illumina MiSeq	16S rRNA	V4	ENA sample_alias parsed with configured regex	true		F2T68; Fermentation F2 timepoint (h) 68
diaz_munoz_2021_costa_rica_cr2017	F2T92	ERR4690452	PRJEB40850	SAMEA7455236	F2T92	Costa Rica	Heredia; cocoa pods from Upala	diaz_munoz_2021_costa_rica_cr2017::2	92	92	1	late	November 2017; transition between wet and dry season	Trinitario			ILLUMINA	Illumina MiSeq	16S rRNA	V4	ENA sample_alias parsed with configured regex	true		F2T92; Fermentation F2 timepoint (h) 92
ecuador_ccn51_starter_comparison_2026	EC22_F1T0	ERR14005395	PRJEB82871	SAMEA117399127	EC22_F1T0	Ecuador		ecuador_ccn51_starter_comparison_2026::1	0	96	0	early		CCN-51			PACBIO_SMRT	Sequel IIe	16S rRNA	full-length	ENA sample_description parsed with configured regex	pending	ENA identifies 16 longitudinal PacBio full-length 16S runs from two spontaneous negative-control fermentations, but no linked paper or primer sequences were verified as of the retrieval date.	EC22_F1T0; Fermentation 1, 0 h, negative control
ecuador_ccn51_starter_comparison_2026	EC22_F1T12	ERR14005396	PRJEB82871	SAMEA117399141	EC22_F1T12	Ecuador		ecuador_ccn51_starter_comparison_2026::1	12	96	0.125	early		CCN-51			PACBIO_SMRT	Sequel IIe	16S rRNA	full-length	ENA sample_description parsed with configured regex	pending	ENA identifies 16 longitudinal PacBio full-length 16S runs from two spontaneous negative-control fermentations, but no linked paper or primer sequences were verified as of the retrieval date.	EC22_F1T12; Fermentation 1, 12 h, negative control
ecuador_ccn51_starter_comparison_2026	EC22_F1T24	ERR14005397	PRJEB82871	SAMEA117399149	EC22_F1T24	Ecuador		ecuador_ccn51_starter_comparison_2026::1	24	96	0.25	early		CCN-51			PACBIO_SMRT	Sequel IIe	16S rRNA	full-length	ENA sample_description parsed with configured regex	pending	ENA identifies 16 longitudinal PacBio full-length 16S runs from two spontaneous negative-control fermentations, but no linked paper or primer sequences were verified as of the retrieval date.	EC22_F1T24; Fermentation 1, 24 h, negative control
ecuador_ccn51_starter_comparison_2026	EC22_F1T36	ERR14005398	PRJEB82871	SAMEA117399157	EC22_F1T36	Ecuador		ecuador_ccn51_starter_comparison_2026::1	36	96	0.375	mid		CCN-51			PACBIO_SMRT	Sequel IIe	16S rRNA	full-length	ENA sample_description parsed with configured regex	pending	ENA identifies 16 longitudinal PacBio full-length 16S runs from two spontaneous negative-control fermentations, but no linked paper or primer sequences were verified as of the retrieval date.	EC22_F1T36; Fermentation 1, 36 h, negative control
ecuador_ccn51_starter_comparison_2026	EC22_F1T48	ERR14005399	PRJEB82871	SAMEA117399165	EC22_F1T48	Ecuador		ecuador_ccn51_starter_comparison_2026::1	48	96	0.5	mid		CCN-51			PACBIO_SMRT	Sequel IIe	16S rRNA	full-length	ENA sample_description parsed with configured regex	pending	ENA identifies 16 longitudinal PacBio full-length 16S runs from two spontaneous negative-control fermentations, but no linked paper or primer sequences were verified as of the retrieval date.	EC22_F1T48; Fermentation 1, 48 h, negative control
ecuador_ccn51_starter_comparison_2026	EC22_F1T72	ERR14005400	PRJEB82871	SAMEA117399173	EC22_F1T72	Ecuador		ecuador_ccn51_starter_comparison_2026::1	72	96	0.75	late		CCN-51			PACBIO_SMRT	Sequel IIe	16S rRNA	full-length	ENA sample_description parsed with configured regex	pending	ENA identifies 16 longitudinal PacBio full-length 16S runs from two spontaneous negative-control fermentations, but no linked paper or primer sequences were verified as of the retrieval date.	EC22_F1T72; Fermentation 1, 72 h, negative control
ecuador_ccn51_starter_comparison_2026	EC22_F1T84	ERR14005401	PRJEB82871	SAMEA117399181	EC22_F1T84	Ecuador		ecuador_ccn51_starter_comparison_2026::1	84	96	0.875	late		CCN-51			PACBIO_SMRT	Sequel IIe	16S rRNA	full-length	ENA sample_description parsed with configured regex	pending	ENA identifies 16 longitudinal PacBio full-length 16S runs from two spontaneous negative-control fermentations, but no linked paper or primer sequences were verified as of the retrieval date.	EC22_F1T84; Fermentation 1, 84 h, negative control
ecuador_ccn51_starter_comparison_2026	EC22_F1T96	ERR14005402	PRJEB82871	SAMEA117399189	EC22_F1T96	Ecuador		ecuador_ccn51_starter_comparison_2026::1	96	96	1	late		CCN-51			PACBIO_SMRT	Sequel IIe	16S rRNA	full-length	ENA sample_description parsed with configured regex	pending	ENA identifies 16 longitudinal PacBio full-length 16S runs from two spontaneous negative-control fermentations, but no linked paper or primer sequences were verified as of the retrieval date.	EC22_F1T96; Fermentation 1, 96 h, negative control
ecuador_ccn51_starter_comparison_2026	EC22_F2T0	ERR14005403	PRJEB82871	SAMEA117399128	EC22_F2T0	Ecuador		ecuador_ccn51_starter_comparison_2026::2	0	96	0	early		CCN-51			PACBIO_SMRT	Sequel IIe	16S rRNA	full-length	ENA sample_description parsed with configured regex	pending	ENA identifies 16 longitudinal PacBio full-length 16S runs from two spontaneous negative-control fermentations, but no linked paper or primer sequences were verified as of the retrieval date.	EC22_F2T0; Fermentation 2, 0 h, negative control
ecuador_ccn51_starter_comparison_2026	EC22_F2T12	ERR14005404	PRJEB82871	SAMEA117399142	EC22_F2T12	Ecuador		ecuador_ccn51_starter_comparison_2026::2	12	96	0.125	early		CCN-51			PACBIO_SMRT	Sequel IIe	16S rRNA	full-length	ENA sample_description parsed with configured regex	pending	ENA identifies 16 longitudinal PacBio full-length 16S runs from two spontaneous negative-control fermentations, but no linked paper or primer sequences were verified as of the retrieval date.	EC22_F2T12; Fermentation 2, 12 h, negative control
ecuador_ccn51_starter_comparison_2026	EC22_F2T24	ERR14005405	PRJEB82871	SAMEA117399150	EC22_F2T24	Ecuador		ecuador_ccn51_starter_comparison_2026::2	24	96	0.25	early		CCN-51			PACBIO_SMRT	Sequel IIe	16S rRNA	full-length	ENA sample_description parsed with configured regex	pending	ENA identifies 16 longitudinal PacBio full-length 16S runs from two spontaneous negative-control fermentations, but no linked paper or primer sequences were verified as of the retrieval date.	EC22_F2T24; Fermentation 2, 24 h, negative control
ecuador_ccn51_starter_comparison_2026	EC22_F2T36	ERR14005406	PRJEB82871	SAMEA117399158	EC22_F2T36	Ecuador		ecuador_ccn51_starter_comparison_2026::2	36	96	0.375	mid		CCN-51			PACBIO_SMRT	Sequel IIe	16S rRNA	full-length	ENA sample_description parsed with configured regex	pending	ENA identifies 16 longitudinal PacBio full-length 16S runs from two spontaneous negative-control fermentations, but no linked paper or primer sequences were verified as of the retrieval date.	EC22_F2T36; Fermentation 2, 36 h, negative control
ecuador_ccn51_starter_comparison_2026	EC22_F2T48	ERR14005407	PRJEB82871	SAMEA117399166	EC22_F2T48	Ecuador		ecuador_ccn51_starter_comparison_2026::2	48	96	0.5	mid		CCN-51			PACBIO_SMRT	Sequel IIe	16S rRNA	full-length	ENA sample_description parsed with configured regex	pending	ENA identifies 16 longitudinal PacBio full-length 16S runs from two spontaneous negative-control fermentations, but no linked paper or primer sequences were verified as of the retrieval date.	EC22_F2T48; Fermentation 2, 48 h, negative control
ecuador_ccn51_starter_comparison_2026	EC22_F2T72	ERR14005408	PRJEB82871	SAMEA117399174	EC22_F2T72	Ecuador		ecuador_ccn51_starter_comparison_2026::2	72	96	0.75	late		CCN-51			PACBIO_SMRT	Sequel IIe	16S rRNA	full-length	ENA sample_description parsed with configured regex	pending	ENA identifies 16 longitudinal PacBio full-length 16S runs from two spontaneous negative-control fermentations, but no linked paper or primer sequences were verified as of the retrieval date.	EC22_F2T72; Fermentation 2, 72 h, negative control
ecuador_ccn51_starter_comparison_2026	EC22_F2T84	ERR14005409	PRJEB82871	SAMEA117399182	EC22_F2T84	Ecuador		ecuador_ccn51_starter_comparison_2026::2	84	96	0.875	late		CCN-51			PACBIO_SMRT	Sequel IIe	16S rRNA	full-length	ENA sample_description parsed with configured regex	pending	ENA identifies 16 longitudinal PacBio full-length 16S runs from two spontaneous negative-control fermentations, but no linked paper or primer sequences were verified as of the retrieval date.	EC22_F2T84; Fermentation 2, 84 h, negative control
ecuador_ccn51_starter_comparison_2026	EC22_F2T96	ERR14005410	PRJEB82871	SAMEA117399190	EC22_F2T96	Ecuador		ecuador_ccn51_starter_comparison_2026::2	96	96	1	late		CCN-51			PACBIO_SMRT	Sequel IIe	16S rRNA	full-length	ENA sample_description parsed with configured regex	pending	ENA identifies 16 longitudinal PacBio full-length 16S runs from two spontaneous negative-control fermentations, but no linked paper or primer sequences were verified as of the retrieval date.	EC22_F2T96; Fermentation 2, 96 h, negative control
ecuador_nacional_starter_comparison_2026	F1B0	ERR13936852	PRJEB82327	SAMEA116823429	F1B0	Ecuador		ecuador_nacional_starter_comparison_2026::1	0	96	0	early		Nacional		bottom	PACBIO_SMRT	Sequel IIe	16S rRNA	full-length	ENA sample_description parsed with configured regex	pending	ENA identifies 48 longitudinal PacBio full-length 16S runs from two spontaneous negative-control fermentations, but no linked paper or primer sequences were verified as of the retrieval date.	F1B0; Fermentation 1, bottom sample, 0 h, Negative control
ecuador_nacional_starter_comparison_2026	F1B12	ERR13936853	PRJEB82327	SAMEA116823459	F1B12	Ecuador		ecuador_nacional_starter_comparison_2026::1	12	96	0.125	early		Nacional		bottom	PACBIO_SMRT	Sequel IIe	16S rRNA	full-length	ENA sample_description parsed with configured regex	pending	ENA identifies 48 longitudinal PacBio full-length 16S runs from two spontaneous negative-control fermentations, but no linked paper or primer sequences were verified as of the retrieval date.	F1B12; Fermentation 1, bottom sample, 12 h, Negative control
ecuador_nacional_starter_comparison_2026	F1B24	ERR13936854	PRJEB82327	SAMEA116823477	F1B24	Ecuador		ecuador_nacional_starter_comparison_2026::1	24	96	0.25	early		Nacional		bottom	PACBIO_SMRT	Sequel IIe	16S rRNA	full-length	ENA sample_description parsed with configured regex	pending	ENA identifies 48 longitudinal PacBio full-length 16S runs from two spontaneous negative-control fermentations, but no linked paper or primer sequences were verified as of the retrieval date.	F1B24; Fermentation 1, bottom sample, 24 h, Negative control
ecuador_nacional_starter_comparison_2026	F1B36	ERR13936855	PRJEB82327	SAMEA116823495	F1B36	Ecuador		ecuador_nacional_starter_comparison_2026::1	36	96	0.375	mid		Nacional		bottom	PACBIO_SMRT	Sequel IIe	16S rRNA	full-length	ENA sample_description parsed with configured regex	pending	ENA identifies 48 longitudinal PacBio full-length 16S runs from two spontaneous negative-control fermentations, but no linked paper or primer sequences were verified as of the retrieval date.	F1B36; Fermentation 1, bottom sample, 36 h, Negative control
ecuador_nacional_starter_comparison_2026	F1B48	ERR13936856	PRJEB82327	SAMEA116823513	F1B48	Ecuador		ecuador_nacional_starter_comparison_2026::1	48	96	0.5	mid		Nacional		bottom	PACBIO_SMRT	Sequel IIe	16S rRNA	full-length	ENA sample_description parsed with configured regex	pending	ENA identifies 48 longitudinal PacBio full-length 16S runs from two spontaneous negative-control fermentations, but no linked paper or primer sequences were verified as of the retrieval date.	F1B48; Fermentation 1, bottom sample, 48 h, Negative control
ecuador_nacional_starter_comparison_2026	F1B72	ERR13936857	PRJEB82327	SAMEA116823531	F1B72	Ecuador		ecuador_nacional_starter_comparison_2026::1	72	96	0.75	late		Nacional		bottom	PACBIO_SMRT	Sequel IIe	16S rRNA	full-length	ENA sample_description parsed with configured regex	pending	ENA identifies 48 longitudinal PacBio full-length 16S runs from two spontaneous negative-control fermentations, but no linked paper or primer sequences were verified as of the retrieval date.	F1B72; Fermentation 1, bottom sample, 72 h, Negative control
ecuador_nacional_starter_comparison_2026	F1B84	ERR13936858	PRJEB82327	SAMEA116823549	F1B84	Ecuador		ecuador_nacional_starter_comparison_2026::1	84	96	0.875	late		Nacional		bottom	PACBIO_SMRT	Sequel IIe	16S rRNA	full-length	ENA sample_description parsed with configured regex	pending	ENA identifies 48 longitudinal PacBio full-length 16S runs from two spontaneous negative-control fermentations, but no linked paper or primer sequences were verified as of the retrieval date.	F1B84; Fermentation 1, bottom sample, 84 h, Negative control
ecuador_nacional_starter_comparison_2026	F1B96	ERR13936859	PRJEB82327	SAMEA116823567	F1B96	Ecuador		ecuador_nacional_starter_comparison_2026::1	96	96	1	late		Nacional		bottom	PACBIO_SMRT	Sequel IIe	16S rRNA	full-length	ENA sample_description parsed with configured regex	pending	ENA identifies 48 longitudinal PacBio full-length 16S runs from two spontaneous negative-control fermentations, but no linked paper or primer sequences were verified as of the retrieval date.	F1B96; Fermentation 1, bottom sample, 96 h, Negative control
ecuador_nacional_starter_comparison_2026	F1M0	ERR13936860	PRJEB82327	SAMEA116823428	F1M0	Ecuador		ecuador_nacional_starter_comparison_2026::1	0	96	0	early		Nacional		middle	PACBIO_SMRT	Sequel IIe	16S rRNA	full-length	ENA sample_description parsed with configured regex	pending	ENA identifies 48 longitudinal PacBio full-length 16S runs from two spontaneous negative-control fermentations, but no linked paper or primer sequences were verified as of the retrieval date.	F1M0; Fermentation 1, middle sample, 0 h, Negative control
ecuador_nacional_starter_comparison_2026	F1M12	ERR13936861	PRJEB82327	SAMEA116823458	F1M12	Ecuador		ecuador_nacional_starter_comparison_2026::1	12	96	0.125	early		Nacional		middle	PACBIO_SMRT	Sequel IIe	16S rRNA	full-length	ENA sample_description parsed with configured regex	pending	ENA identifies 48 longitudinal PacBio full-length 16S runs from two spontaneous negative-control fermentations, but no linked paper or primer sequences were verified as of the retrieval date.	F1M12; Fermentation 1, middle sample, 12 h, Negative control
ecuador_nacional_starter_comparison_2026	F1M24	ERR13936862	PRJEB82327	SAMEA116823476	F1M24	Ecuador		ecuador_nacional_starter_comparison_2026::1	24	96	0.25	early		Nacional		middle	PACBIO_SMRT	Sequel IIe	16S rRNA	full-length	ENA sample_description parsed with configured regex	pending	ENA identifies 48 longitudinal PacBio full-length 16S runs from two spontaneous negative-control fermentations, but no linked paper or primer sequences were verified as of the retrieval date.	F1M24; Fermentation 1, middle sample, 24 h, Negative control
ecuador_nacional_starter_comparison_2026	F1M36	ERR13936863	PRJEB82327	SAMEA116823494	F1M36	Ecuador		ecuador_nacional_starter_comparison_2026::1	36	96	0.375	mid		Nacional		middle	PACBIO_SMRT	Sequel IIe	16S rRNA	full-length	ENA sample_description parsed with configured regex	pending	ENA identifies 48 longitudinal PacBio full-length 16S runs from two spontaneous negative-control fermentations, but no linked paper or primer sequences were verified as of the retrieval date.	F1M36; Fermentation 1, middle sample, 36 h, Negative control
ecuador_nacional_starter_comparison_2026	F1M48	ERR13936864	PRJEB82327	SAMEA116823512	F1M48	Ecuador		ecuador_nacional_starter_comparison_2026::1	48	96	0.5	mid		Nacional		middle	PACBIO_SMRT	Sequel IIe	16S rRNA	full-length	ENA sample_description parsed with configured regex	pending	ENA identifies 48 longitudinal PacBio full-length 16S runs from two spontaneous negative-control fermentations, but no linked paper or primer sequences were verified as of the retrieval date.	F1M48; Fermentation 1, middle sample, 48 h, Negative control
ecuador_nacional_starter_comparison_2026	F1M72	ERR13936865	PRJEB82327	SAMEA116823530	F1M72	Ecuador		ecuador_nacional_starter_comparison_2026::1	72	96	0.75	late		Nacional		middle	PACBIO_SMRT	Sequel IIe	16S rRNA	full-length	ENA sample_description parsed with configured regex	pending	ENA identifies 48 longitudinal PacBio full-length 16S runs from two spontaneous negative-control fermentations, but no linked paper or primer sequences were verified as of the retrieval date.	F1M72; Fermentation 1, middle sample, 72 h, Negative control
ecuador_nacional_starter_comparison_2026	F1M84	ERR13936866	PRJEB82327	SAMEA116823548	F1M84	Ecuador		ecuador_nacional_starter_comparison_2026::1	84	96	0.875	late		Nacional		middle	PACBIO_SMRT	Sequel IIe	16S rRNA	full-length	ENA sample_description parsed with configured regex	pending	ENA identifies 48 longitudinal PacBio full-length 16S runs from two spontaneous negative-control fermentations, but no linked paper or primer sequences were verified as of the retrieval date.	F1M84; Fermentation 1, middle sample, 84 h, Negative control
ecuador_nacional_starter_comparison_2026	F1M96	ERR13936867	PRJEB82327	SAMEA116823566	F1M96	Ecuador		ecuador_nacional_starter_comparison_2026::1	96	96	1	late		Nacional		middle	PACBIO_SMRT	Sequel IIe	16S rRNA	full-length	ENA sample_description parsed with configured regex	pending	ENA identifies 48 longitudinal PacBio full-length 16S runs from two spontaneous negative-control fermentations, but no linked paper or primer sequences were verified as of the retrieval date.	F1M96; Fermentation 1, middle sample, 96 h, Negative control
ecuador_nacional_starter_comparison_2026	F1T0	ERR13936868	PRJEB82327	SAMEA116823427	F1T0	Ecuador		ecuador_nacional_starter_comparison_2026::1	0	96	0	early		Nacional		top	PACBIO_SMRT	Sequel IIe	16S rRNA	full-length	ENA sample_description parsed with configured regex	pending	ENA identifies 48 longitudinal PacBio full-length 16S runs from two spontaneous negative-control fermentations, but no linked paper or primer sequences were verified as of the retrieval date.	F1T0; Fermentation 1, top sample, 0 h, Negative control
ecuador_nacional_starter_comparison_2026	F1T12	ERR13936869	PRJEB82327	SAMEA116823457	F1T12	Ecuador		ecuador_nacional_starter_comparison_2026::1	12	96	0.125	early		Nacional		top	PACBIO_SMRT	Sequel IIe	16S rRNA	full-length	ENA sample_description parsed with configured regex	pending	ENA identifies 48 longitudinal PacBio full-length 16S runs from two spontaneous negative-control fermentations, but no linked paper or primer sequences were verified as of the retrieval date.	F1T12; Fermentation 1, top sample, 12 h, Negative control
ecuador_nacional_starter_comparison_2026	F1T24	ERR13936870	PRJEB82327	SAMEA116823475	F1T24	Ecuador		ecuador_nacional_starter_comparison_2026::1	24	96	0.25	early		Nacional		top	PACBIO_SMRT	Sequel IIe	16S rRNA	full-length	ENA sample_description parsed with configured regex	pending	ENA identifies 48 longitudinal PacBio full-length 16S runs from two spontaneous negative-control fermentations, but no linked paper or primer sequences were verified as of the retrieval date.	F1T24; Fermentation 1, top sample, 24 h, Negative control
ecuador_nacional_starter_comparison_2026	F1T36	ERR13936871	PRJEB82327	SAMEA116823493	F1T36	Ecuador		ecuador_nacional_starter_comparison_2026::1	36	96	0.375	mid		Nacional		top	PACBIO_SMRT	Sequel IIe	16S rRNA	full-length	ENA sample_description parsed with configured regex	pending	ENA identifies 48 longitudinal PacBio full-length 16S runs from two spontaneous negative-control fermentations, but no linked paper or primer sequences were verified as of the retrieval date.	F1T36; Fermentation 1, top sample, 36 h, Negative control
ecuador_nacional_starter_comparison_2026	F1T48	ERR13936872	PRJEB82327	SAMEA116823511	F1T48	Ecuador		ecuador_nacional_starter_comparison_2026::1	48	96	0.5	mid		Nacional		top	PACBIO_SMRT	Sequel IIe	16S rRNA	full-length	ENA sample_description parsed with configured regex	pending	ENA identifies 48 longitudinal PacBio full-length 16S runs from two spontaneous negative-control fermentations, but no linked paper or primer sequences were verified as of the retrieval date.	F1T48; Fermentation 1, top sample, 48 h, Negative control
ecuador_nacional_starter_comparison_2026	F1T72	ERR13936873	PRJEB82327	SAMEA116823529	F1T72	Ecuador		ecuador_nacional_starter_comparison_2026::1	72	96	0.75	late		Nacional		top	PACBIO_SMRT	Sequel IIe	16S rRNA	full-length	ENA sample_description parsed with configured regex	pending	ENA identifies 48 longitudinal PacBio full-length 16S runs from two spontaneous negative-control fermentations, but no linked paper or primer sequences were verified as of the retrieval date.	F1T72; Fermentation 1, top sample, 72 h, Negative control
ecuador_nacional_starter_comparison_2026	F1T84	ERR13936874	PRJEB82327	SAMEA116823547	F1T84	Ecuador		ecuador_nacional_starter_comparison_2026::1	84	96	0.875	late		Nacional		top	PACBIO_SMRT	Sequel IIe	16S rRNA	full-length	ENA sample_description parsed with configured regex	pending	ENA identifies 48 longitudinal PacBio full-length 16S runs from two spontaneous negative-control fermentations, but no linked paper or primer sequences were verified as of the retrieval date.	F1T84; Fermentation 1, top sample, 84 h, Negative control
ecuador_nacional_starter_comparison_2026	F1T96	ERR13936875	PRJEB82327	SAMEA116823565	F1T96	Ecuador		ecuador_nacional_starter_comparison_2026::1	96	96	1	late		Nacional		top	PACBIO_SMRT	Sequel IIe	16S rRNA	full-length	ENA sample_description parsed with configured regex	pending	ENA identifies 48 longitudinal PacBio full-length 16S runs from two spontaneous negative-control fermentations, but no linked paper or primer sequences were verified as of the retrieval date.	F1T96; Fermentation 1, top sample, 96 h, Negative control
ecuador_nacional_starter_comparison_2026	F2B0	ERR13936876	PRJEB82327	SAMEA116823432	F2B0	Ecuador		ecuador_nacional_starter_comparison_2026::2	0	96	0	early		Nacional		bottom	PACBIO_SMRT	Sequel IIe	16S rRNA	full-length	ENA sample_description parsed with configured regex	pending	ENA identifies 48 longitudinal PacBio full-length 16S runs from two spontaneous negative-control fermentations, but no linked paper or primer sequences were verified as of the retrieval date.	F2B0; Fermentation 2, bottom sample, 0 h, Negative control
ecuador_nacional_starter_comparison_2026	F2B12	ERR13936877	PRJEB82327	SAMEA116823462	F2B12	Ecuador		ecuador_nacional_starter_comparison_2026::2	12	96	0.125	early		Nacional		bottom	PACBIO_SMRT	Sequel IIe	16S rRNA	full-length	ENA sample_description parsed with configured regex	pending	ENA identifies 48 longitudinal PacBio full-length 16S runs from two spontaneous negative-control fermentations, but no linked paper or primer sequences were verified as of the retrieval date.	F2B12; Fermentation 2, bottom sample, 12 h, Negative control
ecuador_nacional_starter_comparison_2026	F2B24	ERR13936878	PRJEB82327	SAMEA116823480	F2B24	Ecuador		ecuador_nacional_starter_comparison_2026::2	24	96	0.25	early		Nacional		bottom	PACBIO_SMRT	Sequel IIe	16S rRNA	full-length	ENA sample_description parsed with configured regex	pending	ENA identifies 48 longitudinal PacBio full-length 16S runs from two spontaneous negative-control fermentations, but no linked paper or primer sequences were verified as of the retrieval date.	F2B24; Fermentation 2, bottom sample, 24 h, Negative control
ecuador_nacional_starter_comparison_2026	F2B36	ERR13936879	PRJEB82327	SAMEA116823498	F2B36	Ecuador		ecuador_nacional_starter_comparison_2026::2	36	96	0.375	mid		Nacional		bottom	PACBIO_SMRT	Sequel IIe	16S rRNA	full-length	ENA sample_description parsed with configured regex	pending	ENA identifies 48 longitudinal PacBio full-length 16S runs from two spontaneous negative-control fermentations, but no linked paper or primer sequences were verified as of the retrieval date.	F2B36; Fermentation 2, bottom sample, 36 h, Negative control
ecuador_nacional_starter_comparison_2026	F2B48	ERR13936880	PRJEB82327	SAMEA116823516	F2B48	Ecuador		ecuador_nacional_starter_comparison_2026::2	48	96	0.5	mid		Nacional		bottom	PACBIO_SMRT	Sequel IIe	16S rRNA	full-length	ENA sample_description parsed with configured regex	pending	ENA identifies 48 longitudinal PacBio full-length 16S runs from two spontaneous negative-control fermentations, but no linked paper or primer sequences were verified as of the retrieval date.	F2B48; Fermentation 2, bottom sample, 48 h, Negative control
ecuador_nacional_starter_comparison_2026	F2B72	ERR13936881	PRJEB82327	SAMEA116823534	F2B72	Ecuador		ecuador_nacional_starter_comparison_2026::2	72	96	0.75	late		Nacional		bottom	PACBIO_SMRT	Sequel IIe	16S rRNA	full-length	ENA sample_description parsed with configured regex	pending	ENA identifies 48 longitudinal PacBio full-length 16S runs from two spontaneous negative-control fermentations, but no linked paper or primer sequences were verified as of the retrieval date.	F2B72; Fermentation 2, bottom sample, 72 h, Negative control
ecuador_nacional_starter_comparison_2026	F2B84	ERR13936882	PRJEB82327	SAMEA116823552	F2B84	Ecuador		ecuador_nacional_starter_comparison_2026::2	84	96	0.875	late		Nacional		bottom	PACBIO_SMRT	Sequel IIe	16S rRNA	full-length	ENA sample_description parsed with configured regex	pending	ENA identifies 48 longitudinal PacBio full-length 16S runs from two spontaneous negative-control fermentations, but no linked paper or primer sequences were verified as of the retrieval date.	F2B84; Fermentation 2, bottom sample, 84 h, Negative control
ecuador_nacional_starter_comparison_2026	F2B96	ERR13936883	PRJEB82327	SAMEA116823570	F2B96	Ecuador		ecuador_nacional_starter_comparison_2026::2	96	96	1	late		Nacional		bottom	PACBIO_SMRT	Sequel IIe	16S rRNA	full-length	ENA sample_description parsed with configured regex	pending	ENA identifies 48 longitudinal PacBio full-length 16S runs from two spontaneous negative-control fermentations, but no linked paper or primer sequences were verified as of the retrieval date.	F2B96; Fermentation 2, bottom sample, 96 h, Negative control
ecuador_nacional_starter_comparison_2026	F2M0	ERR13936884	PRJEB82327	SAMEA116823431	F2M0	Ecuador		ecuador_nacional_starter_comparison_2026::2	0	96	0	early		Nacional		middle	PACBIO_SMRT	Sequel IIe	16S rRNA	full-length	ENA sample_description parsed with configured regex	pending	ENA identifies 48 longitudinal PacBio full-length 16S runs from two spontaneous negative-control fermentations, but no linked paper or primer sequences were verified as of the retrieval date.	F2M0; Fermentation 2, middle sample, 0 h, Negative control
ecuador_nacional_starter_comparison_2026	F2M12	ERR13936885	PRJEB82327	SAMEA116823461	F2M12	Ecuador		ecuador_nacional_starter_comparison_2026::2	12	96	0.125	early		Nacional		middle	PACBIO_SMRT	Sequel IIe	16S rRNA	full-length	ENA sample_description parsed with configured regex	pending	ENA identifies 48 longitudinal PacBio full-length 16S runs from two spontaneous negative-control fermentations, but no linked paper or primer sequences were verified as of the retrieval date.	F2M12; Fermentation 2, middle sample, 12 h, Negative control
ecuador_nacional_starter_comparison_2026	F2M24	ERR13936886	PRJEB82327	SAMEA116823479	F2M24	Ecuador		ecuador_nacional_starter_comparison_2026::2	24	96	0.25	early		Nacional		middle	PACBIO_SMRT	Sequel IIe	16S rRNA	full-length	ENA sample_description parsed with configured regex	pending	ENA identifies 48 longitudinal PacBio full-length 16S runs from two spontaneous negative-control fermentations, but no linked paper or primer sequences were verified as of the retrieval date.	F2M24; Fermentation 2, middle sample, 24 h, Negative control
ecuador_nacional_starter_comparison_2026	F2M36	ERR13936887	PRJEB82327	SAMEA116823497	F2M36	Ecuador		ecuador_nacional_starter_comparison_2026::2	36	96	0.375	mid		Nacional		middle	PACBIO_SMRT	Sequel IIe	16S rRNA	full-length	ENA sample_description parsed with configured regex	pending	ENA identifies 48 longitudinal PacBio full-length 16S runs from two spontaneous negative-control fermentations, but no linked paper or primer sequences were verified as of the retrieval date.	F2M36; Fermentation 2, middle sample, 36 h, Negative control
ecuador_nacional_starter_comparison_2026	F2M48	ERR13936888	PRJEB82327	SAMEA116823515	F2M48	Ecuador		ecuador_nacional_starter_comparison_2026::2	48	96	0.5	mid		Nacional		middle	PACBIO_SMRT	Sequel IIe	16S rRNA	full-length	ENA sample_description parsed with configured regex	pending	ENA identifies 48 longitudinal PacBio full-length 16S runs from two spontaneous negative-control fermentations, but no linked paper or primer sequences were verified as of the retrieval date.	F2M48; Fermentation 2, middle sample, 48 h, Negative control
ecuador_nacional_starter_comparison_2026	F2M72	ERR13936889	PRJEB82327	SAMEA116823533	F2M72	Ecuador		ecuador_nacional_starter_comparison_2026::2	72	96	0.75	late		Nacional		middle	PACBIO_SMRT	Sequel IIe	16S rRNA	full-length	ENA sample_description parsed with configured regex	pending	ENA identifies 48 longitudinal PacBio full-length 16S runs from two spontaneous negative-control fermentations, but no linked paper or primer sequences were verified as of the retrieval date.	F2M72; Fermentation 2, middle sample, 72 h, Negative control
ecuador_nacional_starter_comparison_2026	F2M84	ERR13936890	PRJEB82327	SAMEA116823551	F2M84	Ecuador		ecuador_nacional_starter_comparison_2026::2	84	96	0.875	late		Nacional		middle	PACBIO_SMRT	Sequel IIe	16S rRNA	full-length	ENA sample_description parsed with configured regex	pending	ENA identifies 48 longitudinal PacBio full-length 16S runs from two spontaneous negative-control fermentations, but no linked paper or primer sequences were verified as of the retrieval date.	F2M84; Fermentation 2, middle sample, 84 h, Negative control
ecuador_nacional_starter_comparison_2026	F2M96	ERR13936891	PRJEB82327	SAMEA116823569	F2M96	Ecuador		ecuador_nacional_starter_comparison_2026::2	96	96	1	late		Nacional		middle	PACBIO_SMRT	Sequel IIe	16S rRNA	full-length	ENA sample_description parsed with configured regex	pending	ENA identifies 48 longitudinal PacBio full-length 16S runs from two spontaneous negative-control fermentations, but no linked paper or primer sequences were verified as of the retrieval date.	F2M96; Fermentation 2, middle sample, 96 h, Negative control
ecuador_nacional_starter_comparison_2026	F2T0	ERR13936892	PRJEB82327	SAMEA116823430	F2T0	Ecuador		ecuador_nacional_starter_comparison_2026::2	0	96	0	early		Nacional		top	PACBIO_SMRT	Sequel IIe	16S rRNA	full-length	ENA sample_description parsed with configured regex	pending	ENA identifies 48 longitudinal PacBio full-length 16S runs from two spontaneous negative-control fermentations, but no linked paper or primer sequences were verified as of the retrieval date.	F2T0; Fermentation 2, top sample, 0 h, Negative control
ecuador_nacional_starter_comparison_2026	F2T12	ERR13936893	PRJEB82327	SAMEA116823460	F2T12	Ecuador		ecuador_nacional_starter_comparison_2026::2	12	96	0.125	early		Nacional		top	PACBIO_SMRT	Sequel IIe	16S rRNA	full-length	ENA sample_description parsed with configured regex	pending	ENA identifies 48 longitudinal PacBio full-length 16S runs from two spontaneous negative-control fermentations, but no linked paper or primer sequences were verified as of the retrieval date.	F2T12; Fermentation 2, top sample, 12 h, Negative control
ecuador_nacional_starter_comparison_2026	F2T24	ERR13936894	PRJEB82327	SAMEA116823478	F2T24	Ecuador		ecuador_nacional_starter_comparison_2026::2	24	96	0.25	early		Nacional		top	PACBIO_SMRT	Sequel IIe	16S rRNA	full-length	ENA sample_description parsed with configured regex	pending	ENA identifies 48 longitudinal PacBio full-length 16S runs from two spontaneous negative-control fermentations, but no linked paper or primer sequences were verified as of the retrieval date.	F2T24; Fermentation 2, top sample, 24 h, Negative control
ecuador_nacional_starter_comparison_2026	F2T36	ERR13936895	PRJEB82327	SAMEA116823496	F2T36	Ecuador		ecuador_nacional_starter_comparison_2026::2	36	96	0.375	mid		Nacional		top	PACBIO_SMRT	Sequel IIe	16S rRNA	full-length	ENA sample_description parsed with configured regex	pending	ENA identifies 48 longitudinal PacBio full-length 16S runs from two spontaneous negative-control fermentations, but no linked paper or primer sequences were verified as of the retrieval date.	F2T36; Fermentation 2, top sample, 36 h, Negative control
ecuador_nacional_starter_comparison_2026	F2T48	ERR13936896	PRJEB82327	SAMEA116823514	F2T48	Ecuador		ecuador_nacional_starter_comparison_2026::2	48	96	0.5	mid		Nacional		top	PACBIO_SMRT	Sequel IIe	16S rRNA	full-length	ENA sample_description parsed with configured regex	pending	ENA identifies 48 longitudinal PacBio full-length 16S runs from two spontaneous negative-control fermentations, but no linked paper or primer sequences were verified as of the retrieval date.	F2T48; Fermentation 2, top sample, 48 h, Negative control
ecuador_nacional_starter_comparison_2026	F2T72	ERR13936897	PRJEB82327	SAMEA116823532	F2T72	Ecuador		ecuador_nacional_starter_comparison_2026::2	72	96	0.75	late		Nacional		top	PACBIO_SMRT	Sequel IIe	16S rRNA	full-length	ENA sample_description parsed with configured regex	pending	ENA identifies 48 longitudinal PacBio full-length 16S runs from two spontaneous negative-control fermentations, but no linked paper or primer sequences were verified as of the retrieval date.	F2T72; Fermentation 2, top sample, 72 h, Negative control
ecuador_nacional_starter_comparison_2026	F2T84	ERR13936898	PRJEB82327	SAMEA116823550	F2T84	Ecuador		ecuador_nacional_starter_comparison_2026::2	84	96	0.875	late		Nacional		top	PACBIO_SMRT	Sequel IIe	16S rRNA	full-length	ENA sample_description parsed with configured regex	pending	ENA identifies 48 longitudinal PacBio full-length 16S runs from two spontaneous negative-control fermentations, but no linked paper or primer sequences were verified as of the retrieval date.	F2T84; Fermentation 2, top sample, 84 h, Negative control
ecuador_nacional_starter_comparison_2026	F2T96	ERR13936899	PRJEB82327	SAMEA116823568	F2T96	Ecuador		ecuador_nacional_starter_comparison_2026::2	96	96	1	late		Nacional		top	PACBIO_SMRT	Sequel IIe	16S rRNA	full-length	ENA sample_description parsed with configured regex	pending	ENA identifies 48 longitudinal PacBio full-length 16S runs from two spontaneous negative-control fermentations, but no linked paper or primer sequences were verified as of the retrieval date.	F2T96; Fermentation 2, top sample, 96 h, Negative control
mexico_tabasco_16s_2023_unresolved	Day6	SRR23473202	PRJNA935329	SAMN33310519	Day6	Mexico	Cunduacan		144								ILLUMINA	Illumina MiSeq	16S rRNA	V3-V4	ENA sample_alias parsed with configured regex	pending	Six public V3-V4 bacterial libraries have days 1-6 in sample aliases, but no linked primary protocol verifying spontaneous design, exact primers and batch independence was recovered. The 2024 geographical reanalysis is not the original experimental protocol.	Metagenome or environmental sample from fermentation metagenome; Metagenome or environmental sample from fermentation metagenome
mexico_tabasco_16s_2023_unresolved	Day5	SRR23473203	PRJNA935329	SAMN33310518	Day5	Mexico	Cunduacan		120								ILLUMINA	Illumina MiSeq	16S rRNA	V3-V4	ENA sample_alias parsed with configured regex	pending	Six public V3-V4 bacterial libraries have days 1-6 in sample aliases, but no linked primary protocol verifying spontaneous design, exact primers and batch independence was recovered. The 2024 geographical reanalysis is not the original experimental protocol.	Metagenome or environmental sample from fermentation metagenome; Metagenome or environmental sample from fermentation metagenome
mexico_tabasco_16s_2023_unresolved	Day4	SRR23473204	PRJNA935329	SAMN33310517	Day4	Mexico	Cunduacan		96								ILLUMINA	Illumina MiSeq	16S rRNA	V3-V4	ENA sample_alias parsed with configured regex	pending	Six public V3-V4 bacterial libraries have days 1-6 in sample aliases, but no linked primary protocol verifying spontaneous design, exact primers and batch independence was recovered. The 2024 geographical reanalysis is not the original experimental protocol.	Metagenome or environmental sample from fermentation metagenome; Metagenome or environmental sample from fermentation metagenome
mexico_tabasco_16s_2023_unresolved	Day3	SRR23473205	PRJNA935329	SAMN33310516	Day3	Mexico	Cunduacan		72								ILLUMINA	Illumina MiSeq	16S rRNA	V3-V4	ENA sample_alias parsed with configured regex	pending	Six public V3-V4 bacterial libraries have days 1-6 in sample aliases, but no linked primary protocol verifying spontaneous design, exact primers and batch independence was recovered. The 2024 geographical reanalysis is not the original experimental protocol.	Metagenome or environmental sample from fermentation metagenome; Metagenome or environmental sample from fermentation metagenome
mexico_tabasco_16s_2023_unresolved	Day2	SRR23473206	PRJNA935329	SAMN33310515	Day2	Mexico	Cunduacan		48								ILLUMINA	Illumina MiSeq	16S rRNA	V3-V4	ENA sample_alias parsed with configured regex	pending	Six public V3-V4 bacterial libraries have days 1-6 in sample aliases, but no linked primary protocol verifying spontaneous design, exact primers and batch independence was recovered. The 2024 geographical reanalysis is not the original experimental protocol.	Metagenome or environmental sample from fermentation metagenome; Metagenome or environmental sample from fermentation metagenome
mexico_tabasco_16s_2023_unresolved	Day1	SRR23473207	PRJNA935329	SAMN33310514	Day1	Mexico	Cunduacan		24								ILLUMINA	Illumina MiSeq	16S rRNA	V3-V4	ENA sample_alias parsed with configured regex	pending	Six public V3-V4 bacterial libraries have days 1-6 in sample aliases, but no linked primary protocol verifying spontaneous design, exact primers and batch independence was recovered. The 2024 geographical reanalysis is not the original experimental protocol.	Metagenome or environmental sample from fermentation metagenome; Metagenome or environmental sample from fermentation metagenome
mota_gutierrez_2018_cameroon	J30	SRR6342740	PRJNA420946	SAMN08127155	J30	Cameroon	Ngoumou, Yaounde	mota_gutierrez_2018_cameroon::Heap::second	144				September-October 2016; end of mid-crop	Forastero hybrid	second		ILLUMINA	Illumina MiSeq	16S rRNA	V3-V4	ENA sample_title parsed with configured regex	pending	Paper SRP126069 explicitly describes fermentation stopping at 120 h, but deposited control runs also report 144 h. Fourteen control runs represent three deposited batch labels; the expected duplicate box control is incomplete. Resolve the paper/deposit timing conflict without deleting or recoding 144-hour records before primary inclusion.	Bacteria_metagenome_from_cocoa_beans_fermentation_time_144_fermentation_type_Heap_Control_second_replicate; Bacteria_metagenome_from_cocoa_beans_fermentation_time_144_fermentation_type_Heap_Control_second_replicate
mota_gutierrez_2018_cameroon	J29	SRR6342741	PRJNA420946	SAMN08127154	J29	Cameroon	Ngoumou, Yaounde	mota_gutierrez_2018_cameroon::Heap::second	120				September-October 2016; end of mid-crop	Forastero hybrid	second		ILLUMINA	Illumina MiSeq	16S rRNA	V3-V4	ENA sample_title parsed with configured regex	pending	Paper SRP126069 explicitly describes fermentation stopping at 120 h, but deposited control runs also report 144 h. Fourteen control runs represent three deposited batch labels; the expected duplicate box control is incomplete. Resolve the paper/deposit timing conflict without deleting or recoding 144-hour records before primary inclusion.	Bacteria_metagenome_from_cocoa_beans_fermentation_time_120_fermentation_type_Heap_Control_second_replicate; Bacteria_metagenome_from_cocoa_beans_fermentation_time_120_fermentation_type_Heap_Control_second_replicate
mota_gutierrez_2018_cameroon	J26	SRR6342742	PRJNA420946	SAMN08127151	J26	Cameroon	Ngoumou, Yaounde	mota_gutierrez_2018_cameroon::Heap::second	0				September-October 2016; end of mid-crop	Forastero hybrid	second		ILLUMINA	Illumina MiSeq	16S rRNA	V3-V4	ENA sample_title parsed with configured regex	pending	Paper SRP126069 explicitly describes fermentation stopping at 120 h, but deposited control runs also report 144 h. Fourteen control runs represent three deposited batch labels; the expected duplicate box control is incomplete. Resolve the paper/deposit timing conflict without deleting or recoding 144-hour records before primary inclusion.	Bacteria_metagenome_from_cocoa_beans_fermentation_time_0_fermentation_type_Heap_Control_second_replicate; Bacteria_metagenome_from_cocoa_beans_fermentation_time_0_fermentation_type_Heap_Control_second_replicate
mota_gutierrez_2018_cameroon	J25	SRR6342743	PRJNA420946	SAMN08127150	J25	Cameroon	Ngoumou, Yaounde	mota_gutierrez_2018_cameroon::Box::second	144				September-October 2016; end of mid-crop	Forastero hybrid	second		ILLUMINA	Illumina MiSeq	16S rRNA	V3-V4	ENA sample_title parsed with configured regex	pending	Paper SRP126069 explicitly describes fermentation stopping at 120 h, but deposited control runs also report 144 h. Fourteen control runs represent three deposited batch labels; the expected duplicate box control is incomplete. Resolve the paper/deposit timing conflict without deleting or recoding 144-hour records before primary inclusion.	Bacteria_metagenome_from_cocoa_beans_fermentation_time_144_fermentation_type_Box_Control_second_replicate; Bacteria_metagenome_from_cocoa_beans_fermentation_time_144_fermentation_type_Box_Control_second_replicate
mota_gutierrez_2018_cameroon	J28	SRR6342744	PRJNA420946	SAMN08127153	J28	Cameroon	Ngoumou, Yaounde	mota_gutierrez_2018_cameroon::Heap::second	96				September-October 2016; end of mid-crop	Forastero hybrid	second		ILLUMINA	Illumina MiSeq	16S rRNA	V3-V4	ENA sample_title parsed with configured regex	pending	Paper SRP126069 explicitly describes fermentation stopping at 120 h, but deposited control runs also report 144 h. Fourteen control runs represent three deposited batch labels; the expected duplicate box control is incomplete. Resolve the paper/deposit timing conflict without deleting or recoding 144-hour records before primary inclusion.	Bacteria_metagenome_from_cocoa_beans_fermentation_time_96_fermentation_type_Heap_Control_second_replicate; Bacteria_metagenome_from_cocoa_beans_fermentation_time_96_fermentation_type_Heap_Control_second_replicate
mota_gutierrez_2018_cameroon	J27	SRR6342745	PRJNA420946	SAMN08127152	J27	Cameroon	Ngoumou, Yaounde	mota_gutierrez_2018_cameroon::Heap::second	48				September-October 2016; end of mid-crop	Forastero hybrid	second		ILLUMINA	Illumina MiSeq	16S rRNA	V3-V4	ENA sample_title parsed with configured regex	pending	Paper SRP126069 explicitly describes fermentation stopping at 120 h, but deposited control runs also report 144 h. Fourteen control runs represent three deposited batch labels; the expected duplicate box control is incomplete. Resolve the paper/deposit timing conflict without deleting or recoding 144-hour records before primary inclusion.	Bacteria_metagenome_from_cocoa_beans_fermentation_time_48_fermentation_type_Heap_Control_second_replicate; Bacteria_metagenome_from_cocoa_beans_fermentation_time_48_fermentation_type_Heap_Control_second_replicate
mota_gutierrez_2018_cameroon	J42	SRR6342750	PRJNA420946	SAMN08127167	J42	Cameroon	Ngoumou, Yaounde	mota_gutierrez_2018_cameroon::Box::second	120				September-October 2016; end of mid-crop	Forastero hybrid	second		ILLUMINA	Illumina MiSeq	16S rRNA	V3-V4	ENA sample_title parsed with configured regex	pending	Paper SRP126069 explicitly describes fermentation stopping at 120 h, but deposited control runs also report 144 h. Fourteen control runs represent three deposited batch labels; the expected duplicate box control is incomplete. Resolve the paper/deposit timing conflict without deleting or recoding 144-hour records before primary inclusion.	Bacteria_metagenome_from_cocoa_beans_fermentation_time_120_fermentation_type_Box_Control_second_replicate; Bacteria_metagenome_from_cocoa_beans_fermentation_time_120_fermentation_type_Box_Control_second_replicate
mota_gutierrez_2018_cameroon	J41	SRR6342751	PRJNA420946	SAMN08127166	J41	Cameroon	Ngoumou, Yaounde	mota_gutierrez_2018_cameroon::Box::second	96				September-October 2016; end of mid-crop	Forastero hybrid	second		ILLUMINA	Illumina MiSeq	16S rRNA	V3-V4	ENA sample_title parsed with configured regex	pending	Paper SRP126069 explicitly describes fermentation stopping at 120 h, but deposited control runs also report 144 h. Fourteen control runs represent three deposited batch labels; the expected duplicate box control is incomplete. Resolve the paper/deposit timing conflict without deleting or recoding 144-hour records before primary inclusion.	Bacteria_metagenome_from_cocoa_beans_fermentation_time_96_fermentation_type_Box_Control_second_replicate; Bacteria_metagenome_from_cocoa_beans_fermentation_time_96_fermentation_type_Box_Control_second_replicate
mota_gutierrez_2018_cameroon	J6	SRR6342753	PRJNA420946	SAMN08127131	J6	Cameroon	Ngoumou, Yaounde	mota_gutierrez_2018_cameroon::Heap::first	0				September-October 2016; end of mid-crop	Forastero hybrid	first		ILLUMINA	Illumina MiSeq	16S rRNA	V3-V4	ENA sample_title parsed with configured regex	pending	Paper SRP126069 explicitly describes fermentation stopping at 120 h, but deposited control runs also report 144 h. Fourteen control runs represent three deposited batch labels; the expected duplicate box control is incomplete. Resolve the paper/deposit timing conflict without deleting or recoding 144-hour records before primary inclusion.	Bacteria_metagenome_from_cocoa_beans_fermentation_time_0_fermentation_type_Heap_Control_first_replicate; Bacteria_metagenome_from_cocoa_beans_fermentation_time_0_fermentation_type_Heap_Control_first_replicate
mota_gutierrez_2018_cameroon	J7	SRR6342754	PRJNA420946	SAMN08127132	J7	Cameroon	Ngoumou, Yaounde	mota_gutierrez_2018_cameroon::Heap::first	48				September-October 2016; end of mid-crop	Forastero hybrid	first		ILLUMINA	Illumina MiSeq	16S rRNA	V3-V4	ENA sample_title parsed with configured regex	pending	Paper SRP126069 explicitly describes fermentation stopping at 120 h, but deposited control runs also report 144 h. Fourteen control runs represent three deposited batch labels; the expected duplicate box control is incomplete. Resolve the paper/deposit timing conflict without deleting or recoding 144-hour records before primary inclusion.	Bacteria_metagenome_from_cocoa_beans_fermentation_time_48_fermentation_type_Heap_Control_first_replicate; Bacteria_metagenome_from_cocoa_beans_fermentation_time_48_fermentation_type_Heap_Control_first_replicate
mota_gutierrez_2018_cameroon	J8	SRR6342755	PRJNA420946	SAMN08127133	J8	Cameroon	Ngoumou, Yaounde	mota_gutierrez_2018_cameroon::Heap::first	96				September-October 2016; end of mid-crop	Forastero hybrid	first		ILLUMINA	Illumina MiSeq	16S rRNA	V3-V4	ENA sample_title parsed with configured regex	pending	Paper SRP126069 explicitly describes fermentation stopping at 120 h, but deposited control runs also report 144 h. Fourteen control runs represent three deposited batch labels; the expected duplicate box control is incomplete. Resolve the paper/deposit timing conflict without deleting or recoding 144-hour records before primary inclusion.	Bacteria_metagenome_from_cocoa_beans_fermentation_time_96_fermentation_type_Heap_Control_first_replicate; Bacteria_metagenome_from_cocoa_beans_fermentation_time_96_fermentation_type_Heap_Control_first_replicate
mota_gutierrez_2018_cameroon	J9	SRR6342760	PRJNA420946	SAMN08127134	J9	Cameroon	Ngoumou, Yaounde	mota_gutierrez_2018_cameroon::Heap::first	120				September-October 2016; end of mid-crop	Forastero hybrid	first		ILLUMINA	Illumina MiSeq	16S rRNA	V3-V4	ENA sample_title parsed with configured regex	pending	Paper SRP126069 explicitly describes fermentation stopping at 120 h, but deposited control runs also report 144 h. Fourteen control runs represent three deposited batch labels; the expected duplicate box control is incomplete. Resolve the paper/deposit timing conflict without deleting or recoding 144-hour records before primary inclusion.	Bacteria_metagenome_from_cocoa_beans_fermentation_time_120_fermentation_type_Heap_Control_first_replicate; Bacteria_metagenome_from_cocoa_beans_fermentation_time_120_fermentation_type_Heap_Control_first_replicate
mota_gutierrez_2018_cameroon	J39	SRR6342762	PRJNA420946	SAMN08127164	J39	Cameroon	Ngoumou, Yaounde	mota_gutierrez_2018_cameroon::Box::second	0				September-October 2016; end of mid-crop	Forastero hybrid	second		ILLUMINA	Illumina MiSeq	16S rRNA	V3-V4	ENA sample_title parsed with configured regex	pending	Paper SRP126069 explicitly describes fermentation stopping at 120 h, but deposited control runs also report 144 h. Fourteen control runs represent three deposited batch labels; the expected duplicate box control is incomplete. Resolve the paper/deposit timing conflict without deleting or recoding 144-hour records before primary inclusion.	Bacteria_metagenome_from_cocoa_beans_fermentation_time_0_fermentation_type_Box_Control_second_replicate; Bacteria_metagenome_from_cocoa_beans_fermentation_time_0_fermentation_type_Box_Control_second_replicate
mota_gutierrez_2018_cameroon	J40	SRR6342763	PRJNA420946	SAMN08127165	J40	Cameroon	Ngoumou, Yaounde	mota_gutierrez_2018_cameroon::Box::second	48				September-October 2016; end of mid-crop	Forastero hybrid	second		ILLUMINA	Illumina MiSeq	16S rRNA	V3-V4	ENA sample_title parsed with configured regex	pending	Paper SRP126069 explicitly describes fermentation stopping at 120 h, but deposited control runs also report 144 h. Fourteen control runs represent three deposited batch labels; the expected duplicate box control is incomplete. Resolve the paper/deposit timing conflict without deleting or recoding 144-hour records before primary inclusion.	Bacteria_metagenome_from_cocoa_beans_fermentation_time_48_fermentation_type_Box_Control_second_replicate; Bacteria_metagenome_from_cocoa_beans_fermentation_time_48_fermentation_type_Box_Control_second_replicate
mota_gutierrez_2021_mexico	16S_cocoa_B19M	SRR11578992	PRJNA627078	SAMN14651093	16S_cocoa_B19M	Mexico	Comalcalco, Tabasco	mota_gutierrez_2021_mexico::Criollo::1	24	120	0.2	early	February 2018; end of main crop season	Criollo	1		ILLUMINA	Illumina MiSeq	16S rRNA	V3-V4	ENA sample_title parsed with configured regex	true		bacterial metataxonomic 16S rRNA from harvest under tratidional conditions of Criollo cocoa beans after 24h of fermentation from Mexico Batch_1_ replicate_1; bacterial metataxonomic 16S rRNA from harvest under tratidional conditions of Criollo cocoa beans after 24h of fermentation from Mexico Batch_1_ replicate_1
mota_gutierrez_2021_mexico	16S_cocoa_B18M	SRR11579003	PRJNA627078	SAMN14651092	16S_cocoa_B18M	Mexico	Comalcalco, Tabasco	mota_gutierrez_2021_mexico::Forastero::4	0	120	0	early	February 2018; end of main crop season	Forastero	3		ILLUMINA	Illumina MiSeq	16S rRNA	V3-V4	ENA sample_title parsed with configured regex	true		bacterial metataxonomic 16S rRNA from harvest under tratidional conditions of raw Forastero cocoa beans from Mexico Batch_4_ replicate_3; bacterial metataxonomic 16S rRNA from harvest under tratidional conditions of raw Forastero cocoa beans from Mexico Batch_4_ replicate_3
mota_gutierrez_2021_mexico	16S_cocoa_B17M	SRR11579014	PRJNA627078	SAMN14651091	16S_cocoa_B17M	Mexico	Comalcalco, Tabasco	mota_gutierrez_2021_mexico::Forastero::4	0	120	0	early	February 2018; end of main crop season	Forastero	2		ILLUMINA	Illumina MiSeq	16S rRNA	V3-V4	ENA sample_title parsed with configured regex	true		bacterial metataxonomic 16S rRNA from harvest under tratidional conditions of raw Forastero cocoa beans from Mexico Batch_4_ replicate_2; bacterial metataxonomic 16S rRNA from harvest under tratidional conditions of raw Forastero cocoa beans from Mexico Batch_4_ replicate_2
mota_gutierrez_2021_mexico	16S_cocoa_B9M	SRR11579019	PRJNA627078	SAMN14651149	16S_cocoa_B9M	Mexico	Comalcalco, Tabasco	mota_gutierrez_2021_mexico::Criollo::1	0	120	0	early	February 2018; end of main crop season	Criollo	3		ILLUMINA	Illumina MiSeq	16S rRNA	V3-V4	ENA sample_title parsed with configured regex	true		bacterial metataxonomic 16S rRNA from harvest under tratidional conditions of raw Criollo cocoa beans from Mexico Batch_1_ replicate_3; bacterial metataxonomic 16S rRNA from harvest under tratidional conditions of raw Criollo cocoa beans from Mexico Batch_1_ replicate_3
mota_gutierrez_2021_mexico	16S_cocoa_B8M	SRR11579020	PRJNA627078	SAMN14651148	16S_cocoa_B8M	Mexico	Comalcalco, Tabasco	mota_gutierrez_2021_mexico::Criollo::1	0	120	0	early	February 2018; end of main crop season	Criollo	2		ILLUMINA	Illumina MiSeq	16S rRNA	V3-V4	ENA sample_title parsed with configured regex	true		bacterial metataxonomic 16S rRNA from harvest under tratidional conditions of raw Criollo cocoa beans from Mexico Batch_1_ replicate_2; bacterial metataxonomic 16S rRNA from harvest under tratidional conditions of raw Criollo cocoa beans from Mexico Batch_1_ replicate_2
mota_gutierrez_2021_mexico	16S_cocoa_B7M	SRR11579021	PRJNA627078	SAMN14651147	16S_cocoa_B7M	Mexico	Comalcalco, Tabasco	mota_gutierrez_2021_mexico::Criollo::1	0	120	0	early	February 2018; end of main crop season	Criollo	1		ILLUMINA	Illumina MiSeq	16S rRNA	V3-V4	ENA sample_title parsed with configured regex	true		bacterial metataxonomic 16S rRNA from harvest under tratidional conditions of raw Criollo cocoa beans from Mexico Batch_1_ replicate_1; bacterial metataxonomic 16S rRNA from harvest under tratidional conditions of raw Criollo cocoa beans from Mexico Batch_1_ replicate_1
mota_gutierrez_2021_mexico	16S_cocoa_B66M	SRR11579023	PRJNA627078	SAMN14651145	16S_cocoa_B66M	Mexico	Comalcalco, Tabasco	mota_gutierrez_2021_mexico::Forastero::4	120	120	1	late	February 2018; end of main crop season	Forastero	3		ILLUMINA	Illumina MiSeq	16S rRNA	V3-V4	ENA sample_title parsed with configured regex	true		bacterial metataxonomic 16S rRNA from harvest under tratidional conditions of Forastero cocoa beans after 120h of fermentation from Mexico Batch_4_ replicate_3; bacterial metataxonomic 16S rRNA from harvest under tratidional conditions of Forastero cocoa beans after 120h of fermentation from Mexico Batch_4_ replicate_3
mota_gutierrez_2021_mexico	16S_cocoa_B65M	SRR11579024	PRJNA627078	SAMN14651144	16S_cocoa_B65M	Mexico	Comalcalco, Tabasco	mota_gutierrez_2021_mexico::Forastero::4	120	120	1	late	February 2018; end of main crop season	Forastero	2		ILLUMINA	Illumina MiSeq	16S rRNA	V3-V4	ENA sample_title parsed with configured regex	true		bacterial metataxonomic 16S rRNA from harvest under tratidional conditions of Forastero cocoa beans after 120h of fermentation from Mexico Batch_4_ replicate_2; bacterial metataxonomic 16S rRNA from harvest under tratidional conditions of Forastero cocoa beans after 120h of fermentation from Mexico Batch_4_ replicate_2
mota_gutierrez_2021_mexico	16S_cocoa_B16M	SRR11579025	PRJNA627078	SAMN14651090	16S_cocoa_B16M	Mexico	Comalcalco, Tabasco	mota_gutierrez_2021_mexico::Forastero::4	0	120	0	early	February 2018; end of main crop season	Forastero	1		ILLUMINA	Illumina MiSeq	16S rRNA	V3-V4	ENA sample_title parsed with configured regex	true		bacterial metataxonomic 16S rRNA from harvest under tratidional conditions of raw Forastero cocoa beans from Mexico Batch_4_ replicate_1; bacterial metataxonomic 16S rRNA from harvest under tratidional conditions of raw Forastero cocoa beans from Mexico Batch_4_ replicate_1
mota_gutierrez_2021_mexico	16S_cocoa_B64M	SRR11579026	PRJNA627078	SAMN14651143	16S_cocoa_B64M	Mexico	Comalcalco, Tabasco	mota_gutierrez_2021_mexico::Forastero::4	120	120	1	late	February 2018; end of main crop season	Forastero	1		ILLUMINA	Illumina MiSeq	16S rRNA	V3-V4	ENA sample_title parsed with configured regex	true		bacterial metataxonomic 16S rRNA from harvest under tratidional conditions of Forastero cocoa beans after 120h of fermentation from Mexico Batch_4_ replicate_1; bacterial metataxonomic 16S rRNA from harvest under tratidional conditions of Forastero cocoa beans after 120h of fermentation from Mexico Batch_4_ replicate_1
mota_gutierrez_2021_mexico	16S_cocoa_B63M	SRR11579027	PRJNA627078	SAMN14651142	16S_cocoa_B63M	Mexico	Comalcalco, Tabasco	mota_gutierrez_2021_mexico::Forastero::3	120	120	1	late	February 2018; end of main crop season	Forastero	3		ILLUMINA	Illumina MiSeq	16S rRNA	V3-V4	ENA sample_title parsed with configured regex	true		bacterial metataxonomic 16S rRNA from harvest under tratidional conditions of Forastero cocoa beans after 120h of fermentation from Mexico Batch_3_ replicate_3; bacterial metataxonomic 16S rRNA from harvest under tratidional conditions of Forastero cocoa beans after 120h of fermentation from Mexico Batch_3_ replicate_3
mota_gutierrez_2021_mexico	16S_cocoa_B62M	SRR11579028	PRJNA627078	SAMN14651141	16S_cocoa_B62M	Mexico	Comalcalco, Tabasco	mota_gutierrez_2021_mexico::Forastero::3	120	120	1	late	February 2018; end of main crop season	Forastero	2		ILLUMINA	Illumina MiSeq	16S rRNA	V3-V4	ENA sample_title parsed with configured regex	true		bacterial metataxonomic 16S rRNA from harvest under tratidional conditions of Forastero cocoa beans after 120h of fermentation from Mexico Batch_3_ replicate_2; bacterial metataxonomic 16S rRNA from harvest under tratidional conditions of Forastero cocoa beans after 120h of fermentation from Mexico Batch_3_ replicate_2
mota_gutierrez_2021_mexico	16S_cocoa_B61M	SRR11579029	PRJNA627078	SAMN14651140	16S_cocoa_B61M	Mexico	Comalcalco, Tabasco	mota_gutierrez_2021_mexico::Forastero::3	120	120	1	late	February 2018; end of main crop season	Forastero	1		ILLUMINA	Illumina MiSeq	16S rRNA	V3-V4	ENA sample_title parsed with configured regex	true		bacterial metataxonomic 16S rRNA from harvest under tratidional conditions of Forastero cocoa beans after 120h of fermentation from Mexico Batch_3_ replicate_1; bacterial metataxonomic 16S rRNA from harvest under tratidional conditions of Forastero cocoa beans after 120h of fermentation from Mexico Batch_3_ replicate_1
mota_gutierrez_2021_mexico	16S_cocoa_B60M	SRR11579030	PRJNA627078	SAMN14651139	16S_cocoa_B60M	Mexico	Comalcalco, Tabasco	mota_gutierrez_2021_mexico::Criollo::2	120	120	1	late	February 2018; end of main crop season	Criollo	3		ILLUMINA	Illumina MiSeq	16S rRNA	V3-V4	ENA sample_title parsed with configured regex	true		bacterial metataxonomic 16S rRNA from harvest under tratidional conditions of Criollo cocoa beans after 120h of fermentation from Mexico Batch_2_ replicate_3; bacterial metataxonomic 16S rRNA from harvest under tratidional conditions of Criollo cocoa beans after 120h of fermentation from Mexico Batch_2_ replicate_3
mota_gutierrez_2021_mexico	16S_cocoa_B59M	SRR11579032	PRJNA627078	SAMN14651137	16S_cocoa_B59M	Mexico	Comalcalco, Tabasco	mota_gutierrez_2021_mexico::Criollo::2	120	120	1	late	February 2018; end of main crop season	Criollo	2		ILLUMINA	Illumina MiSeq	16S rRNA	V3-V4	ENA sample_title parsed with configured regex	true		bacterial metataxonomic 16S rRNA from harvest under tratidional conditions of Criollo cocoa beans after 120h of fermentation from Mexico Batch_2_ replicate_2; bacterial metataxonomic 16S rRNA from harvest under tratidional conditions of Criollo cocoa beans after 120h of fermentation from Mexico Batch_2_ replicate_2
mota_gutierrez_2021_mexico	16S_cocoa_B58M	SRR11579033	PRJNA627078	SAMN14651136	16S_cocoa_B58M	Mexico	Comalcalco, Tabasco	mota_gutierrez_2021_mexico::Criollo::2	120	120	1	late	February 2018; end of main crop season	Criollo	1		ILLUMINA	Illumina MiSeq	16S rRNA	V3-V4	ENA sample_title parsed with configured regex	true		bacterial metataxonomic 16S rRNA from harvest under tratidional conditions of Criollo cocoa beans after 120h of fermentation from Mexico Batch_2_ replicate_1; bacterial metataxonomic 16S rRNA from harvest under tratidional conditions of Criollo cocoa beans after 120h of fermentation from Mexico Batch_2_ replicate_1
mota_gutierrez_2021_mexico	16S_cocoa_B57M	SRR11579034	PRJNA627078	SAMN14651135	16S_cocoa_B57M	Mexico	Comalcalco, Tabasco	mota_gutierrez_2021_mexico::Criollo::1	120	120	1	late	February 2018; end of main crop season	Criollo	3		ILLUMINA	Illumina MiSeq	16S rRNA	V3-V4	ENA sample_title parsed with configured regex	true		bacterial metataxonomic 16S rRNA from harvest under tratidional conditions of Criollo cocoa beans after 120h of fermentation from Mexico Batch_1_ replicate_3; bacterial metataxonomic 16S rRNA from harvest under tratidional conditions of Criollo cocoa beans after 120h of fermentation from Mexico Batch_1_ replicate_3
mota_gutierrez_2021_mexico	16S_cocoa_B56M	SRR11579035	PRJNA627078	SAMN14651134	16S_cocoa_B56M	Mexico	Comalcalco, Tabasco	mota_gutierrez_2021_mexico::Criollo::1	120	120	1	late	February 2018; end of main crop season	Criollo	2		ILLUMINA	Illumina MiSeq	16S rRNA	V3-V4	ENA sample_title parsed with configured regex	true		bacterial metataxonomic 16S rRNA from harvest under tratidional conditions of Criollo cocoa beans after 120h of fermentation from Mexico Batch_1_ replicate_2; bacterial metataxonomic 16S rRNA from harvest under tratidional conditions of Criollo cocoa beans after 120h of fermentation from Mexico Batch_1_ replicate_2
mota_gutierrez_2021_mexico	16S_cocoa_B15M	SRR11579036	PRJNA627078	SAMN14651089	16S_cocoa_B15M	Mexico	Comalcalco, Tabasco	mota_gutierrez_2021_mexico::Forastero::3	0	120	0	early	February 2018; end of main crop season	Forastero	3		ILLUMINA	Illumina MiSeq	16S rRNA	V3-V4	ENA sample_title parsed with configured regex	true		bacterial metataxonomic 16S rRNA from harvest under tratidional conditions of raw Forastero cocoa beans from Mexico Batch_3_ replicate_3; bacterial metataxonomic 16S rRNA from harvest under tratidional conditions of raw Forastero cocoa beans from Mexico Batch_3_ replicate_3
mota_gutierrez_2021_mexico	16S_cocoa_B55M	SRR11579037	PRJNA627078	SAMN14651133	16S_cocoa_B55M	Mexico	Comalcalco, Tabasco	mota_gutierrez_2021_mexico::Criollo::1	120	120	1	late	February 2018; end of main crop season	Criollo	1		ILLUMINA	Illumina MiSeq	16S rRNA	V3-V4	ENA sample_title parsed with configured regex	true		bacterial metataxonomic 16S rRNA from harvest under tratidional conditions of Criollo cocoa beans after 120h of fermentation from Mexico Batch_1_ replicate_1; bacterial metataxonomic 16S rRNA from harvest under tratidional conditions of Criollo cocoa beans after 120h of fermentation from Mexico Batch_1_ replicate_1
mota_gutierrez_2021_mexico	16S_cocoa_B54M	SRR11579038	PRJNA627078	SAMN14651132	16S_cocoa_B54M	Mexico	Comalcalco, Tabasco	mota_gutierrez_2021_mexico::Forastero::4	72	120	0.6	mid	February 2018; end of main crop season	Forastero	3		ILLUMINA	Illumina MiSeq	16S rRNA	V3-V4	ENA sample_title parsed with configured regex	true		bacterial metataxonomic 16S rRNA from harvest under tratidional conditions of Forastero cocoa beans after 72h of fermentation from Mexico Batch_4_ replicate_3; bacterial metataxonomic 16S rRNA from harvest under tratidional conditions of Forastero cocoa beans after 72h of fermentation from Mexico Batch_4_ replicate_3
mota_gutierrez_2021_mexico	16S_cocoa_B53M	SRR11579039	PRJNA627078	SAMN14651131	16S_cocoa_B53M	Mexico	Comalcalco, Tabasco	mota_gutierrez_2021_mexico::Forastero::4	72	120	0.6	mid	February 2018; end of main crop season	Forastero	2		ILLUMINA	Illumina MiSeq	16S rRNA	V3-V4	ENA sample_title parsed with configured regex	true		bacterial metataxonomic 16S rRNA from harvest under tratidional conditions of Forastero cocoa beans after 72h of fermentation from Mexico Batch_4_ replicate_2; bacterial metataxonomic 16S rRNA from harvest under tratidional conditions of Forastero cocoa beans after 72h of fermentation from Mexico Batch_4_ replicate_2
mota_gutierrez_2021_mexico	16S_cocoa_B52M	SRR11579040	PRJNA627078	SAMN14651130	16S_cocoa_B52M	Mexico	Comalcalco, Tabasco	mota_gutierrez_2021_mexico::Forastero::4	72	120	0.6	mid	February 2018; end of main crop season	Forastero	1		ILLUMINA	Illumina MiSeq	16S rRNA	V3-V4	ENA sample_title parsed with configured regex	true		bacterial metataxonomic 16S rRNA from harvest under tratidional conditions of Forastero cocoa beans after 72h of fermentation from Mexico Batch_4_ replicate_1; bacterial metataxonomic 16S rRNA from harvest under tratidional conditions of Forastero cocoa beans after 72h of fermentation from Mexico Batch_4_ replicate_1
mota_gutierrez_2021_mexico	16S_cocoa_B51M	SRR11579041	PRJNA627078	SAMN14651129	16S_cocoa_B51M	Mexico	Comalcalco, Tabasco	mota_gutierrez_2021_mexico::Forastero::3	72	120	0.6	mid	February 2018; end of main crop season	Forastero	3		ILLUMINA	Illumina MiSeq	16S rRNA	V3-V4	ENA sample_title parsed with configured regex	true		bacterial metataxonomic 16S rRNA from harvest under tratidional conditions of Forastero cocoa beans after 72h of fermentation from Mexico Batch_3_ replicate_3; bacterial metataxonomic 16S rRNA from harvest under tratidional conditions of Forastero cocoa beans after 72h of fermentation from Mexico Batch_3_ replicate_3
mota_gutierrez_2021_mexico	16S_cocoa_B50M	SRR11579042	PRJNA627078	SAMN14651128	16S_cocoa_B50M	Mexico	Comalcalco, Tabasco	mota_gutierrez_2021_mexico::Forastero::3	72	120	0.6	mid	February 2018; end of main crop season	Forastero	2		ILLUMINA	Illumina MiSeq	16S rRNA	V3-V4	ENA sample_title parsed with configured regex	true		bacterial metataxonomic 16S rRNA from harvest under tratidional conditions of Forastero cocoa beans after 72h of fermentation from Mexico Batch_3_ replicate_2; bacterial metataxonomic 16S rRNA from harvest under tratidional conditions of Forastero cocoa beans after 72h of fermentation from Mexico Batch_3_ replicate_2
mota_gutierrez_2021_mexico	16S_cocoa_B49M	SRR11579044	PRJNA627078	SAMN14651126	16S_cocoa_B49M	Mexico	Comalcalco, Tabasco	mota_gutierrez_2021_mexico::Forastero::3	72	120	0.6	mid	February 2018; end of main crop season	Forastero	1		ILLUMINA	Illumina MiSeq	16S rRNA	V3-V4	ENA sample_title parsed with configured regex	true		bacterial metataxonomic 16S rRNA from harvest under tratidional conditions of Forastero cocoa beans after 72h of fermentation from Mexico Batch_3_ replicate_1; bacterial metataxonomic 16S rRNA from harvest under tratidional conditions of Forastero cocoa beans after 72h of fermentation from Mexico Batch_3_ replicate_1
mota_gutierrez_2021_mexico	16S_cocoa_B48M	SRR11579045	PRJNA627078	SAMN14651125	16S_cocoa_B48M	Mexico	Comalcalco, Tabasco	mota_gutierrez_2021_mexico::Criollo::2	72	120	0.6	mid	February 2018; end of main crop season	Criollo	3		ILLUMINA	Illumina MiSeq	16S rRNA	V3-V4	ENA sample_title parsed with configured regex	true		bacterial metataxonomic 16S rRNA from harvest under tratidional conditions of Criollo cocoa beans after 72h of fermentation from Mexico Batch_2_ replicate_3; bacterial metataxonomic 16S rRNA from harvest under tratidional conditions of Criollo cocoa beans after 72h of fermentation from Mexico Batch_2_ replicate_3
mota_gutierrez_2021_mexico	16S_cocoa_B47M	SRR11579046	PRJNA627078	SAMN14651124	16S_cocoa_B47M	Mexico	Comalcalco, Tabasco	mota_gutierrez_2021_mexico::Criollo::2	72	120	0.6	mid	February 2018; end of main crop season	Criollo	2		ILLUMINA	Illumina MiSeq	16S rRNA	V3-V4	ENA sample_title parsed with configured regex	true		bacterial metataxonomic 16S rRNA from harvest under tratidional conditions of Criollo cocoa beans after 72h of fermentation from Mexico Batch_2_ replicate_2; bacterial metataxonomic 16S rRNA from harvest under tratidional conditions of Criollo cocoa beans after 72h of fermentation from Mexico Batch_2_ replicate_2
mota_gutierrez_2021_mexico	16S_cocoa_B14M	SRR11579047	PRJNA627078	SAMN14651088	16S_cocoa_B14M	Mexico	Comalcalco, Tabasco	mota_gutierrez_2021_mexico::Forastero::3	0	120	0	early	February 2018; end of main crop season	Forastero	2		ILLUMINA	Illumina MiSeq	16S rRNA	V3-V4	ENA sample_title parsed with configured regex	true		bacterial metataxonomic 16S rRNA from harvest under tratidional conditions of raw Forastero cocoa beans from Mexico Batch_3_ replicate_2; bacterial metataxonomic 16S rRNA from harvest under tratidional conditions of raw Forastero cocoa beans from Mexico Batch_3_ replicate_2
mota_gutierrez_2021_mexico	16S_cocoa_B46M	SRR11579048	PRJNA627078	SAMN14651123	16S_cocoa_B46M	Mexico	Comalcalco, Tabasco	mota_gutierrez_2021_mexico::Criollo::2	72	120	0.6	mid	February 2018; end of main crop season	Criollo	1		ILLUMINA	Illumina MiSeq	16S rRNA	V3-V4	ENA sample_title parsed with configured regex	true		bacterial metataxonomic 16S rRNA from harvest under tratidional conditions of Criollo cocoa beans after 72h of fermentation from Mexico Batch_2_ replicate_1; bacterial metataxonomic 16S rRNA from harvest under tratidional conditions of Criollo cocoa beans after 72h of fermentation from Mexico Batch_2_ replicate_1
mota_gutierrez_2021_mexico	16S_cocoa_B45M	SRR11579049	PRJNA627078	SAMN14651122	16S_cocoa_B45M	Mexico	Comalcalco, Tabasco	mota_gutierrez_2021_mexico::Criollo::1	72	120	0.6	mid	February 2018; end of main crop season	Criollo	3		ILLUMINA	Illumina MiSeq	16S rRNA	V3-V4	ENA sample_title parsed with configured regex	true		bacterial metataxonomic 16S rRNA from harvest under tratidional conditions of Criollo cocoa beans after 72h of fermentation from Mexico Batch_1_ replicate_3; bacterial metataxonomic 16S rRNA from harvest under tratidional conditions of Criollo cocoa beans after 72h of fermentation from Mexico Batch_1_ replicate_3
mota_gutierrez_2021_mexico	16S_cocoa_B44M	SRR11579050	PRJNA627078	SAMN14651121	16S_cocoa_B44M	Mexico	Comalcalco, Tabasco	mota_gutierrez_2021_mexico::Criollo::1	72	120	0.6	mid	February 2018; end of main crop season	Criollo	2		ILLUMINA	Illumina MiSeq	16S rRNA	V3-V4	ENA sample_title parsed with configured regex	true		bacterial metataxonomic 16S rRNA from harvest under tratidional conditions of Criollo cocoa beans after 72h of fermentation from Mexico Batch_1_ replicate_2; bacterial metataxonomic 16S rRNA from harvest under tratidional conditions of Criollo cocoa beans after 72h of fermentation from Mexico Batch_1_ replicate_2
mota_gutierrez_2021_mexico	16S_cocoa_B43M	SRR11579051	PRJNA627078	SAMN14651120	16S_cocoa_B43M	Mexico	Comalcalco, Tabasco	mota_gutierrez_2021_mexico::Criollo::1	72	120	0.6	mid	February 2018; end of main crop season	Criollo	1		ILLUMINA	Illumina MiSeq	16S rRNA	V3-V4	ENA sample_title parsed with configured regex	true		bacterial metataxonomic 16S rRNA from harvest under tratidional conditions of Criollo cocoa beans after 72h of fermentation from Mexico Batch_1_ replicate_1; bacterial metataxonomic 16S rRNA from harvest under tratidional conditions of Criollo cocoa beans after 72h of fermentation from Mexico Batch_1_ replicate_1
mota_gutierrez_2021_mexico	16S_cocoa_B42M	SRR11579052	PRJNA627078	SAMN14651119	16S_cocoa_B42M	Mexico	Comalcalco, Tabasco	mota_gutierrez_2021_mexico::Forastero::4	48	120	0.4	mid	February 2018; end of main crop season	Forastero	3		ILLUMINA	Illumina MiSeq	16S rRNA	V3-V4	ENA sample_title parsed with configured regex	true		bacterial metataxonomic 16S rRNA from harvest under tratidional conditions of Forastero cocoa beans after 48h of fermentation from Mexico Batch_4_ replicate_3; bacterial metataxonomic 16S rRNA from harvest under tratidional conditions of Forastero cocoa beans after 48h of fermentation from Mexico Batch_4_ replicate_3
mota_gutierrez_2021_mexico	16S_cocoa_B41M	SRR11579053	PRJNA627078	SAMN14651118	16S_cocoa_B41M	Mexico	Comalcalco, Tabasco	mota_gutierrez_2021_mexico::Forastero::4	48	120	0.4	mid	February 2018; end of main crop season	Forastero	2		ILLUMINA	Illumina MiSeq	16S rRNA	V3-V4	ENA sample_title parsed with configured regex	true		bacterial metataxonomic 16S rRNA from harvest under tratidional conditions of Forastero cocoa beans after 48h of fermentation from Mexico Batch_4_ replicate_2; bacterial metataxonomic 16S rRNA from harvest under tratidional conditions of Forastero cocoa beans after 48h of fermentation from Mexico Batch_4_ replicate_2
mota_gutierrez_2021_mexico	16S_cocoa_B40M	SRR11579054	PRJNA627078	SAMN14651117	16S_cocoa_B40M	Mexico	Comalcalco, Tabasco	mota_gutierrez_2021_mexico::Forastero::4	48	120	0.4	mid	February 2018; end of main crop season	Forastero	1		ILLUMINA	Illumina MiSeq	16S rRNA	V3-V4	ENA sample_title parsed with configured regex	true		bacterial metataxonomic 16S rRNA from harvest under tratidional conditions of Forastero cocoa beans after 48h of fermentation from Mexico Batch_4_ replicate_1; bacterial metataxonomic 16S rRNA from harvest under tratidional conditions of Forastero cocoa beans after 48h of fermentation from Mexico Batch_4_ replicate_1
mota_gutierrez_2021_mexico	16S_cocoa_B39M	SRR11579056	PRJNA627078	SAMN14651115	16S_cocoa_B39M	Mexico	Comalcalco, Tabasco	mota_gutierrez_2021_mexico::Forastero::3	48	120	0.4	mid	February 2018; end of main crop season	Forastero	3		ILLUMINA	Illumina MiSeq	16S rRNA	V3-V4	ENA sample_title parsed with configured regex	true		bacterial metataxonomic 16S rRNA from harvest under tratidional conditions of Forastero cocoa beans after 48h of fermentation from Mexico Batch_3_ replicate_3; bacterial metataxonomic 16S rRNA from harvest under tratidional conditions of Forastero cocoa beans after 48h of fermentation from Mexico Batch_3_ replicate_3
mota_gutierrez_2021_mexico	16S_cocoa_B38M	SRR11579057	PRJNA627078	SAMN14651114	16S_cocoa_B38M	Mexico	Comalcalco, Tabasco	mota_gutierrez_2021_mexico::Forastero::3	48	120	0.4	mid	February 2018; end of main crop season	Forastero	2		ILLUMINA	Illumina MiSeq	16S rRNA	V3-V4	ENA sample_title parsed with configured regex	true		bacterial metataxonomic 16S rRNA from harvest under tratidional conditions of Forastero cocoa beans after 48h of fermentation from Mexico Batch_3_ replicate_2; bacterial metataxonomic 16S rRNA from harvest under tratidional conditions of Forastero cocoa beans after 48h of fermentation from Mexico Batch_3_ replicate_2
mota_gutierrez_2021_mexico	16S_cocoa_B13M	SRR11579058	PRJNA627078	SAMN14651087	16S_cocoa_B13M	Mexico	Comalcalco, Tabasco	mota_gutierrez_2021_mexico::Forastero::3	0	120	0	early	February 2018; end of main crop season	Forastero	1		ILLUMINA	Illumina MiSeq	16S rRNA	V3-V4	ENA sample_title parsed with configured regex	true		bacterial metataxonomic 16S rRNA from harvest under tratidional conditions of raw Forastero cocoa beans from Mexico Batch_3_ replicate_1; bacterial metataxonomic 16S rRNA from harvest under tratidional conditions of raw Forastero cocoa beans from Mexico Batch_3_ replicate_1
mota_gutierrez_2021_mexico	16S_cocoa_B37M	SRR11579059	PRJNA627078	SAMN14651113	16S_cocoa_B37M	Mexico	Comalcalco, Tabasco	mota_gutierrez_2021_mexico::Forastero::3	48	120	0.4	mid	February 2018; end of main crop season	Forastero	1		ILLUMINA	Illumina MiSeq	16S rRNA	V3-V4	ENA sample_title parsed with configured regex	true		bacterial metataxonomic 16S rRNA from harvest under tratidional conditions of Forastero cocoa beans after 48h of fermentation from Mexico Batch_3_ replicate_1; bacterial metataxonomic 16S rRNA from harvest under tratidional conditions of Forastero cocoa beans after 48h of fermentation from Mexico Batch_3_ replicate_1
mota_gutierrez_2021_mexico	16S_cocoa_B36M	SRR11579060	PRJNA627078	SAMN14651112	16S_cocoa_B36M	Mexico	Comalcalco, Tabasco	mota_gutierrez_2021_mexico::Criollo::2	48	120	0.4	mid	February 2018; end of main crop season	Criollo	3		ILLUMINA	Illumina MiSeq	16S rRNA	V3-V4	ENA sample_title parsed with configured regex	true		bacterial metataxonomic 16S rRNA from harvest under tratidional conditions of Criollo cocoa beans after 48h of fermentation from Mexico Batch_2_ replicate_3; bacterial metataxonomic 16S rRNA from harvest under tratidional conditions of Criollo cocoa beans after 48h of fermentation from Mexico Batch_2_ replicate_3
mota_gutierrez_2021_mexico	16S_cocoa_B35M	SRR11579061	PRJNA627078	SAMN14651111	16S_cocoa_B35M	Mexico	Comalcalco, Tabasco	mota_gutierrez_2021_mexico::Criollo::2	48	120	0.4	mid	February 2018; end of main crop season	Criollo	2		ILLUMINA	Illumina MiSeq	16S rRNA	V3-V4	ENA sample_title parsed with configured regex	true		bacterial metataxonomic 16S rRNA from harvest under tratidional conditions of Criollo cocoa beans after 48h of fermentation from Mexico Batch_2_ replicate_2; bacterial metataxonomic 16S rRNA from harvest under tratidional conditions of Criollo cocoa beans after 48h of fermentation from Mexico Batch_2_ replicate_2
mota_gutierrez_2021_mexico	16S_cocoa_B34M	SRR11579062	PRJNA627078	SAMN14651110	16S_cocoa_B34M	Mexico	Comalcalco, Tabasco	mota_gutierrez_2021_mexico::Criollo::2	48	120	0.4	mid	February 2018; end of main crop season	Criollo	1		ILLUMINA	Illumina MiSeq	16S rRNA	V3-V4	ENA sample_title parsed with configured regex	true		bacterial metataxonomic 16S rRNA from harvest under tratidional conditions of Criollo cocoa beans after 48h of fermentation from Mexico Batch_2_ replicate_1; bacterial metataxonomic 16S rRNA from harvest under tratidional conditions of Criollo cocoa beans after 48h of fermentation from Mexico Batch_2_ replicate_1
mota_gutierrez_2021_mexico	16S_cocoa_B33M	SRR11579063	PRJNA627078	SAMN14651109	16S_cocoa_B33M	Mexico	Comalcalco, Tabasco	mota_gutierrez_2021_mexico::Criollo::1	48	120	0.4	mid	February 2018; end of main crop season	Criollo	3		ILLUMINA	Illumina MiSeq	16S rRNA	V3-V4	ENA sample_title parsed with configured regex	true		bacterial metataxonomic 16S rRNA from harvest under tratidional conditions of Criollo cocoa beans after 48h of fermentation from Mexico Batch_1_ replicate_3; bacterial metataxonomic 16S rRNA from harvest under tratidional conditions of Criollo cocoa beans after 48h of fermentation from Mexico Batch_1_ replicate_3
mota_gutierrez_2021_mexico	16S_cocoa_B32	SRR11579064	PRJNA627078	SAMN14651108	16S_cocoa_B32	Mexico	Comalcalco, Tabasco	mota_gutierrez_2021_mexico::Criollo::1	48	120	0.4	mid	February 2018; end of main crop season	Criollo	2		ILLUMINA	Illumina MiSeq	16S rRNA	V3-V4	ENA sample_title parsed with configured regex	true		bacterial metataxonomic 16S rRNA from harvest under tratidional conditions of Criollo cocoa beans after 48h of fermentation from Mexico Batch_1_ replicate_2; bacterial metataxonomic 16S rRNA from harvest under tratidional conditions of Criollo cocoa beans after 48h of fermentation from Mexico Batch_1_ replicate_2
mota_gutierrez_2021_mexico	16S_cocoa_B31	SRR11579065	PRJNA627078	SAMN14651107	16S_cocoa_B31	Mexico	Comalcalco, Tabasco	mota_gutierrez_2021_mexico::Criollo::1	48	120	0.4	mid	February 2018; end of main crop season	Criollo	1		ILLUMINA	Illumina MiSeq	16S rRNA	V3-V4	ENA sample_title parsed with configured regex	true		bacterial metataxonomic 16S rRNA from harvest under tratidional conditions of Criollo cocoa beans after 48h of fermentation from Mexico Batch_1_ replicate_1; bacterial metataxonomic 16S rRNA from harvest under tratidional conditions of Criollo cocoa beans after 48h of fermentation from Mexico Batch_1_ replicate_1
mota_gutierrez_2021_mexico	16S_cocoa_B30	SRR11579066	PRJNA627078	SAMN14651106	16S_cocoa_B30	Mexico	Comalcalco, Tabasco	mota_gutierrez_2021_mexico::Forastero::4	24	120	0.2	early	February 2018; end of main crop season	Forastero	3		ILLUMINA	Illumina MiSeq	16S rRNA	V3-V4	ENA sample_title parsed with configured regex	true		bacterial metataxonomic 16S rRNA from harvest under tratidional conditions of Forastero cocoa beans after 24h of fermentation from Mexico Batch_4_ replicate_3; bacterial metataxonomic 16S rRNA from harvest under tratidional conditions of Forastero cocoa beans after 24h of fermentation from Mexico Batch_4_ replicate_3
mota_gutierrez_2021_mexico	16S_cocoa_B29	SRR11579068	PRJNA627078	SAMN14651104	16S_cocoa_B29	Mexico	Comalcalco, Tabasco	mota_gutierrez_2021_mexico::Forastero::4	24	120	0.2	early	February 2018; end of main crop season	Forastero	2		ILLUMINA	Illumina MiSeq	16S rRNA	V3-V4	ENA sample_title parsed with configured regex	true		bacterial metataxonomic 16S rRNA from harvest under tratidional conditions of Forastero cocoa beans after 24h of fermentation from Mexico Batch_4_ replicate_2; bacterial metataxonomic 16S rRNA from harvest under tratidional conditions of Forastero cocoa beans after 24h of fermentation from Mexico Batch_4_ replicate_2
mota_gutierrez_2021_mexico	16S_cocoa_B12M	SRR11579069	PRJNA627078	SAMN14651086	16S_cocoa_B12M	Mexico	Comalcalco, Tabasco	mota_gutierrez_2021_mexico::Criollo::2	0	120	0	early	February 2018; end of main crop season	Criollo	3		ILLUMINA	Illumina MiSeq	16S rRNA	V3-V4	ENA sample_title parsed with configured regex	true		bacterial metataxonomic 16S rRNA from harvest under tratidional conditions of raw Criollo cocoa beans from Mexico Batch_2_ replicate_3; bacterial metataxonomic 16S rRNA from harvest under tratidional conditions of raw Criollo cocoa beans from Mexico Batch_2_ replicate_3
mota_gutierrez_2021_mexico	16S_cocoa_B28	SRR11579070	PRJNA627078	SAMN14651103	16S_cocoa_B28	Mexico	Comalcalco, Tabasco	mota_gutierrez_2021_mexico::Forastero::4	24	120	0.2	early	February 2018; end of main crop season	Forastero	1		ILLUMINA	Illumina MiSeq	16S rRNA	V3-V4	ENA sample_title parsed with configured regex	true		bacterial metataxonomic 16S rRNA from harvest under tratidional conditions of Forastero cocoa beans after 24h of fermentation from Mexico Batch_4_ replicate_1; bacterial metataxonomic 16S rRNA from harvest under tratidional conditions of Forastero cocoa beans after 24h of fermentation from Mexico Batch_4_ replicate_1
mota_gutierrez_2021_mexico	16S_cocoa_B27	SRR11579071	PRJNA627078	SAMN14651102	16S_cocoa_B27	Mexico	Comalcalco, Tabasco	mota_gutierrez_2021_mexico::Forastero::3	24	120	0.2	early	February 2018; end of main crop season	Forastero	3		ILLUMINA	Illumina MiSeq	16S rRNA	V3-V4	ENA sample_title parsed with configured regex	true		bacterial metataxonomic 16S rRNA from harvest under tratidional conditions of Forastero cocoa beans after 24h of fermentation from Mexico Batch_3_ replicate_3; bacterial metataxonomic 16S rRNA from harvest under tratidional conditions of Forastero cocoa beans after 24h of fermentation from Mexico Batch_3_ replicate_3
mota_gutierrez_2021_mexico	16S_cocoa_B26	SRR11579072	PRJNA627078	SAMN14651101	16S_cocoa_B26	Mexico	Comalcalco, Tabasco	mota_gutierrez_2021_mexico::Forastero::3	24	120	0.2	early	February 2018; end of main crop season	Forastero	2		ILLUMINA	Illumina MiSeq	16S rRNA	V3-V4	ENA sample_title parsed with configured regex	true		bacterial metataxonomic 16S rRNA from harvest under tratidional conditions of Forastero cocoa beans after 24h of fermentation from Mexico Batch_3_ replicate_2; bacterial metataxonomic 16S rRNA from harvest under tratidional conditions of Forastero cocoa beans after 24h of fermentation from Mexico Batch_3_ replicate_2
mota_gutierrez_2021_mexico	16S_cocoa_B25M	SRR11579073	PRJNA627078	SAMN14651100	16S_cocoa_B25M	Mexico	Comalcalco, Tabasco	mota_gutierrez_2021_mexico::Forastero::3	24	120	0.2	early	February 2018; end of main crop season	Forastero	1		ILLUMINA	Illumina MiSeq	16S rRNA	V3-V4	ENA sample_title parsed with configured regex	true		bacterial metataxonomic 16S rRNA from harvest under tratidional conditions of Forastero cocoa beans after 24h of fermentation from Mexico Batch_3_ replicate_1; bacterial metataxonomic 16S rRNA from harvest under tratidional conditions of Forastero cocoa beans after 24h of fermentation from Mexico Batch_3_ replicate_1
mota_gutierrez_2021_mexico	16S_cocoa_B24M	SRR11579074	PRJNA627078	SAMN14651099	16S_cocoa_B24M	Mexico	Comalcalco, Tabasco	mota_gutierrez_2021_mexico::Criollo::2	24	120	0.2	early	February 2018; end of main crop season	Criollo	3		ILLUMINA	Illumina MiSeq	16S rRNA	V3-V4	ENA sample_title parsed with configured regex	true		bacterial metataxonomic 16S rRNA from harvest under tratidional conditions of Criollo cocoa beans after 24h of fermentation from Mexico Batch_2_ replicate_3; bacterial metataxonomic 16S rRNA from harvest under tratidional conditions of Criollo cocoa beans after 24h of fermentation from Mexico Batch_2_ replicate_3
mota_gutierrez_2021_mexico	16S_cocoa_B23M	SRR11579075	PRJNA627078	SAMN14651098	16S_cocoa_B23M	Mexico	Comalcalco, Tabasco	mota_gutierrez_2021_mexico::Criollo::2	24	120	0.2	early	February 2018; end of main crop season	Criollo	2		ILLUMINA	Illumina MiSeq	16S rRNA	V3-V4	ENA sample_title parsed with configured regex	true		bacterial metataxonomic 16S rRNA from harvest under tratidional conditions of Criollo cocoa beans after 24h of fermentation from Mexico Batch_2_ replicate_2; bacterial metataxonomic 16S rRNA from harvest under tratidional conditions of Criollo cocoa beans after 24h of fermentation from Mexico Batch_2_ replicate_2
mota_gutierrez_2021_mexico	16S_cocoa_B22M	SRR11579078	PRJNA627078	SAMN14651097	16S_cocoa_B22M	Mexico	Comalcalco, Tabasco	mota_gutierrez_2021_mexico::Criollo::2	24	120	0.2	early	February 2018; end of main crop season	Criollo	1		ILLUMINA	Illumina MiSeq	16S rRNA	V3-V4	ENA sample_title parsed with configured regex	true		bacterial metataxonomic 16S rRNA from harvest under tratidional conditions of Criollo cocoa beans after 24h of fermentation from Mexico Batch_2_ replicate_1; bacterial metataxonomic 16S rRNA from harvest under tratidional conditions of Criollo cocoa beans after 24h of fermentation from Mexico Batch_2_ replicate_1
mota_gutierrez_2021_mexico	16S_cocoa_B21M	SRR11579089	PRJNA627078	SAMN14651096	16S_cocoa_B21M	Mexico	Comalcalco, Tabasco	mota_gutierrez_2021_mexico::Criollo::1	24	120	0.2	early	February 2018; end of main crop season	Criollo	3		ILLUMINA	Illumina MiSeq	16S rRNA	V3-V4	ENA sample_title parsed with configured regex	true		bacterial metataxonomic 16S rRNA from harvest under tratidional conditions of Criollo cocoa beans after 24h of fermentation from Mexico Batch_1_ replicate_3; bacterial metataxonomic 16S rRNA from harvest under tratidional conditions of Criollo cocoa beans after 24h of fermentation from Mexico Batch_1_ replicate_3
mota_gutierrez_2021_mexico	16S_cocoa_B20M	SRR11579100	PRJNA627078	SAMN14651095	16S_cocoa_B20M	Mexico	Comalcalco, Tabasco	mota_gutierrez_2021_mexico::Criollo::1	24	120	0.2	early	February 2018; end of main crop season	Criollo	2		ILLUMINA	Illumina MiSeq	16S rRNA	V3-V4	ENA sample_title parsed with configured regex	true		bacterial metataxonomic 16S rRNA from harvest under tratidional conditions of Criollo cocoa beans after 24h of fermentation from Mexico Batch_1_ replicate_2; bacterial metataxonomic 16S rRNA from harvest under tratidional conditions of Criollo cocoa beans after 24h of fermentation from Mexico Batch_1_ replicate_2
mota_gutierrez_2021_mexico	16S_cocoa_B11M	SRR11579112	PRJNA627078	SAMN14651085	16S_cocoa_B11M	Mexico	Comalcalco, Tabasco	mota_gutierrez_2021_mexico::Criollo::2	0	120	0	early	February 2018; end of main crop season	Criollo	2		ILLUMINA	Illumina MiSeq	16S rRNA	V3-V4	ENA sample_title parsed with configured regex	true		bacterial metataxonomic 16S rRNA from harvest under tratidional conditions of raw Criollo cocoa beans from Mexico Batch_2_ replicate_2; bacterial metataxonomic 16S rRNA from harvest under tratidional conditions of raw Criollo cocoa beans from Mexico Batch_2_ replicate_2
mota_gutierrez_2021_mexico	16S_cocoa_B10M	SRR11579113	PRJNA627078	SAMN14651084	16S_cocoa_B10M	Mexico	Comalcalco, Tabasco	mota_gutierrez_2021_mexico::Criollo::2	0	120	0	early	February 2018; end of main crop season	Criollo	1		ILLUMINA	Illumina MiSeq	16S rRNA	V3-V4	ENA sample_title parsed with configured regex	true		bacterial metataxonomic 16S rRNA from harvest under tratidional conditions of raw Criollo cocoa beans from Mexico Batch_2_ replicate_1; bacterial metataxonomic 16S rRNA from harvest under tratidional conditions of raw Criollo cocoa beans from Mexico Batch_2_ replicate_1
pacheco_montealegre_2020_colombia	BactSaII120z2	SRR7899641	PRJNA492720	SAMN10112631	BactSaII120z2	Colombia	Santander	pacheco_montealegre_2020_colombia::Sa::II	120	132	0.90909091	late	wet			2	ILLUMINA	Illumina MiSeq	16S rRNA	V4	ENA sample_alias parsed with configured regex	true		MIMS Environmental/Metagenome sample from metagenome; Keywords: GSC:MIxS MIMS:5.0
pacheco_montealegre_2020_colombia	BactSaII120z1	SRR7899642	PRJNA492720	SAMN10112630	BactSaII120z1	Colombia	Santander	pacheco_montealegre_2020_colombia::Sa::II	120	132	0.90909091	late	wet			1	ILLUMINA	Illumina MiSeq	16S rRNA	V4	ENA sample_alias parsed with configured regex	true		MIMS Environmental/Metagenome sample from metagenome; Keywords: GSC:MIxS MIMS:5.0
pacheco_montealegre_2020_colombia	BactSaII108z2	SRR7899643	PRJNA492720	SAMN10112629	BactSaII108z2	Colombia	Santander	pacheco_montealegre_2020_colombia::Sa::II	108	132	0.81818182	late	wet			2	ILLUMINA	Illumina MiSeq	16S rRNA	V4	ENA sample_alias parsed with configured regex	true		MIMS Environmental/Metagenome sample from metagenome; Keywords: GSC:MIxS MIMS:5.0
pacheco_montealegre_2020_colombia	BactSaII108z1	SRR7899644	PRJNA492720	SAMN10112628	BactSaII108z1	Colombia	Santander	pacheco_montealegre_2020_colombia::Sa::II	108	132	0.81818182	late	wet			1	ILLUMINA	Illumina MiSeq	16S rRNA	V4	ENA sample_alias parsed with configured regex	true		MIMS Environmental/Metagenome sample from metagenome; Keywords: GSC:MIxS MIMS:5.0
pacheco_montealegre_2020_colombia	BactSaII132z2	SRR7899647	PRJNA492720	SAMN10112633	BactSaII132z2	Colombia	Santander	pacheco_montealegre_2020_colombia::Sa::II	132	132	1	late	wet			2	ILLUMINA	Illumina MiSeq	16S rRNA	V4	ENA sample_alias parsed with configured regex	true		MIMS Environmental/Metagenome sample from metagenome; Keywords: GSC:MIxS MIMS:5.0
pacheco_montealegre_2020_colombia	BactSaII132z1	SRR7899648	PRJNA492720	SAMN10112632	BactSaII132z1	Colombia	Santander	pacheco_montealegre_2020_colombia::Sa::II	132	132	1	late	wet			1	ILLUMINA	Illumina MiSeq	16S rRNA	V4	ENA sample_alias parsed with configured regex	true		MIMS Environmental/Metagenome sample from metagenome; Keywords: GSC:MIxS MIMS:5.0
pacheco_montealegre_2020_colombia	BactSaI012z2	SRR7899649	PRJNA492720	SAMN10112593	BactSaI012z2	Colombia	Santander	pacheco_montealegre_2020_colombia::Sa::I	12	108	0.11111111	early	dry			2	ILLUMINA	Illumina MiSeq	16S rRNA	V4	ENA sample_alias parsed with configured regex	true		MIMS Environmental/Metagenome sample from metagenome; Keywords: GSC:MIxS MIMS:5.0
pacheco_montealegre_2020_colombia	BactSaI012z1	SRR7899650	PRJNA492720	SAMN10112592	BactSaI012z1	Colombia	Santander	pacheco_montealegre_2020_colombia::Sa::I	12	108	0.11111111	early	dry			1	ILLUMINA	Illumina MiSeq	16S rRNA	V4	ENA sample_alias parsed with configured regex	true		MIMS Environmental/Metagenome sample from metagenome; Keywords: GSC:MIxS MIMS:5.0
pacheco_montealegre_2020_colombia	BactSaI000z2	SRR7899655	PRJNA492720	SAMN10112591	BactSaI000z2	Colombia	Santander	pacheco_montealegre_2020_colombia::Sa::I	0	108	0	early	dry			2	ILLUMINA	Illumina MiSeq	16S rRNA	V4	ENA sample_alias parsed with configured regex	true		MIMS Environmental/Metagenome sample from metagenome; Keywords: GSC:MIxS MIMS:5.0
pacheco_montealegre_2020_colombia	BactSaI000z1	SRR7899656	PRJNA492720	SAMN10112590	BactSaI000z1	Colombia	Santander	pacheco_montealegre_2020_colombia::Sa::I	0	108	0	early	dry			1	ILLUMINA	Illumina MiSeq	16S rRNA	V4	ENA sample_alias parsed with configured regex	true		MIMS Environmental/Metagenome sample from metagenome; Keywords: GSC:MIxS MIMS:5.0
pacheco_montealegre_2020_colombia	BactAnI024z1	SRR7899678	PRJNA492720	SAMN10112512	BactAnI024z1	Colombia	Antioquia	pacheco_montealegre_2020_colombia::An::I	24	132	0.18181818	early	dry			1	ILLUMINA	Illumina MiSeq	16S rRNA	V4	ENA sample_alias parsed with configured regex	true		MIMS Environmental/Metagenome sample from metagenome; Keywords: GSC:MIxS MIMS:5.0
pacheco_montealegre_2020_colombia	BactSaII096z1	SRR7899679	PRJNA492720	SAMN10112626	BactSaII096z1	Colombia	Santander	pacheco_montealegre_2020_colombia::Sa::II	96	132	0.72727273	late	wet			1	ILLUMINA	Illumina MiSeq	16S rRNA	V4	ENA sample_alias parsed with configured regex	true		MIMS Environmental/Metagenome sample from metagenome; Keywords: GSC:MIxS MIMS:5.0
pacheco_montealegre_2020_colombia	BactSaII096z2	SRR7899680	PRJNA492720	SAMN10112627	BactSaII096z2	Colombia	Santander	pacheco_montealegre_2020_colombia::Sa::II	96	132	0.72727273	late	wet			2	ILLUMINA	Illumina MiSeq	16S rRNA	V4	ENA sample_alias parsed with configured regex	true		MIMS Environmental/Metagenome sample from metagenome; Keywords: GSC:MIxS MIMS:5.0
pacheco_montealegre_2020_colombia	BactSaII084z1	SRR7899681	PRJNA492720	SAMN10112624	BactSaII084z1	Colombia	Santander	pacheco_montealegre_2020_colombia::Sa::II	84	132	0.63636364	mid	wet			1	ILLUMINA	Illumina MiSeq	16S rRNA	V4	ENA sample_alias parsed with configured regex	true		MIMS Environmental/Metagenome sample from metagenome; Keywords: GSC:MIxS MIMS:5.0
pacheco_montealegre_2020_colombia	BactSaII084z2	SRR7899682	PRJNA492720	SAMN10112625	BactSaII084z2	Colombia	Santander	pacheco_montealegre_2020_colombia::Sa::II	84	132	0.63636364	mid	wet			2	ILLUMINA	Illumina MiSeq	16S rRNA	V4	ENA sample_alias parsed with configured regex	true		MIMS Environmental/Metagenome sample from metagenome; Keywords: GSC:MIxS MIMS:5.0
pacheco_montealegre_2020_colombia	BactSaII072z1	SRR7899683	PRJNA492720	SAMN10112622	BactSaII072z1	Colombia	Santander	pacheco_montealegre_2020_colombia::Sa::II	72	132	0.54545455	mid	wet			1	ILLUMINA	Illumina MiSeq	16S rRNA	V4	ENA sample_alias parsed with configured regex	true		MIMS Environmental/Metagenome sample from metagenome; Keywords: GSC:MIxS MIMS:5.0
pacheco_montealegre_2020_colombia	BactSaII072z2	SRR7899684	PRJNA492720	SAMN10112623	BactSaII072z2	Colombia	Santander	pacheco_montealegre_2020_colombia::Sa::II	72	132	0.54545455	mid	wet			2	ILLUMINA	Illumina MiSeq	16S rRNA	V4	ENA sample_alias parsed with configured regex	true		MIMS Environmental/Metagenome sample from metagenome; Keywords: GSC:MIxS MIMS:5.0
pacheco_montealegre_2020_colombia	BactSaII060z1	SRR7899685	PRJNA492720	SAMN10112620	BactSaII060z1	Colombia	Santander	pacheco_montealegre_2020_colombia::Sa::II	60	132	0.45454545	mid	wet			1	ILLUMINA	Illumina MiSeq	16S rRNA	V4	ENA sample_alias parsed with configured regex	true		MIMS Environmental/Metagenome sample from metagenome; Keywords: GSC:MIxS MIMS:5.0
pacheco_montealegre_2020_colombia	BactSaII060z2	SRR7899686	PRJNA492720	SAMN10112621	BactSaII060z2	Colombia	Santander	pacheco_montealegre_2020_colombia::Sa::II	60	132	0.45454545	mid	wet			2	ILLUMINA	Illumina MiSeq	16S rRNA	V4	ENA sample_alias parsed with configured regex	true		MIMS Environmental/Metagenome sample from metagenome; Keywords: GSC:MIxS MIMS:5.0
pacheco_montealegre_2020_colombia	BactSaII048z1	SRR7899687	PRJNA492720	SAMN10112618	BactSaII048z1	Colombia	Santander	pacheco_montealegre_2020_colombia::Sa::II	48	132	0.36363636	mid	wet			1	ILLUMINA	Illumina MiSeq	16S rRNA	V4	ENA sample_alias parsed with configured regex	true		MIMS Environmental/Metagenome sample from metagenome; Keywords: GSC:MIxS MIMS:5.0
pacheco_montealegre_2020_colombia	BactSaII048z2	SRR7899688	PRJNA492720	SAMN10112619	BactSaII048z2	Colombia	Santander	pacheco_montealegre_2020_colombia::Sa::II	48	132	0.36363636	mid	wet			2	ILLUMINA	Illumina MiSeq	16S rRNA	V4	ENA sample_alias parsed with configured regex	true		MIMS Environmental/Metagenome sample from metagenome; Keywords: GSC:MIxS MIMS:5.0
pacheco_montealegre_2020_colombia	BactSaI096z1	SRR7899691	PRJNA492720	SAMN10112606	BactSaI096z1	Colombia	Santander	pacheco_montealegre_2020_colombia::Sa::I	96	108	0.88888889	late	dry			1	ILLUMINA	Illumina MiSeq	16S rRNA	V4	ENA sample_alias parsed with configured regex	true		MIMS Environmental/Metagenome sample from metagenome; Keywords: GSC:MIxS MIMS:5.0
pacheco_montealegre_2020_colombia	BactSaI096z2	SRR7899692	PRJNA492720	SAMN10112607	BactSaI096z2	Colombia	Santander	pacheco_montealegre_2020_colombia::Sa::I	96	108	0.88888889	late	dry			2	ILLUMINA	Illumina MiSeq	16S rRNA	V4	ENA sample_alias parsed with configured regex	true		MIMS Environmental/Metagenome sample from metagenome; Keywords: GSC:MIxS MIMS:5.0
pacheco_montealegre_2020_colombia	BactSaI084z1	SRR7899693	PRJNA492720	SAMN10112604	BactSaI084z1	Colombia	Santander	pacheco_montealegre_2020_colombia::Sa::I	84	108	0.77777778	late	dry			1	ILLUMINA	Illumina MiSeq	16S rRNA	V4	ENA sample_alias parsed with configured regex	true		MIMS Environmental/Metagenome sample from metagenome; Keywords: GSC:MIxS MIMS:5.0
pacheco_montealegre_2020_colombia	BactSaI084z2	SRR7899694	PRJNA492720	SAMN10112605	BactSaI084z2	Colombia	Santander	pacheco_montealegre_2020_colombia::Sa::I	84	108	0.77777778	late	dry			2	ILLUMINA	Illumina MiSeq	16S rRNA	V4	ENA sample_alias parsed with configured regex	true		MIMS Environmental/Metagenome sample from metagenome; Keywords: GSC:MIxS MIMS:5.0
pacheco_montealegre_2020_colombia	BactSaI072z2	SRR7899696	PRJNA492720	SAMN10112603	BactSaI072z2	Colombia	Santander	pacheco_montealegre_2020_colombia::Sa::I	72	108	0.66666667	late	dry			2	ILLUMINA	Illumina MiSeq	16S rRNA	V4	ENA sample_alias parsed with configured regex	true		MIMS Environmental/Metagenome sample from metagenome; Keywords: GSC:MIxS MIMS:5.0
pacheco_montealegre_2020_colombia	BactSaI060z1	SRR7899697	PRJNA492720	SAMN10112600	BactSaI060z1	Colombia	Santander	pacheco_montealegre_2020_colombia::Sa::I	60	108	0.55555556	mid	dry			1	ILLUMINA	Illumina MiSeq	16S rRNA	V4	ENA sample_alias parsed with configured regex	true		MIMS Environmental/Metagenome sample from metagenome; Keywords: GSC:MIxS MIMS:5.0
pacheco_montealegre_2020_colombia	BactSaI060z2	SRR7899698	PRJNA492720	SAMN10112601	BactSaI060z2	Colombia	Santander	pacheco_montealegre_2020_colombia::Sa::I	60	108	0.55555556	mid	dry			2	ILLUMINA	Illumina MiSeq	16S rRNA	V4	ENA sample_alias parsed with configured regex	true		MIMS Environmental/Metagenome sample from metagenome; Keywords: GSC:MIxS MIMS:5.0
pacheco_montealegre_2020_colombia	BactSaI048z1	SRR7899699	PRJNA492720	SAMN10112598	BactSaI048z1	Colombia	Santander	pacheco_montealegre_2020_colombia::Sa::I	48	108	0.44444444	mid	dry			1	ILLUMINA	Illumina MiSeq	16S rRNA	V4	ENA sample_alias parsed with configured regex	true		MIMS Environmental/Metagenome sample from metagenome; Keywords: GSC:MIxS MIMS:5.0
pacheco_montealegre_2020_colombia	BactSaI048z2	SRR7899700	PRJNA492720	SAMN10112599	BactSaI048z2	Colombia	Santander	pacheco_montealegre_2020_colombia::Sa::I	48	108	0.44444444	mid	dry			2	ILLUMINA	Illumina MiSeq	16S rRNA	V4	ENA sample_alias parsed with configured regex	true		MIMS Environmental/Metagenome sample from metagenome; Keywords: GSC:MIxS MIMS:5.0
pacheco_montealegre_2020_colombia	BactAnI036z1	SRR7899709	PRJNA492720	SAMN10112514	BactAnI036z1	Colombia	Antioquia	pacheco_montealegre_2020_colombia::An::I	36	132	0.27272727	early	dry			1	ILLUMINA	Illumina MiSeq	16S rRNA	V4	ENA sample_alias parsed with configured regex	true		MIMS Environmental/Metagenome sample from metagenome; Keywords: GSC:MIxS MIMS:5.0
pacheco_montealegre_2020_colombia	BactSaII036z2	SRR7899718	PRJNA492720	SAMN10112617	BactSaII036z2	Colombia	Santander	pacheco_montealegre_2020_colombia::Sa::II	36	132	0.27272727	early	wet			2	ILLUMINA	Illumina MiSeq	16S rRNA	V4	ENA sample_alias parsed with configured regex	true		MIMS Environmental/Metagenome sample from metagenome; Keywords: GSC:MIxS MIMS:5.0
pacheco_montealegre_2020_colombia	BactSaII036z1	SRR7899719	PRJNA492720	SAMN10112616	BactSaII036z1	Colombia	Santander	pacheco_montealegre_2020_colombia::Sa::II	36	132	0.27272727	early	wet			1	ILLUMINA	Illumina MiSeq	16S rRNA	V4	ENA sample_alias parsed with configured regex	true		MIMS Environmental/Metagenome sample from metagenome; Keywords: GSC:MIxS MIMS:5.0
pacheco_montealegre_2020_colombia	BactAnI048z1	SRR7899720	PRJNA492720	SAMN10112516	BactAnI048z1	Colombia	Antioquia	pacheco_montealegre_2020_colombia::An::I	48	132	0.36363636	mid	dry			1	ILLUMINA	Illumina MiSeq	16S rRNA	V4	ENA sample_alias parsed with configured regex	true		MIMS Environmental/Metagenome sample from metagenome; Keywords: GSC:MIxS MIMS:5.0
pacheco_montealegre_2020_colombia	BactAnI048z2	SRR7899721	PRJNA492720	SAMN10112517	BactAnI048z2	Colombia	Antioquia	pacheco_montealegre_2020_colombia::An::I	48	132	0.36363636	mid	dry			2	ILLUMINA	Illumina MiSeq	16S rRNA	V4	ENA sample_alias parsed with configured regex	true		MIMS Environmental/Metagenome sample from metagenome; Keywords: GSC:MIxS MIMS:5.0
pacheco_montealegre_2020_colombia	BactSaII012z2	SRR7899722	PRJNA492720	SAMN10112613	BactSaII012z2	Colombia	Santander	pacheco_montealegre_2020_colombia::Sa::II	12	132	0.090909091	early	wet			2	ILLUMINA	Illumina MiSeq	16S rRNA	V4	ENA sample_alias parsed with configured regex	true		MIMS Environmental/Metagenome sample from metagenome; Keywords: GSC:MIxS MIMS:5.0
pacheco_montealegre_2020_colombia	BactSaII012z1	SRR7899723	PRJNA492720	SAMN10112612	BactSaII012z1	Colombia	Santander	pacheco_montealegre_2020_colombia::Sa::II	12	132	0.090909091	early	wet			1	ILLUMINA	Illumina MiSeq	16S rRNA	V4	ENA sample_alias parsed with configured regex	true		MIMS Environmental/Metagenome sample from metagenome; Keywords: GSC:MIxS MIMS:5.0
pacheco_montealegre_2020_colombia	BactSaII024z2	SRR7899724	PRJNA492720	SAMN10112615	BactSaII024z2	Colombia	Santander	pacheco_montealegre_2020_colombia::Sa::II	24	132	0.18181818	early	wet			2	ILLUMINA	Illumina MiSeq	16S rRNA	V4	ENA sample_alias parsed with configured regex	true		MIMS Environmental/Metagenome sample from metagenome; Keywords: GSC:MIxS MIMS:5.0
pacheco_montealegre_2020_colombia	BactSaII024z1	SRR7899725	PRJNA492720	SAMN10112614	BactSaII024z1	Colombia	Santander	pacheco_montealegre_2020_colombia::Sa::II	24	132	0.18181818	early	wet			1	ILLUMINA	Illumina MiSeq	16S rRNA	V4	ENA sample_alias parsed with configured regex	true		MIMS Environmental/Metagenome sample from metagenome; Keywords: GSC:MIxS MIMS:5.0
pacheco_montealegre_2020_colombia	BactSaI108z2	SRR7899726	PRJNA492720	SAMN10112609	BactSaI108z2	Colombia	Santander	pacheco_montealegre_2020_colombia::Sa::I	108	108	1	late	dry			2	ILLUMINA	Illumina MiSeq	16S rRNA	V4	ENA sample_alias parsed with configured regex	true		MIMS Environmental/Metagenome sample from metagenome; Keywords: GSC:MIxS MIMS:5.0
pacheco_montealegre_2020_colombia	BactSaI108z1	SRR7899727	PRJNA492720	SAMN10112608	BactSaI108z1	Colombia	Santander	pacheco_montealegre_2020_colombia::Sa::I	108	108	1	late	dry			1	ILLUMINA	Illumina MiSeq	16S rRNA	V4	ENA sample_alias parsed with configured regex	true		MIMS Environmental/Metagenome sample from metagenome; Keywords: GSC:MIxS MIMS:5.0
pacheco_montealegre_2020_colombia	BactAnI000z1	SRR7899728	PRJNA492720	SAMN10112508	BactAnI000z1	Colombia	Antioquia	pacheco_montealegre_2020_colombia::An::I	0	132	0	early	dry			1	ILLUMINA	Illumina MiSeq	16S rRNA	V4	ENA sample_alias parsed with configured regex	true		MIMS Environmental/Metagenome sample from metagenome; Keywords: GSC:MIxS MIMS:5.0
pacheco_montealegre_2020_colombia	BactAnI000z2	SRR7899729	PRJNA492720	SAMN10112509	BactAnI000z2	Colombia	Antioquia	pacheco_montealegre_2020_colombia::An::I	0	132	0	early	dry			2	ILLUMINA	Illumina MiSeq	16S rRNA	V4	ENA sample_alias parsed with configured regex	true		MIMS Environmental/Metagenome sample from metagenome; Keywords: GSC:MIxS MIMS:5.0
pacheco_montealegre_2020_colombia	BactSaI036z1	SRR7899730	PRJNA492720	SAMN10112596	BactSaI036z1	Colombia	Santander	pacheco_montealegre_2020_colombia::Sa::I	36	108	0.33333333	mid	dry			1	ILLUMINA	Illumina MiSeq	16S rRNA	V4	ENA sample_alias parsed with configured regex	true		MIMS Environmental/Metagenome sample from metagenome; Keywords: GSC:MIxS MIMS:5.0
pacheco_montealegre_2020_colombia	BactSaI024z2	SRR7899744	PRJNA492720	SAMN10112595	BactSaI024z2	Colombia	Santander	pacheco_montealegre_2020_colombia::Sa::I	24	108	0.22222222	early	dry			2	ILLUMINA	Illumina MiSeq	16S rRNA	V4	ENA sample_alias parsed with configured regex	true		MIMS Environmental/Metagenome sample from metagenome; Keywords: GSC:MIxS MIMS:5.0
pacheco_montealegre_2020_colombia	BactSaI024z1	SRR7899745	PRJNA492720	SAMN10112594	BactSaI024z1	Colombia	Santander	pacheco_montealegre_2020_colombia::Sa::I	24	108	0.22222222	early	dry			1	ILLUMINA	Illumina MiSeq	16S rRNA	V4	ENA sample_alias parsed with configured regex	true		MIMS Environmental/Metagenome sample from metagenome; Keywords: GSC:MIxS MIMS:5.0
pacheco_montealegre_2020_colombia	BactAnI036z2	SRR7899777	PRJNA492720	SAMN10112515	BactAnI036z2	Colombia	Antioquia	pacheco_montealegre_2020_colombia::An::I	36	132	0.27272727	early	dry			2	ILLUMINA	Illumina MiSeq	16S rRNA	V4	ENA sample_alias parsed with configured regex	true		MIMS Environmental/Metagenome sample from metagenome; Keywords: GSC:MIxS MIMS:5.0
pacheco_montealegre_2020_colombia	BactAnII144z2	SRR7899798	PRJNA492720	SAMN10112557	BactAnII144z2	Colombia	Antioquia	pacheco_montealegre_2020_colombia::An::II	144	144	1	late	wet			2	ILLUMINA	Illumina MiSeq	16S rRNA	V4	ENA sample_alias parsed with configured regex	true		MIMS Environmental/Metagenome sample from metagenome; Keywords: GSC:MIxS MIMS:5.0
pacheco_montealegre_2020_colombia	BactAnII144z1	SRR7899799	PRJNA492720	SAMN10112556	BactAnII144z1	Colombia	Antioquia	pacheco_montealegre_2020_colombia::An::II	144	144	1	late	wet			1	ILLUMINA	Illumina MiSeq	16S rRNA	V4	ENA sample_alias parsed with configured regex	true		MIMS Environmental/Metagenome sample from metagenome; Keywords: GSC:MIxS MIMS:5.0
pacheco_montealegre_2020_colombia	BactSaI036z2	SRR7899800	PRJNA492720	SAMN10112597	BactSaI036z2	Colombia	Santander	pacheco_montealegre_2020_colombia::Sa::I	36	108	0.33333333	mid	dry			2	ILLUMINA	Illumina MiSeq	16S rRNA	V4	ENA sample_alias parsed with configured regex	true		MIMS Environmental/Metagenome sample from metagenome; Keywords: GSC:MIxS MIMS:5.0
pacheco_montealegre_2020_colombia	BactAnII096z2	SRR7899801	PRJNA492720	SAMN10112549	BactAnII096z2	Colombia	Antioquia	pacheco_montealegre_2020_colombia::An::II	96	144	0.66666667	late	wet			2	ILLUMINA	Illumina MiSeq	16S rRNA	V4	ENA sample_alias parsed with configured regex	true		MIMS Environmental/Metagenome sample from metagenome; Keywords: GSC:MIxS MIMS:5.0
pacheco_montealegre_2020_colombia	BactAnII096z1	SRR7899802	PRJNA492720	SAMN10112548	BactAnII096z1	Colombia	Antioquia	pacheco_montealegre_2020_colombia::An::II	96	144	0.66666667	late	wet			1	ILLUMINA	Illumina MiSeq	16S rRNA	V4	ENA sample_alias parsed with configured regex	true		MIMS Environmental/Metagenome sample from metagenome; Keywords: GSC:MIxS MIMS:5.0
pacheco_montealegre_2020_colombia	BactAnII108z2	SRR7899803	PRJNA492720	SAMN10112551	BactAnII108z2	Colombia	Antioquia	pacheco_montealegre_2020_colombia::An::II	108	144	0.75	late	wet			2	ILLUMINA	Illumina MiSeq	16S rRNA	V4	ENA sample_alias parsed with configured regex	true		MIMS Environmental/Metagenome sample from metagenome; Keywords: GSC:MIxS MIMS:5.0
pacheco_montealegre_2020_colombia	BactAnII108z1	SRR7899804	PRJNA492720	SAMN10112550	BactAnII108z1	Colombia	Antioquia	pacheco_montealegre_2020_colombia::An::II	108	144	0.75	late	wet			1	ILLUMINA	Illumina MiSeq	16S rRNA	V4	ENA sample_alias parsed with configured regex	true		MIMS Environmental/Metagenome sample from metagenome; Keywords: GSC:MIxS MIMS:5.0
pacheco_montealegre_2020_colombia	BactAnII120z2	SRR7899805	PRJNA492720	SAMN10112553	BactAnII120z2	Colombia	Antioquia	pacheco_montealegre_2020_colombia::An::II	120	144	0.83333333	late	wet			2	ILLUMINA	Illumina MiSeq	16S rRNA	V4	ENA sample_alias parsed with configured regex	true		MIMS Environmental/Metagenome sample from metagenome; Keywords: GSC:MIxS MIMS:5.0
pacheco_montealegre_2020_colombia	BactAnII120z1	SRR7899806	PRJNA492720	SAMN10112552	BactAnII120z1	Colombia	Antioquia	pacheco_montealegre_2020_colombia::An::II	120	144	0.83333333	late	wet			1	ILLUMINA	Illumina MiSeq	16S rRNA	V4	ENA sample_alias parsed with configured regex	true		MIMS Environmental/Metagenome sample from metagenome; Keywords: GSC:MIxS MIMS:5.0
pacheco_montealegre_2020_colombia	BactAnII132z2	SRR7899807	PRJNA492720	SAMN10112555	BactAnII132z2	Colombia	Antioquia	pacheco_montealegre_2020_colombia::An::II	132	144	0.91666667	late	wet			2	ILLUMINA	Illumina MiSeq	16S rRNA	V4	ENA sample_alias parsed with configured regex	true		MIMS Environmental/Metagenome sample from metagenome; Keywords: GSC:MIxS MIMS:5.0
pacheco_montealegre_2020_colombia	BactAnII132z1	SRR7899808	PRJNA492720	SAMN10112554	BactAnII132z1	Colombia	Antioquia	pacheco_montealegre_2020_colombia::An::II	132	144	0.91666667	late	wet			1	ILLUMINA	Illumina MiSeq	16S rRNA	V4	ENA sample_alias parsed with configured regex	true		MIMS Environmental/Metagenome sample from metagenome; Keywords: GSC:MIxS MIMS:5.0
pacheco_montealegre_2020_colombia	BactAnII024z2	SRR7899810	PRJNA492720	SAMN10112537	BactAnII024z2	Colombia	Antioquia	pacheco_montealegre_2020_colombia::An::II	24	144	0.16666667	early	wet			2	ILLUMINA	Illumina MiSeq	16S rRNA	V4	ENA sample_alias parsed with configured regex	true		MIMS Environmental/Metagenome sample from metagenome; Keywords: GSC:MIxS MIMS:5.0
pacheco_montealegre_2020_colombia	BactAnII024z1	SRR7899811	PRJNA492720	SAMN10112536	BactAnII024z1	Colombia	Antioquia	pacheco_montealegre_2020_colombia::An::II	24	144	0.16666667	early	wet			1	ILLUMINA	Illumina MiSeq	16S rRNA	V4	ENA sample_alias parsed with configured regex	true		MIMS Environmental/Metagenome sample from metagenome; Keywords: GSC:MIxS MIMS:5.0
pacheco_montealegre_2020_colombia	BactAnII012z2	SRR7899812	PRJNA492720	SAMN10112535	BactAnII012z2	Colombia	Antioquia	pacheco_montealegre_2020_colombia::An::II	12	144	0.083333333	early	wet			2	ILLUMINA	Illumina MiSeq	16S rRNA	V4	ENA sample_alias parsed with configured regex	true		MIMS Environmental/Metagenome sample from metagenome; Keywords: GSC:MIxS MIMS:5.0
pacheco_montealegre_2020_colombia	BactAnII012z1	SRR7899813	PRJNA492720	SAMN10112534	BactAnII012z1	Colombia	Antioquia	pacheco_montealegre_2020_colombia::An::II	12	144	0.083333333	early	wet			1	ILLUMINA	Illumina MiSeq	16S rRNA	V4	ENA sample_alias parsed with configured regex	true		MIMS Environmental/Metagenome sample from metagenome; Keywords: GSC:MIxS MIMS:5.0
pacheco_montealegre_2020_colombia	BactAnII000z2	SRR7899814	PRJNA492720	SAMN10112533	BactAnII000z2	Colombia	Antioquia	pacheco_montealegre_2020_colombia::An::II	0	144	0	early	wet			2	ILLUMINA	Illumina MiSeq	16S rRNA	V4	ENA sample_alias parsed with configured regex	true		MIMS Environmental/Metagenome sample from metagenome; Keywords: GSC:MIxS MIMS:5.0
pacheco_montealegre_2020_colombia	BactAnII000z1	SRR7899815	PRJNA492720	SAMN10112532	BactAnII000z1	Colombia	Antioquia	pacheco_montealegre_2020_colombia::An::II	0	144	0	early	wet			1	ILLUMINA	Illumina MiSeq	16S rRNA	V4	ENA sample_alias parsed with configured regex	true		MIMS Environmental/Metagenome sample from metagenome; Keywords: GSC:MIxS MIMS:5.0
pacheco_montealegre_2020_colombia	BactAnI132z2	SRR7899816	PRJNA492720	SAMN10112531	BactAnI132z2	Colombia	Antioquia	pacheco_montealegre_2020_colombia::An::I	132	132	1	late	dry			2	ILLUMINA	Illumina MiSeq	16S rRNA	V4	ENA sample_alias parsed with configured regex	true		MIMS Environmental/Metagenome sample from metagenome; Keywords: GSC:MIxS MIMS:5.0
pacheco_montealegre_2020_colombia	BactAnI132z1	SRR7899817	PRJNA492720	SAMN10112530	BactAnI132z1	Colombia	Antioquia	pacheco_montealegre_2020_colombia::An::I	132	132	1	late	dry			1	ILLUMINA	Illumina MiSeq	16S rRNA	V4	ENA sample_alias parsed with configured regex	true		MIMS Environmental/Metagenome sample from metagenome; Keywords: GSC:MIxS MIMS:5.0
pacheco_montealegre_2020_colombia	BactAnI120z2	SRR7899818	PRJNA492720	SAMN10112529	BactAnI120z2	Colombia	Antioquia	pacheco_montealegre_2020_colombia::An::I	120	132	0.90909091	late	dry			2	ILLUMINA	Illumina MiSeq	16S rRNA	V4	ENA sample_alias parsed with configured regex	true		MIMS Environmental/Metagenome sample from metagenome; Keywords: GSC:MIxS MIMS:5.0
pacheco_montealegre_2020_colombia	BactAnI120z1	SRR7899819	PRJNA492720	SAMN10112528	BactAnI120z1	Colombia	Antioquia	pacheco_montealegre_2020_colombia::An::I	120	132	0.90909091	late	dry			1	ILLUMINA	Illumina MiSeq	16S rRNA	V4	ENA sample_alias parsed with configured regex	true		MIMS Environmental/Metagenome sample from metagenome; Keywords: GSC:MIxS MIMS:5.0
pacheco_montealegre_2020_colombia	BactAnI024z2	SRR7899832	PRJNA492720	SAMN10112513	BactAnI024z2	Colombia	Antioquia	pacheco_montealegre_2020_colombia::An::I	24	132	0.18181818	early	dry			2	ILLUMINA	Illumina MiSeq	16S rRNA	V4	ENA sample_alias parsed with configured regex	true		MIMS Environmental/Metagenome sample from metagenome; Keywords: GSC:MIxS MIMS:5.0
pacheco_montealegre_2020_colombia	BactAnI012z1	SRR7899837	PRJNA492720	SAMN10112510	BactAnI012z1	Colombia	Antioquia	pacheco_montealegre_2020_colombia::An::I	12	132	0.090909091	early	dry			1	ILLUMINA	Illumina MiSeq	16S rRNA	V4	ENA sample_alias parsed with configured regex	true		MIMS Environmental/Metagenome sample from metagenome; Keywords: GSC:MIxS MIMS:5.0
pacheco_montealegre_2020_colombia	BactAnI012z2	SRR7899841	PRJNA492720	SAMN10112511	BactAnI012z2	Colombia	Antioquia	pacheco_montealegre_2020_colombia::An::I	12	132	0.090909091	early	dry			2	ILLUMINA	Illumina MiSeq	16S rRNA	V4	ENA sample_alias parsed with configured regex	true		MIMS Environmental/Metagenome sample from metagenome; Keywords: GSC:MIxS MIMS:5.0
pacheco_montealegre_2020_colombia	BactSaII000z2	SRR7899843	PRJNA492720	SAMN10112611	BactSaII000z2	Colombia	Santander	pacheco_montealegre_2020_colombia::Sa::II	0	132	0	early	wet			2	ILLUMINA	Illumina MiSeq	16S rRNA	V4	ENA sample_alias parsed with configured regex	true		MIMS Environmental/Metagenome sample from metagenome; Keywords: GSC:MIxS MIMS:5.0
pacheco_montealegre_2020_colombia	BactSaII000z1	SRR7899849	PRJNA492720	SAMN10112610	BactSaII000z1	Colombia	Santander	pacheco_montealegre_2020_colombia::Sa::II	0	132	0	early	wet			1	ILLUMINA	Illumina MiSeq	16S rRNA	V4	ENA sample_alias parsed with configured regex	true		MIMS Environmental/Metagenome sample from metagenome; Keywords: GSC:MIxS MIMS:5.0
pacheco_montealegre_2020_colombia	BactAnII084z1	SRR7899851	PRJNA492720	SAMN10112546	BactAnII084z1	Colombia	Antioquia	pacheco_montealegre_2020_colombia::An::II	84	144	0.58333333	mid	wet			1	ILLUMINA	Illumina MiSeq	16S rRNA	V4	ENA sample_alias parsed with configured regex	true		MIMS Environmental/Metagenome sample from metagenome; Keywords: GSC:MIxS MIMS:5.0
pacheco_montealegre_2020_colombia	BactAnII084z2	SRR7899852	PRJNA492720	SAMN10112547	BactAnII084z2	Colombia	Antioquia	pacheco_montealegre_2020_colombia::An::II	84	144	0.58333333	mid	wet			2	ILLUMINA	Illumina MiSeq	16S rRNA	V4	ENA sample_alias parsed with configured regex	true		MIMS Environmental/Metagenome sample from metagenome; Keywords: GSC:MIxS MIMS:5.0
pacheco_montealegre_2020_colombia	BactAnII036z1	SRR7899853	PRJNA492720	SAMN10112538	BactAnII036z1	Colombia	Antioquia	pacheco_montealegre_2020_colombia::An::II	36	144	0.25	early	wet			1	ILLUMINA	Illumina MiSeq	16S rRNA	V4	ENA sample_alias parsed with configured regex	true		MIMS Environmental/Metagenome sample from metagenome; Keywords: GSC:MIxS MIMS:5.0
pacheco_montealegre_2020_colombia	BactAnII036z2	SRR7899854	PRJNA492720	SAMN10112539	BactAnII036z2	Colombia	Antioquia	pacheco_montealegre_2020_colombia::An::II	36	144	0.25	early	wet			2	ILLUMINA	Illumina MiSeq	16S rRNA	V4	ENA sample_alias parsed with configured regex	true		MIMS Environmental/Metagenome sample from metagenome; Keywords: GSC:MIxS MIMS:5.0
pacheco_montealegre_2020_colombia	BactAnII048z1	SRR7899855	PRJNA492720	SAMN10112540	BactAnII048z1	Colombia	Antioquia	pacheco_montealegre_2020_colombia::An::II	48	144	0.33333333	mid	wet			1	ILLUMINA	Illumina MiSeq	16S rRNA	V4	ENA sample_alias parsed with configured regex	true		MIMS Environmental/Metagenome sample from metagenome; Keywords: GSC:MIxS MIMS:5.0
pacheco_montealegre_2020_colombia	BactAnII048z2	SRR7899856	PRJNA492720	SAMN10112541	BactAnII048z2	Colombia	Antioquia	pacheco_montealegre_2020_colombia::An::II	48	144	0.33333333	mid	wet			2	ILLUMINA	Illumina MiSeq	16S rRNA	V4	ENA sample_alias parsed with configured regex	true		MIMS Environmental/Metagenome sample from metagenome; Keywords: GSC:MIxS MIMS:5.0
pacheco_montealegre_2020_colombia	BactAnII060z1	SRR7899857	PRJNA492720	SAMN10112542	BactAnII060z1	Colombia	Antioquia	pacheco_montealegre_2020_colombia::An::II	60	144	0.41666667	mid	wet			1	ILLUMINA	Illumina MiSeq	16S rRNA	V4	ENA sample_alias parsed with configured regex	true		MIMS Environmental/Metagenome sample from metagenome; Keywords: GSC:MIxS MIMS:5.0
pacheco_montealegre_2020_colombia	BactAnII060z2	SRR7899858	PRJNA492720	SAMN10112543	BactAnII060z2	Colombia	Antioquia	pacheco_montealegre_2020_colombia::An::II	60	144	0.41666667	mid	wet			2	ILLUMINA	Illumina MiSeq	16S rRNA	V4	ENA sample_alias parsed with configured regex	true		MIMS Environmental/Metagenome sample from metagenome; Keywords: GSC:MIxS MIMS:5.0
pacheco_montealegre_2020_colombia	BactAnII072z1	SRR7899859	PRJNA492720	SAMN10112544	BactAnII072z1	Colombia	Antioquia	pacheco_montealegre_2020_colombia::An::II	72	144	0.5	mid	wet			1	ILLUMINA	Illumina MiSeq	16S rRNA	V4	ENA sample_alias parsed with configured regex	true		MIMS Environmental/Metagenome sample from metagenome; Keywords: GSC:MIxS MIMS:5.0
pacheco_montealegre_2020_colombia	BactAnII072z2	SRR7899860	PRJNA492720	SAMN10112545	BactAnII072z2	Colombia	Antioquia	pacheco_montealegre_2020_colombia::An::II	72	144	0.5	mid	wet			2	ILLUMINA	Illumina MiSeq	16S rRNA	V4	ENA sample_alias parsed with configured regex	true		MIMS Environmental/Metagenome sample from metagenome; Keywords: GSC:MIxS MIMS:5.0
pacheco_montealegre_2020_colombia	BactSaI072z1	SRR7899884	PRJNA492720	SAMN10112602	BactSaI072z1	Colombia	Santander	pacheco_montealegre_2020_colombia::Sa::I	72	108	0.66666667	late	dry			1	ILLUMINA	Illumina MiSeq	16S rRNA	V4	ENA sample_alias parsed with configured regex	true		MIMS Environmental/Metagenome sample from metagenome; Keywords: GSC:MIxS MIMS:5.0
pacheco_montealegre_2020_colombia	BactAnI096z1	SRR7899910	PRJNA492720	SAMN10112524	BactAnI096z1	Colombia	Antioquia	pacheco_montealegre_2020_colombia::An::I	96	132	0.72727273	late	dry			1	ILLUMINA	Illumina MiSeq	16S rRNA	V4	ENA sample_alias parsed with configured regex	true		MIMS Environmental/Metagenome sample from metagenome; Keywords: GSC:MIxS MIMS:5.0
pacheco_montealegre_2020_colombia	BactAnI096z2	SRR7899911	PRJNA492720	SAMN10112525	BactAnI096z2	Colombia	Antioquia	pacheco_montealegre_2020_colombia::An::I	96	132	0.72727273	late	dry			2	ILLUMINA	Illumina MiSeq	16S rRNA	V4	ENA sample_alias parsed with configured regex	true		MIMS Environmental/Metagenome sample from metagenome; Keywords: GSC:MIxS MIMS:5.0
pacheco_montealegre_2020_colombia	BactAnI084z1	SRR7899912	PRJNA492720	SAMN10112522	BactAnI084z1	Colombia	Antioquia	pacheco_montealegre_2020_colombia::An::I	84	132	0.63636364	mid	dry			1	ILLUMINA	Illumina MiSeq	16S rRNA	V4	ENA sample_alias parsed with configured regex	true		MIMS Environmental/Metagenome sample from metagenome; Keywords: GSC:MIxS MIMS:5.0
pacheco_montealegre_2020_colombia	BactAnI084z2	SRR7899913	PRJNA492720	SAMN10112523	BactAnI084z2	Colombia	Antioquia	pacheco_montealegre_2020_colombia::An::I	84	132	0.63636364	mid	dry			2	ILLUMINA	Illumina MiSeq	16S rRNA	V4	ENA sample_alias parsed with configured regex	true		MIMS Environmental/Metagenome sample from metagenome; Keywords: GSC:MIxS MIMS:5.0
pacheco_montealegre_2020_colombia	BactAnI072z1	SRR7899914	PRJNA492720	SAMN10112520	BactAnI072z1	Colombia	Antioquia	pacheco_montealegre_2020_colombia::An::I	72	132	0.54545455	mid	dry			1	ILLUMINA	Illumina MiSeq	16S rRNA	V4	ENA sample_alias parsed with configured regex	true		MIMS Environmental/Metagenome sample from metagenome; Keywords: GSC:MIxS MIMS:5.0
pacheco_montealegre_2020_colombia	BactAnI072z2	SRR7899915	PRJNA492720	SAMN10112521	BactAnI072z2	Colombia	Antioquia	pacheco_montealegre_2020_colombia::An::I	72	132	0.54545455	mid	dry			2	ILLUMINA	Illumina MiSeq	16S rRNA	V4	ENA sample_alias parsed with configured regex	true		MIMS Environmental/Metagenome sample from metagenome; Keywords: GSC:MIxS MIMS:5.0
pacheco_montealegre_2020_colombia	BactAnI060z1	SRR7899916	PRJNA492720	SAMN10112518	BactAnI060z1	Colombia	Antioquia	pacheco_montealegre_2020_colombia::An::I	60	132	0.45454545	mid	dry			1	ILLUMINA	Illumina MiSeq	16S rRNA	V4	ENA sample_alias parsed with configured regex	true		MIMS Environmental/Metagenome sample from metagenome; Keywords: GSC:MIxS MIMS:5.0
pacheco_montealegre_2020_colombia	BactAnI060z2	SRR7899917	PRJNA492720	SAMN10112519	BactAnI060z2	Colombia	Antioquia	pacheco_montealegre_2020_colombia::An::I	60	132	0.45454545	mid	dry			2	ILLUMINA	Illumina MiSeq	16S rRNA	V4	ENA sample_alias parsed with configured regex	true		MIMS Environmental/Metagenome sample from metagenome; Keywords: GSC:MIxS MIMS:5.0
pacheco_montealegre_2020_colombia	BactAnI108z1	SRR7899920	PRJNA492720	SAMN10112526	BactAnI108z1	Colombia	Antioquia	pacheco_montealegre_2020_colombia::An::I	108	132	0.81818182	late	dry			1	ILLUMINA	Illumina MiSeq	16S rRNA	V4	ENA sample_alias parsed with configured regex	true		MIMS Environmental/Metagenome sample from metagenome; Keywords: GSC:MIxS MIMS:5.0
pacheco_montealegre_2020_colombia	BactAnI108z2	SRR7899921	PRJNA492720	SAMN10112527	BactAnI108z2	Colombia	Antioquia	pacheco_montealegre_2020_colombia::An::I	108	132	0.81818182	late	dry			2	ILLUMINA	Illumina MiSeq	16S rRNA	V4	ENA sample_alias parsed with configured regex	true		MIMS Environmental/Metagenome sample from metagenome; Keywords: GSC:MIxS MIMS:5.0
van_de_voorde_2023_costa_rica_cr2019	F01T000	ERR10969266	PRJEB57747	SAMEA112152301	F01T000	Costa Rica	Heredia; cocoa pods from Upala	van_de_voorde_2023_costa_rica_cr2019::01	0	120	0	early	November 2019; transition between wet and dry season	Trinitario			PACBIO_SMRT	Sequel II	16S rRNA	full-length	ENA sample_alias parsed with configured regex	true		CR2019_F01T000; Full bacterial 16S rRNA gene and ITS1 region of the fungal ITS
van_de_voorde_2023_costa_rica_cr2019	F01T006	ERR10969267	PRJEB57747	SAMEA112152302	F01T006	Costa Rica	Heredia; cocoa pods from Upala	van_de_voorde_2023_costa_rica_cr2019::01	6	120	0.05	early	November 2019; transition between wet and dry season	Trinitario			PACBIO_SMRT	Sequel II	16S rRNA	full-length	ENA sample_alias parsed with configured regex	true		CR2019_F01T006; Full bacterial 16S rRNA gene and ITS1 region of the fungal ITS
van_de_voorde_2023_costa_rica_cr2019	F01T012	ERR10969268	PRJEB57747	SAMEA112152303	F01T012	Costa Rica	Heredia; cocoa pods from Upala	van_de_voorde_2023_costa_rica_cr2019::01	12	120	0.1	early	November 2019; transition between wet and dry season	Trinitario			PACBIO_SMRT	Sequel II	16S rRNA	full-length	ENA sample_alias parsed with configured regex	true		CR2019_F01T012; Full bacterial 16S rRNA gene and ITS1 region of the fungal ITS
van_de_voorde_2023_costa_rica_cr2019	F01T024	ERR10969269	PRJEB57747	SAMEA112152304	F01T024	Costa Rica	Heredia; cocoa pods from Upala	van_de_voorde_2023_costa_rica_cr2019::01	24	120	0.2	early	November 2019; transition between wet and dry season	Trinitario			PACBIO_SMRT	Sequel II	16S rRNA	full-length	ENA sample_alias parsed with configured regex	true		CR2019_F01T024; Full bacterial 16S rRNA gene and ITS1 region of the fungal ITS
van_de_voorde_2023_costa_rica_cr2019	F01T048	ERR10969270	PRJEB57747	SAMEA112152305	F01T048	Costa Rica	Heredia; cocoa pods from Upala	van_de_voorde_2023_costa_rica_cr2019::01	48	120	0.4	mid	November 2019; transition between wet and dry season	Trinitario			PACBIO_SMRT	Sequel II	16S rRNA	full-length	ENA sample_alias parsed with configured regex	true		CR2019_F01T048; Full bacterial 16S rRNA gene and ITS1 region of the fungal ITS
van_de_voorde_2023_costa_rica_cr2019	F01T072	ERR10969271	PRJEB57747	SAMEA112152306	F01T072	Costa Rica	Heredia; cocoa pods from Upala	van_de_voorde_2023_costa_rica_cr2019::01	72	120	0.6	mid	November 2019; transition between wet and dry season	Trinitario			PACBIO_SMRT	Sequel II	16S rRNA	full-length	ENA sample_alias parsed with configured regex	true		CR2019_F01T072; Full bacterial 16S rRNA gene
van_de_voorde_2023_costa_rica_cr2019	F01T096	ERR10969272	PRJEB57747	SAMEA112152307	F01T096	Costa Rica	Heredia; cocoa pods from Upala	van_de_voorde_2023_costa_rica_cr2019::01	96	120	0.8	late	November 2019; transition between wet and dry season	Trinitario			PACBIO_SMRT	Sequel II	16S rRNA	full-length	ENA sample_alias parsed with configured regex	true		CR2019_F01T096; Full bacterial 16S rRNA gene, ITS1 region of the fungal ITS, and metagenome
van_de_voorde_2023_costa_rica_cr2019	F01T120	ERR10969273	PRJEB57747	SAMEA112152308	F01T120	Costa Rica	Heredia; cocoa pods from Upala	van_de_voorde_2023_costa_rica_cr2019::01	120	120	1	late	November 2019; transition between wet and dry season	Trinitario			PACBIO_SMRT	Sequel II	16S rRNA	full-length	ENA sample_alias parsed with configured regex	true		CR2019_F01T120; Full bacterial 16S rRNA gene, ITS1 region of the fungal ITS, and metagenome
van_de_voorde_2023_costa_rica_cr2019	F02T000	ERR10969274	PRJEB57747	SAMEA112152309	F02T000	Costa Rica	Heredia; cocoa pods from Upala	van_de_voorde_2023_costa_rica_cr2019::02	0	120	0	early	November 2019; transition between wet and dry season	Trinitario			PACBIO_SMRT	Sequel II	16S rRNA	full-length	ENA sample_alias parsed with configured regex	true		CR2019_F02T000; Full bacterial 16S rRNA gene and ITS1 region of the fungal ITS
van_de_voorde_2023_costa_rica_cr2019	F02T006	ERR10969275	PRJEB57747	SAMEA112152310	F02T006	Costa Rica	Heredia; cocoa pods from Upala	van_de_voorde_2023_costa_rica_cr2019::02	6	120	0.05	early	November 2019; transition between wet and dry season	Trinitario			PACBIO_SMRT	Sequel II	16S rRNA	full-length	ENA sample_alias parsed with configured regex	true		CR2019_F02T006; Full bacterial 16S rRNA gene and ITS1 region of the fungal ITS
van_de_voorde_2023_costa_rica_cr2019	F02T012	ERR10969276	PRJEB57747	SAMEA112152311	F02T012	Costa Rica	Heredia; cocoa pods from Upala	van_de_voorde_2023_costa_rica_cr2019::02	12	120	0.1	early	November 2019; transition between wet and dry season	Trinitario			PACBIO_SMRT	Sequel II	16S rRNA	full-length	ENA sample_alias parsed with configured regex	true		CR2019_F02T012; Full bacterial 16S rRNA gene and ITS1 region of the fungal ITS
van_de_voorde_2023_costa_rica_cr2019	F02T024	ERR10969277	PRJEB57747	SAMEA112152312	F02T024	Costa Rica	Heredia; cocoa pods from Upala	van_de_voorde_2023_costa_rica_cr2019::02	24	120	0.2	early	November 2019; transition between wet and dry season	Trinitario			PACBIO_SMRT	Sequel II	16S rRNA	full-length	ENA sample_alias parsed with configured regex	true		CR2019_F02T024; Full bacterial 16S rRNA gene and ITS1 region of the fungal ITS
van_de_voorde_2023_costa_rica_cr2019	F02T048	ERR10969278	PRJEB57747	SAMEA112152313	F02T048	Costa Rica	Heredia; cocoa pods from Upala	van_de_voorde_2023_costa_rica_cr2019::02	48	120	0.4	mid	November 2019; transition between wet and dry season	Trinitario			PACBIO_SMRT	Sequel II	16S rRNA	full-length	ENA sample_alias parsed with configured regex	true		CR2019_F02T048; Full bacterial 16S rRNA gene and ITS1 region of the fungal ITS
van_de_voorde_2023_costa_rica_cr2019	F02T072	ERR10969279	PRJEB57747	SAMEA112152314	F02T072	Costa Rica	Heredia; cocoa pods from Upala	van_de_voorde_2023_costa_rica_cr2019::02	72	120	0.6	mid	November 2019; transition between wet and dry season	Trinitario			PACBIO_SMRT	Sequel II	16S rRNA	full-length	ENA sample_alias parsed with configured regex	true		CR2019_F02T072; Full bacterial 16S rRNA gene, ITS1 region of the fungal ITS, and metagenome
van_de_voorde_2023_costa_rica_cr2019	F02T096	ERR10969280	PRJEB57747	SAMEA112152315	F02T096	Costa Rica	Heredia; cocoa pods from Upala	van_de_voorde_2023_costa_rica_cr2019::02	96	120	0.8	late	November 2019; transition between wet and dry season	Trinitario			PACBIO_SMRT	Sequel II	16S rRNA	full-length	ENA sample_alias parsed with configured regex	true		CR2019_F02T096; Full bacterial 16S rRNA gene, ITS1 region of the fungal ITS, and metagenome
van_de_voorde_2023_costa_rica_cr2019	F02T120	ERR10969281	PRJEB57747	SAMEA112152316	F02T120	Costa Rica	Heredia; cocoa pods from Upala	van_de_voorde_2023_costa_rica_cr2019::02	120	120	1	late	November 2019; transition between wet and dry season	Trinitario			PACBIO_SMRT	Sequel II	16S rRNA	full-length	ENA sample_alias parsed with configured regex	true		CR2019_F02T120; Full bacterial 16S rRNA gene, ITS1 region of the fungal ITS, and metagenome
