study_id	pseudocount	sample_id	asv_id	clr
pacheco_montealegre_2020_colombia	1	BactAnI000z1	pacheco_montealegre_2020_colombia__ASV000002	-0.308134394473316
pacheco_montealegre_2020_colombia	1	BactAnII000z2	pacheco_montealegre_2020_colombia__ASV000002	-0.494934956419754
pacheco_montealegre_2020_colombia	1	BactSaI036z2	pacheco_montealegre_2020_colombia__ASV000002	-1.09242761537305
pacheco_montealegre_2020_colombia	1	BactSaII048z1	pacheco_montealegre_2020_colombia__ASV000002	0.797518304121714
pacheco_montealegre_2020_colombia	1	BactSaI072z1	pacheco_montealegre_2020_colombia__ASV000002	-0.541899239298275
pacheco_montealegre_2020_colombia	1	BactAnI096z2	pacheco_montealegre_2020_colombia__ASV000002	-0.149667847853664
pacheco_montealegre_2020_colombia	1	BactAnI000z1	pacheco_montealegre_2020_colombia__ASV000004	-0.308134394473316
pacheco_montealegre_2020_colombia	1	BactAnII000z2	pacheco_montealegre_2020_colombia__ASV000004	-0.494934956419754
pacheco_montealegre_2020_colombia	1	BactSaI036z2	pacheco_montealegre_2020_colombia__ASV000004	-1.09242761537305
pacheco_montealegre_2020_colombia	1	BactSaII048z1	pacheco_montealegre_2020_colombia__ASV000004	0.370074289294775
pacheco_montealegre_2020_colombia	1	BactSaI072z1	pacheco_montealegre_2020_colombia__ASV000004	-0.541899239298275
pacheco_montealegre_2020_colombia	1	BactAnI096z2	pacheco_montealegre_2020_colombia__ASV000004	-0.149667847853664
pacheco_montealegre_2020_colombia	1	BactAnI000z1	pacheco_montealegre_2020_colombia__ASV000005	-0.308134394473316
pacheco_montealegre_2020_colombia	1	BactAnII000z2	pacheco_montealegre_2020_colombia__ASV000005	-0.494934956419754
pacheco_montealegre_2020_colombia	1	BactSaI036z2	pacheco_montealegre_2020_colombia__ASV000005	2.66877250032051
pacheco_montealegre_2020_colombia	1	BactSaII048z1	pacheco_montealegre_2020_colombia__ASV000005	-2.33797591180744
pacheco_montealegre_2020_colombia	1	BactSaI072z1	pacheco_montealegre_2020_colombia__ASV000005	-0.541899239298275
pacheco_montealegre_2020_colombia	1	BactAnI096z2	pacheco_montealegre_2020_colombia__ASV000005	-0.149667847853664
pacheco_montealegre_2020_colombia	1	BactAnI000z1	pacheco_montealegre_2020_colombia__ASV000006	-0.308134394473316
pacheco_montealegre_2020_colombia	1	BactAnII000z2	pacheco_montealegre_2020_colombia__ASV000006	-0.494934956419754
pacheco_montealegre_2020_colombia	1	BactSaI036z2	pacheco_montealegre_2020_colombia__ASV000006	-1.09242761537305
pacheco_montealegre_2020_colombia	1	BactSaII048z1	pacheco_montealegre_2020_colombia__ASV000006	1.39969370647593
pacheco_montealegre_2020_colombia	1	BactSaI072z1	pacheco_montealegre_2020_colombia__ASV000006	-0.541899239298275
pacheco_montealegre_2020_colombia	1	BactAnI096z2	pacheco_montealegre_2020_colombia__ASV000006	-0.149667847853664
pacheco_montealegre_2020_colombia	1	BactAnI000z1	pacheco_montealegre_2020_colombia__ASV000008	-0.308134394473316
pacheco_montealegre_2020_colombia	1	BactAnII000z2	pacheco_montealegre_2020_colombia__ASV000008	-0.494934956419754
pacheco_montealegre_2020_colombia	1	BactSaI036z2	pacheco_montealegre_2020_colombia__ASV000008	-1.09242761537305
pacheco_montealegre_2020_colombia	1	BactSaII048z1	pacheco_montealegre_2020_colombia__ASV000008	1.12775999099229
pacheco_montealegre_2020_colombia	1	BactSaI072z1	pacheco_montealegre_2020_colombia__ASV000008	-0.541899239298275
pacheco_montealegre_2020_colombia	1	BactAnI096z2	pacheco_montealegre_2020_colombia__ASV000008	-0.149667847853664
pacheco_montealegre_2020_colombia	1	BactAnI000z1	pacheco_montealegre_2020_colombia__ASV000009	-0.308134394473316
pacheco_montealegre_2020_colombia	1	BactAnII000z2	pacheco_montealegre_2020_colombia__ASV000009	-0.494934956419754
pacheco_montealegre_2020_colombia	1	BactSaI036z2	pacheco_montealegre_2020_colombia__ASV000009	-1.09242761537305
pacheco_montealegre_2020_colombia	1	BactSaII048z1	pacheco_montealegre_2020_colombia__ASV000009	-2.33797591180744
pacheco_montealegre_2020_colombia	1	BactSaI072z1	pacheco_montealegre_2020_colombia__ASV000009	3.447084807266
pacheco_montealegre_2020_colombia	1	BactAnI096z2	pacheco_montealegre_2020_colombia__ASV000009	-0.149667847853664
pacheco_montealegre_2020_colombia	1	BactAnI000z1	pacheco_montealegre_2020_colombia__ASV000010	-0.308134394473316
pacheco_montealegre_2020_colombia	1	BactAnII000z2	pacheco_montealegre_2020_colombia__ASV000010	-0.494934956419754
pacheco_montealegre_2020_colombia	1	BactSaI036z2	pacheco_montealegre_2020_colombia__ASV000010	-1.09242761537305
pacheco_montealegre_2020_colombia	1	BactSaII048z1	pacheco_montealegre_2020_colombia__ASV000010	1.09601129267771
pacheco_montealegre_2020_colombia	1	BactSaI072z1	pacheco_montealegre_2020_colombia__ASV000010	-0.541899239298275
pacheco_montealegre_2020_colombia	1	BactAnI096z2	pacheco_montealegre_2020_colombia__ASV000010	-0.149667847853664
pacheco_montealegre_2020_colombia	1	BactAnI000z1	pacheco_montealegre_2020_colombia__ASV000011	-0.308134394473316
pacheco_montealegre_2020_colombia	1	BactAnII000z2	pacheco_montealegre_2020_colombia__ASV000011	-0.494934956419754
pacheco_montealegre_2020_colombia	1	BactSaI036z2	pacheco_montealegre_2020_colombia__ASV000011	2.73621378111604
pacheco_montealegre_2020_colombia	1	BactSaII048z1	pacheco_montealegre_2020_colombia__ASV000011	-2.33797591180744
pacheco_montealegre_2020_colombia	1	BactSaI072z1	pacheco_montealegre_2020_colombia__ASV000011	-0.541899239298275
pacheco_montealegre_2020_colombia	1	BactAnI096z2	pacheco_montealegre_2020_colombia__ASV000011	-0.149667847853664
pacheco_montealegre_2020_colombia	1	BactAnI000z1	pacheco_montealegre_2020_colombia__ASV000012	-0.308134394473316
pacheco_montealegre_2020_colombia	1	BactAnII000z2	pacheco_montealegre_2020_colombia__ASV000012	-0.494934956419754
pacheco_montealegre_2020_colombia	1	BactSaI036z2	pacheco_montealegre_2020_colombia__ASV000012	-1.09242761537305
pacheco_montealegre_2020_colombia	1	BactSaII048z1	pacheco_montealegre_2020_colombia__ASV000012	2.2263722796604
pacheco_montealegre_2020_colombia	1	BactSaI072z1	pacheco_montealegre_2020_colombia__ASV000012	-0.541899239298275
pacheco_montealegre_2020_colombia	1	BactAnI096z2	pacheco_montealegre_2020_colombia__ASV000012	-0.149667847853664
pacheco_montealegre_2020_colombia	1	BactAnI000z1	pacheco_montealegre_2020_colombia__ASV000013	-0.308134394473316
pacheco_montealegre_2020_colombia	1	BactAnII000z2	pacheco_montealegre_2020_colombia__ASV000013	-0.494934956419754
pacheco_montealegre_2020_colombia	1	BactSaI036z2	pacheco_montealegre_2020_colombia__ASV000013	4.07235835855046
pacheco_montealegre_2020_colombia	1	BactSaII048z1	pacheco_montealegre_2020_colombia__ASV000013	-2.33797591180744
pacheco_montealegre_2020_colombia	1	BactSaI072z1	pacheco_montealegre_2020_colombia__ASV000013	-0.541899239298275
pacheco_montealegre_2020_colombia	1	BactAnI096z2	pacheco_montealegre_2020_colombia__ASV000013	-0.149667847853664
pacheco_montealegre_2020_colombia	1	BactAnI000z1	pacheco_montealegre_2020_colombia__ASV000014	-0.308134394473316
pacheco_montealegre_2020_colombia	1	BactAnII000z2	pacheco_montealegre_2020_colombia__ASV000014	-0.494934956419754
pacheco_montealegre_2020_colombia	1	BactSaI036z2	pacheco_montealegre_2020_colombia__ASV000014	-1.09242761537305
pacheco_montealegre_2020_colombia	1	BactSaII048z1	pacheco_montealegre_2020_colombia__ASV000014	1.29961024791895
pacheco_montealegre_2020_colombia	1	BactSaI072z1	pacheco_montealegre_2020_colombia__ASV000014	-0.541899239298275
pacheco_montealegre_2020_colombia	1	BactAnI096z2	pacheco_montealegre_2020_colombia__ASV000014	-0.149667847853664
pacheco_montealegre_2020_colombia	1	BactAnI000z1	pacheco_montealegre_2020_colombia__ASV000015	-0.308134394473316
pacheco_montealegre_2020_colombia	1	BactAnII000z2	pacheco_montealegre_2020_colombia__ASV000015	-0.494934956419754
pacheco_montealegre_2020_colombia	1	BactSaI036z2	pacheco_montealegre_2020_colombia__ASV000015	-1.09242761537305
pacheco_montealegre_2020_colombia	1	BactSaII048z1	pacheco_montealegre_2020_colombia__ASV000015	-2.33797591180744
pacheco_montealegre_2020_colombia	1	BactSaI072z1	pacheco_montealegre_2020_colombia__ASV000015	4.30228784716032
pacheco_montealegre_2020_colombia	1	BactAnI096z2	pacheco_montealegre_2020_colombia__ASV000015	-0.149667847853664
pacheco_montealegre_2020_colombia	1	BactAnI000z1	pacheco_montealegre_2020_colombia__ASV000016	-0.308134394473316
pacheco_montealegre_2020_colombia	1	BactAnII000z2	pacheco_montealegre_2020_colombia__ASV000016	-0.494934956419754
pacheco_montealegre_2020_colombia	1	BactSaI036z2	pacheco_montealegre_2020_colombia__ASV000016	-1.09242761537305
pacheco_montealegre_2020_colombia	1	BactSaII048z1	pacheco_montealegre_2020_colombia__ASV000016	-2.33797591180744
pacheco_montealegre_2020_colombia	1	BactSaI072z1	pacheco_montealegre_2020_colombia__ASV000016	-0.541899239298275
pacheco_montealegre_2020_colombia	1	BactAnI096z2	pacheco_montealegre_2020_colombia__ASV000016	9.58711555878359
pacheco_montealegre_2020_colombia	1	BactAnI000z1	pacheco_montealegre_2020_colombia__ASV000017	-0.308134394473316
pacheco_montealegre_2020_colombia	1	BactAnII000z2	pacheco_montealegre_2020_colombia__ASV000017	-0.494934956419754
pacheco_montealegre_2020_colombia	1	BactSaI036z2	pacheco_montealegre_2020_colombia__ASV000017	3.97016741765392
pacheco_montealegre_2020_colombia	1	BactSaII048z1	pacheco_montealegre_2020_colombia__ASV000017	-2.33797591180744
pacheco_montealegre_2020_colombia	1	BactSaI072z1	pacheco_montealegre_2020_colombia__ASV000017	-0.541899239298275
pacheco_montealegre_2020_colombia	1	BactAnI096z2	pacheco_montealegre_2020_colombia__ASV000017	-0.149667847853664
pacheco_montealegre_2020_colombia	1	BactAnI000z1	pacheco_montealegre_2020_colombia__ASV000018	-0.308134394473316
pacheco_montealegre_2020_colombia	1	BactAnII000z2	pacheco_montealegre_2020_colombia__ASV000018	-0.494934956419754
pacheco_montealegre_2020_colombia	1	BactSaI036z2	pacheco_montealegre_2020_colombia__ASV000018	-1.09242761537305
pacheco_montealegre_2020_colombia	1	BactSaII048z1	pacheco_montealegre_2020_colombia__ASV000018	1.66935727342504
pacheco_montealegre_2020_colombia	1	BactSaI072z1	pacheco_montealegre_2020_colombia__ASV000018	-0.541899239298275
pacheco_montealegre_2020_colombia	1	BactAnI096z2	pacheco_montealegre_2020_colombia__ASV000018	-0.149667847853664
pacheco_montealegre_2020_colombia	1	BactAnI000z1	pacheco_montealegre_2020_colombia__ASV000019	-0.308134394473316
pacheco_montealegre_2020_colombia	1	BactAnII000z2	pacheco_montealegre_2020_colombia__ASV000019	-0.494934956419754
pacheco_montealegre_2020_colombia	1	BactSaI036z2	pacheco_montealegre_2020_colombia__ASV000019	2.91490556985942
pacheco_montealegre_2020_colombia	1	BactSaII048z1	pacheco_montealegre_2020_colombia__ASV000019	-2.33797591180744
pacheco_montealegre_2020_colombia	1	BactSaI072z1	pacheco_montealegre_2020_colombia__ASV000019	-0.541899239298275
pacheco_montealegre_2020_colombia	1	BactAnI096z2	pacheco_montealegre_2020_colombia__ASV000019	-0.149667847853664
pacheco_montealegre_2020_colombia	1	BactAnI000z1	pacheco_montealegre_2020_colombia__ASV000021	-0.308134394473316
pacheco_montealegre_2020_colombia	1	BactAnII000z2	pacheco_montealegre_2020_colombia__ASV000021	-0.494934956419754
pacheco_montealegre_2020_colombia	1	BactSaI036z2	pacheco_montealegre_2020_colombia__ASV000021	-1.09242761537305
pacheco_montealegre_2020_colombia	1	BactSaII048z1	pacheco_montealegre_2020_colombia__ASV000021	-2.33797591180744
pacheco_montealegre_2020_colombia	1	BactSaI072z1	pacheco_montealegre_2020_colombia__ASV000021	3.32930177160962
pacheco_montealegre_2020_colombia	1	BactAnI096z2	pacheco_montealegre_2020_colombia__ASV000021	-0.149667847853664
pacheco_montealegre_2020_colombia	1	BactAnI000z1	pacheco_montealegre_2020_colombia__ASV000022	-0.308134394473316
pacheco_montealegre_2020_colombia	1	BactAnII000z2	pacheco_montealegre_2020_colombia__ASV000022	-0.494934956419754
pacheco_montealegre_2020_colombia	1	BactSaI036z2	pacheco_montealegre_2020_colombia__ASV000022	-1.09242761537305
pacheco_montealegre_2020_colombia	1	BactSaII048z1	pacheco_montealegre_2020_colombia__ASV000022	4.48856931174916
pacheco_montealegre_2020_colombia	1	BactSaI072z1	pacheco_montealegre_2020_colombia__ASV000022	-0.541899239298275
pacheco_montealegre_2020_colombia	1	BactAnI096z2	pacheco_montealegre_2020_colombia__ASV000022	-0.149667847853664
pacheco_montealegre_2020_colombia	1	BactAnI000z1	pacheco_montealegre_2020_colombia__ASV000023	-0.308134394473316
pacheco_montealegre_2020_colombia	1	BactAnII000z2	pacheco_montealegre_2020_colombia__ASV000023	-0.494934956419754
pacheco_montealegre_2020_colombia	1	BactSaI036z2	pacheco_montealegre_2020_colombia__ASV000023	-1.09242761537305
pacheco_montealegre_2020_colombia	1	BactSaII048z1	pacheco_montealegre_2020_colombia__ASV000023	4.88750556097486
pacheco_montealegre_2020_colombia	1	BactSaI072z1	pacheco_montealegre_2020_colombia__ASV000023	-0.541899239298275
pacheco_montealegre_2020_colombia	1	BactAnI096z2	pacheco_montealegre_2020_colombia__ASV000023	-0.149667847853664
pacheco_montealegre_2020_colombia	1	BactAnI000z1	pacheco_montealegre_2020_colombia__ASV000024	-0.308134394473316
pacheco_montealegre_2020_colombia	1	BactAnII000z2	pacheco_montealegre_2020_colombia__ASV000024	-0.494934956419754
pacheco_montealegre_2020_colombia	1	BactSaI036z2	pacheco_montealegre_2020_colombia__ASV000024	-1.09242761537305
pacheco_montealegre_2020_colombia	1	BactSaII048z1	pacheco_montealegre_2020_colombia__ASV000024	1.89613059278982
pacheco_montealegre_2020_colombia	1	BactSaI072z1	pacheco_montealegre_2020_colombia__ASV000024	-0.541899239298275
pacheco_montealegre_2020_colombia	1	BactAnI096z2	pacheco_montealegre_2020_colombia__ASV000024	-0.149667847853664
pacheco_montealegre_2020_colombia	1	BactAnI000z1	pacheco_montealegre_2020_colombia__ASV000025	-0.308134394473316
pacheco_montealegre_2020_colombia	1	BactAnII000z2	pacheco_montealegre_2020_colombia__ASV000025	-0.494934956419754
pacheco_montealegre_2020_colombia	1	BactSaI036z2	pacheco_montealegre_2020_colombia__ASV000025	-1.09242761537305
pacheco_montealegre_2020_colombia	1	BactSaII048z1	pacheco_montealegre_2020_colombia__ASV000025	3.63328592798303
pacheco_montealegre_2020_colombia	1	BactSaI072z1	pacheco_montealegre_2020_colombia__ASV000025	-0.541899239298275
pacheco_montealegre_2020_colombia	1	BactAnI096z2	pacheco_montealegre_2020_colombia__ASV000025	-0.149667847853664
pacheco_montealegre_2020_colombia	1	BactAnI000z1	pacheco_montealegre_2020_colombia__ASV000026	-0.308134394473316
pacheco_montealegre_2020_colombia	1	BactAnII000z2	pacheco_montealegre_2020_colombia__ASV000026	-0.494934956419754
pacheco_montealegre_2020_colombia	1	BactSaI036z2	pacheco_montealegre_2020_colombia__ASV000026	2.71423487439727
pacheco_montealegre_2020_colombia	1	BactSaII048z1	pacheco_montealegre_2020_colombia__ASV000026	-2.33797591180744
pacheco_montealegre_2020_colombia	1	BactSaI072z1	pacheco_montealegre_2020_colombia__ASV000026	-0.541899239298275
pacheco_montealegre_2020_colombia	1	BactAnI096z2	pacheco_montealegre_2020_colombia__ASV000026	-0.149667847853664
pacheco_montealegre_2020_colombia	1	BactAnI000z1	pacheco_montealegre_2020_colombia__ASV000027	-0.308134394473316
pacheco_montealegre_2020_colombia	1	BactAnII000z2	pacheco_montealegre_2020_colombia__ASV000027	-0.494934956419754
pacheco_montealegre_2020_colombia	1	BactSaI036z2	pacheco_montealegre_2020_colombia__ASV000027	5.4812525515876
pacheco_montealegre_2020_colombia	1	BactSaII048z1	pacheco_montealegre_2020_colombia__ASV000027	-2.33797591180744
pacheco_montealegre_2020_colombia	1	BactSaI072z1	pacheco_montealegre_2020_colombia__ASV000027	-0.541899239298275
pacheco_montealegre_2020_colombia	1	BactAnI096z2	pacheco_montealegre_2020_colombia__ASV000027	-0.149667847853664
pacheco_montealegre_2020_colombia	1	BactAnI000z1	pacheco_montealegre_2020_colombia__ASV000028	2.73638804325011
pacheco_montealegre_2020_colombia	1	BactAnII000z2	pacheco_montealegre_2020_colombia__ASV000028	-0.494934956419754
pacheco_montealegre_2020_colombia	1	BactSaI036z2	pacheco_montealegre_2020_colombia__ASV000028	-1.09242761537305
pacheco_montealegre_2020_colombia	1	BactSaII048z1	pacheco_montealegre_2020_colombia__ASV000028	7.30784134234488
pacheco_montealegre_2020_colombia	1	BactSaI072z1	pacheco_montealegre_2020_colombia__ASV000028	-0.541899239298275
pacheco_montealegre_2020_colombia	1	BactAnI096z2	pacheco_montealegre_2020_colombia__ASV000028	-0.149667847853664
pacheco_montealegre_2020_colombia	1	BactAnI000z1	pacheco_montealegre_2020_colombia__ASV000029	-0.308134394473316
pacheco_montealegre_2020_colombia	1	BactAnII000z2	pacheco_montealegre_2020_colombia__ASV000029	-0.494934956419754
pacheco_montealegre_2020_colombia	1	BactSaI036z2	pacheco_montealegre_2020_colombia__ASV000029	-1.09242761537305
pacheco_montealegre_2020_colombia	1	BactSaII048z1	pacheco_montealegre_2020_colombia__ASV000029	-2.33797591180744
pacheco_montealegre_2020_colombia	1	BactSaI072z1	pacheco_montealegre_2020_colombia__ASV000029	3.19577037898509
pacheco_montealegre_2020_colombia	1	BactAnI096z2	pacheco_montealegre_2020_colombia__ASV000029	-0.149667847853664
pacheco_montealegre_2020_colombia	1	BactAnI000z1	pacheco_montealegre_2020_colombia__ASV000030	-0.308134394473316
pacheco_montealegre_2020_colombia	1	BactAnII000z2	pacheco_montealegre_2020_colombia__ASV000030	-0.494934956419754
pacheco_montealegre_2020_colombia	1	BactSaI036z2	pacheco_montealegre_2020_colombia__ASV000030	-1.09242761537305
pacheco_montealegre_2020_colombia	1	BactSaII048z1	pacheco_montealegre_2020_colombia__ASV000030	-2.33797591180744
pacheco_montealegre_2020_colombia	1	BactSaI072z1	pacheco_montealegre_2020_colombia__ASV000030	4.69984777576137
pacheco_montealegre_2020_colombia	1	BactAnI096z2	pacheco_montealegre_2020_colombia__ASV000030	-0.149667847853664
pacheco_montealegre_2020_colombia	1	BactAnI000z1	pacheco_montealegre_2020_colombia__ASV000031	-0.308134394473316
pacheco_montealegre_2020_colombia	1	BactAnII000z2	pacheco_montealegre_2020_colombia__ASV000031	-0.494934956419754
pacheco_montealegre_2020_colombia	1	BactSaI036z2	pacheco_montealegre_2020_colombia__ASV000031	3.58970361175117
pacheco_montealegre_2020_colombia	1	BactSaII048z1	pacheco_montealegre_2020_colombia__ASV000031	-2.33797591180744
pacheco_montealegre_2020_colombia	1	BactSaI072z1	pacheco_montealegre_2020_colombia__ASV000031	-0.541899239298275
pacheco_montealegre_2020_colombia	1	BactAnI096z2	pacheco_montealegre_2020_colombia__ASV000031	-0.149667847853664
pacheco_montealegre_2020_colombia	1	BactAnI000z1	pacheco_montealegre_2020_colombia__ASV000032	-0.308134394473316
pacheco_montealegre_2020_colombia	1	BactAnII000z2	pacheco_montealegre_2020_colombia__ASV000032	-0.494934956419754
pacheco_montealegre_2020_colombia	1	BactSaI036z2	pacheco_montealegre_2020_colombia__ASV000032	-1.09242761537305
pacheco_montealegre_2020_colombia	1	BactSaII048z1	pacheco_montealegre_2020_colombia__ASV000032	1.3509035423065
pacheco_montealegre_2020_colombia	1	BactSaI072z1	pacheco_montealegre_2020_colombia__ASV000032	-0.541899239298275
pacheco_montealegre_2020_colombia	1	BactAnI096z2	pacheco_montealegre_2020_colombia__ASV000032	-0.149667847853664
pacheco_montealegre_2020_colombia	1	BactAnI000z1	pacheco_montealegre_2020_colombia__ASV000033	-0.308134394473316
pacheco_montealegre_2020_colombia	1	BactAnII000z2	pacheco_montealegre_2020_colombia__ASV000033	-0.494934956419754
pacheco_montealegre_2020_colombia	1	BactSaI036z2	pacheco_montealegre_2020_colombia__ASV000033	-1.09242761537305
pacheco_montealegre_2020_colombia	1	BactSaII048z1	pacheco_montealegre_2020_colombia__ASV000033	3.13848764012408
pacheco_montealegre_2020_colombia	1	BactSaI072z1	pacheco_montealegre_2020_colombia__ASV000033	-0.541899239298275
pacheco_montealegre_2020_colombia	1	BactAnI096z2	pacheco_montealegre_2020_colombia__ASV000033	-0.149667847853664
pacheco_montealegre_2020_colombia	1	BactAnI000z1	pacheco_montealegre_2020_colombia__ASV000034	-0.308134394473316
pacheco_montealegre_2020_colombia	1	BactAnII000z2	pacheco_montealegre_2020_colombia__ASV000034	-0.494934956419754
pacheco_montealegre_2020_colombia	1	BactSaI036z2	pacheco_montealegre_2020_colombia__ASV000034	-1.09242761537305
pacheco_montealegre_2020_colombia	1	BactSaII048z1	pacheco_montealegre_2020_colombia__ASV000034	-2.33797591180744
pacheco_montealegre_2020_colombia	1	BactSaI072z1	pacheco_montealegre_2020_colombia__ASV000034	3.40934447928315
pacheco_montealegre_2020_colombia	1	BactAnI096z2	pacheco_montealegre_2020_colombia__ASV000034	-0.149667847853664
pacheco_montealegre_2020_colombia	1	BactAnI000z1	pacheco_montealegre_2020_colombia__ASV000035	-0.308134394473316
pacheco_montealegre_2020_colombia	1	BactAnII000z2	pacheco_montealegre_2020_colombia__ASV000035	-0.494934956419754
pacheco_montealegre_2020_colombia	1	BactSaI036z2	pacheco_montealegre_2020_colombia__ASV000035	-1.09242761537305
pacheco_montealegre_2020_colombia	1	BactSaII048z1	pacheco_montealegre_2020_colombia__ASV000035	3.06470147006484
pacheco_montealegre_2020_colombia	1	BactSaI072z1	pacheco_montealegre_2020_colombia__ASV000035	-0.541899239298275
pacheco_montealegre_2020_colombia	1	BactAnI096z2	pacheco_montealegre_2020_colombia__ASV000035	-0.149667847853664
pacheco_montealegre_2020_colombia	1	BactAnI000z1	pacheco_montealegre_2020_colombia__ASV000036	-0.308134394473316
pacheco_montealegre_2020_colombia	1	BactAnII000z2	pacheco_montealegre_2020_colombia__ASV000036	-0.494934956419754
pacheco_montealegre_2020_colombia	1	BactSaI036z2	pacheco_montealegre_2020_colombia__ASV000036	-1.09242761537305
pacheco_montealegre_2020_colombia	1	BactSaII048z1	pacheco_montealegre_2020_colombia__ASV000036	2.06874333545682
pacheco_montealegre_2020_colombia	1	BactSaI072z1	pacheco_montealegre_2020_colombia__ASV000036	-0.541899239298275
pacheco_montealegre_2020_colombia	1	BactAnI096z2	pacheco_montealegre_2020_colombia__ASV000036	-0.149667847853664
pacheco_montealegre_2020_colombia	1	BactAnI000z1	pacheco_montealegre_2020_colombia__ASV000038	-0.308134394473316
pacheco_montealegre_2020_colombia	1	BactAnII000z2	pacheco_montealegre_2020_colombia__ASV000038	-0.494934956419754
pacheco_montealegre_2020_colombia	1	BactSaI036z2	pacheco_montealegre_2020_colombia__ASV000038	-1.09242761537305
pacheco_montealegre_2020_colombia	1	BactSaII048z1	pacheco_montealegre_2020_colombia__ASV000038	0.797518304121714
pacheco_montealegre_2020_colombia	1	BactSaI072z1	pacheco_montealegre_2020_colombia__ASV000038	-0.541899239298275
pacheco_montealegre_2020_colombia	1	BactAnI096z2	pacheco_montealegre_2020_colombia__ASV000038	-0.149667847853664
pacheco_montealegre_2020_colombia	1	BactAnI000z1	pacheco_montealegre_2020_colombia__ASV000039	-0.308134394473316
pacheco_montealegre_2020_colombia	1	BactAnII000z2	pacheco_montealegre_2020_colombia__ASV000039	2.68311887392819
pacheco_montealegre_2020_colombia	1	BactSaI036z2	pacheco_montealegre_2020_colombia__ASV000039	-1.09242761537305
pacheco_montealegre_2020_colombia	1	BactSaII048z1	pacheco_montealegre_2020_colombia__ASV000039	-2.33797591180744
pacheco_montealegre_2020_colombia	1	BactSaI072z1	pacheco_montealegre_2020_colombia__ASV000039	-0.541899239298275
pacheco_montealegre_2020_colombia	1	BactAnI096z2	pacheco_montealegre_2020_colombia__ASV000039	-0.149667847853664
pacheco_montealegre_2020_colombia	1	BactAnI000z1	pacheco_montealegre_2020_colombia__ASV000040	-0.308134394473316
pacheco_montealegre_2020_colombia	1	BactAnII000z2	pacheco_montealegre_2020_colombia__ASV000040	-0.494934956419754
pacheco_montealegre_2020_colombia	1	BactSaI036z2	pacheco_montealegre_2020_colombia__ASV000040	3.98897674961141
pacheco_montealegre_2020_colombia	1	BactSaII048z1	pacheco_montealegre_2020_colombia__ASV000040	-2.33797591180744
pacheco_montealegre_2020_colombia	1	BactSaI072z1	pacheco_montealegre_2020_colombia__ASV000040	-0.541899239298275
pacheco_montealegre_2020_colombia	1	BactAnI096z2	pacheco_montealegre_2020_colombia__ASV000040	-0.149667847853664
pacheco_montealegre_2020_colombia	1	BactAnI000z1	pacheco_montealegre_2020_colombia__ASV000041	-0.308134394473316
pacheco_montealegre_2020_colombia	1	BactAnII000z2	pacheco_montealegre_2020_colombia__ASV000041	-0.494934956419754
pacheco_montealegre_2020_colombia	1	BactSaI036z2	pacheco_montealegre_2020_colombia__ASV000041	-1.09242761537305
pacheco_montealegre_2020_colombia	1	BactSaII048z1	pacheco_montealegre_2020_colombia__ASV000041	3.80620972231821
pacheco_montealegre_2020_colombia	1	BactSaI072z1	pacheco_montealegre_2020_colombia__ASV000041	-0.541899239298275
pacheco_montealegre_2020_colombia	1	BactAnI096z2	pacheco_montealegre_2020_colombia__ASV000041	-0.149667847853664
pacheco_montealegre_2020_colombia	1	BactAnI000z1	pacheco_montealegre_2020_colombia__ASV000042	-0.308134394473316
pacheco_montealegre_2020_colombia	1	BactAnII000z2	pacheco_montealegre_2020_colombia__ASV000042	-0.494934956419754
pacheco_montealegre_2020_colombia	1	BactSaI036z2	pacheco_montealegre_2020_colombia__ASV000042	-1.09242761537305
pacheco_montealegre_2020_colombia	1	BactSaII048z1	pacheco_montealegre_2020_colombia__ASV000042	2.49033782549487
pacheco_montealegre_2020_colombia	1	BactSaI072z1	pacheco_montealegre_2020_colombia__ASV000042	-0.541899239298275
pacheco_montealegre_2020_colombia	1	BactAnI096z2	pacheco_montealegre_2020_colombia__ASV000042	-0.149667847853664
pacheco_montealegre_2020_colombia	1	BactAnI000z1	pacheco_montealegre_2020_colombia__ASV000043	-0.308134394473316
pacheco_montealegre_2020_colombia	1	BactAnII000z2	pacheco_montealegre_2020_colombia__ASV000043	-0.494934956419754
pacheco_montealegre_2020_colombia	1	BactSaI036z2	pacheco_montealegre_2020_colombia__ASV000043	-1.09242761537305
pacheco_montealegre_2020_colombia	1	BactSaII048z1	pacheco_montealegre_2020_colombia__ASV000043	4.30841460304029
pacheco_montealegre_2020_colombia	1	BactSaI072z1	pacheco_montealegre_2020_colombia__ASV000043	-0.541899239298275
pacheco_montealegre_2020_colombia	1	BactAnI096z2	pacheco_montealegre_2020_colombia__ASV000043	-0.149667847853664
pacheco_montealegre_2020_colombia	1	BactAnI000z1	pacheco_montealegre_2020_colombia__ASV000044	-0.308134394473316
pacheco_montealegre_2020_colombia	1	BactAnII000z2	pacheco_montealegre_2020_colombia__ASV000044	-0.494934956419754
pacheco_montealegre_2020_colombia	1	BactSaI036z2	pacheco_montealegre_2020_colombia__ASV000044	-1.09242761537305
pacheco_montealegre_2020_colombia	1	BactSaII048z1	pacheco_montealegre_2020_colombia__ASV000044	-2.33797591180744
pacheco_montealegre_2020_colombia	1	BactSaI072z1	pacheco_montealegre_2020_colombia__ASV000044	5.09645543003547
pacheco_montealegre_2020_colombia	1	BactAnI096z2	pacheco_montealegre_2020_colombia__ASV000044	-0.149667847853664
pacheco_montealegre_2020_colombia	1	BactAnI000z1	pacheco_montealegre_2020_colombia__ASV000045	-0.308134394473316
pacheco_montealegre_2020_colombia	1	BactAnII000z2	pacheco_montealegre_2020_colombia__ASV000045	-0.494934956419754
pacheco_montealegre_2020_colombia	1	BactSaI036z2	pacheco_montealegre_2020_colombia__ASV000045	9.35073537403312
pacheco_montealegre_2020_colombia	1	BactSaII048z1	pacheco_montealegre_2020_colombia__ASV000045	-2.33797591180744
pacheco_montealegre_2020_colombia	1	BactSaI072z1	pacheco_montealegre_2020_colombia__ASV000045	9.41037847740728
pacheco_montealegre_2020_colombia	1	BactAnI096z2	pacheco_montealegre_2020_colombia__ASV000045	-0.149667847853664
pacheco_montealegre_2020_colombia	1	BactAnI000z1	pacheco_montealegre_2020_colombia__ASV000046	-0.308134394473316
pacheco_montealegre_2020_colombia	1	BactAnII000z2	pacheco_montealegre_2020_colombia__ASV000046	2.83726955375545
pacheco_montealegre_2020_colombia	1	BactSaI036z2	pacheco_montealegre_2020_colombia__ASV000046	-1.09242761537305
pacheco_montealegre_2020_colombia	1	BactSaII048z1	pacheco_montealegre_2020_colombia__ASV000046	-2.33797591180744
pacheco_montealegre_2020_colombia	1	BactSaI072z1	pacheco_montealegre_2020_colombia__ASV000046	-0.541899239298275
pacheco_montealegre_2020_colombia	1	BactAnI096z2	pacheco_montealegre_2020_colombia__ASV000046	-0.149667847853664
pacheco_montealegre_2020_colombia	1	BactAnI000z1	pacheco_montealegre_2020_colombia__ASV000047	-0.308134394473316
pacheco_montealegre_2020_colombia	1	BactAnII000z2	pacheco_montealegre_2020_colombia__ASV000047	2.59610749693856
pacheco_montealegre_2020_colombia	1	BactSaI036z2	pacheco_montealegre_2020_colombia__ASV000047	-1.09242761537305
pacheco_montealegre_2020_colombia	1	BactSaII048z1	pacheco_montealegre_2020_colombia__ASV000047	-2.33797591180744
pacheco_montealegre_2020_colombia	1	BactSaI072z1	pacheco_montealegre_2020_colombia__ASV000047	-0.541899239298275
pacheco_montealegre_2020_colombia	1	BactAnI096z2	pacheco_montealegre_2020_colombia__ASV000047	-0.149667847853664
pacheco_montealegre_2020_colombia	1	BactAnI000z1	pacheco_montealegre_2020_colombia__ASV000048	-0.308134394473316
pacheco_montealegre_2020_colombia	1	BactAnII000z2	pacheco_montealegre_2020_colombia__ASV000048	-0.494934956419754
pacheco_montealegre_2020_colombia	1	BactSaI036z2	pacheco_montealegre_2020_colombia__ASV000048	-1.09242761537305
pacheco_montealegre_2020_colombia	1	BactSaII048z1	pacheco_montealegre_2020_colombia__ASV000048	0.706546525915988
pacheco_montealegre_2020_colombia	1	BactSaI072z1	pacheco_montealegre_2020_colombia__ASV000048	-0.541899239298275
pacheco_montealegre_2020_colombia	1	BactAnI096z2	pacheco_montealegre_2020_colombia__ASV000048	-0.149667847853664
pacheco_montealegre_2020_colombia	1	BactAnI000z1	pacheco_montealegre_2020_colombia__ASV000049	-0.308134394473316
pacheco_montealegre_2020_colombia	1	BactAnII000z2	pacheco_montealegre_2020_colombia__ASV000049	2.76316158160173
pacheco_montealegre_2020_colombia	1	BactSaI036z2	pacheco_montealegre_2020_colombia__ASV000049	-1.09242761537305
pacheco_montealegre_2020_colombia	1	BactSaII048z1	pacheco_montealegre_2020_colombia__ASV000049	-2.33797591180744
pacheco_montealegre_2020_colombia	1	BactSaI072z1	pacheco_montealegre_2020_colombia__ASV000049	-0.541899239298275
pacheco_montealegre_2020_colombia	1	BactAnI096z2	pacheco_montealegre_2020_colombia__ASV000049	-0.149667847853664
pacheco_montealegre_2020_colombia	1	BactAnI000z1	pacheco_montealegre_2020_colombia__ASV000050	-0.308134394473316
pacheco_montealegre_2020_colombia	1	BactAnII000z2	pacheco_montealegre_2020_colombia__ASV000050	-0.494934956419754
pacheco_montealegre_2020_colombia	1	BactSaI036z2	pacheco_montealegre_2020_colombia__ASV000050	-1.09242761537305
pacheco_montealegre_2020_colombia	1	BactSaII048z1	pacheco_montealegre_2020_colombia__ASV000050	0.226973445654101
pacheco_montealegre_2020_colombia	1	BactSaI072z1	pacheco_montealegre_2020_colombia__ASV000050	-0.541899239298275
pacheco_montealegre_2020_colombia	1	BactAnI096z2	pacheco_montealegre_2020_colombia__ASV000050	-0.149667847853664
pacheco_montealegre_2020_colombia	1	BactAnI000z1	pacheco_montealegre_2020_colombia__ASV000051	-0.308134394473316
pacheco_montealegre_2020_colombia	1	BactAnII000z2	pacheco_montealegre_2020_colombia__ASV000051	-0.494934956419754
pacheco_montealegre_2020_colombia	1	BactSaI036z2	pacheco_montealegre_2020_colombia__ASV000051	-1.09242761537305
pacheco_montealegre_2020_colombia	1	BactSaII048z1	pacheco_montealegre_2020_colombia__ASV000051	-0.2585343701276
pacheco_montealegre_2020_colombia	1	BactSaI072z1	pacheco_montealegre_2020_colombia__ASV000051	-0.541899239298275
pacheco_montealegre_2020_colombia	1	BactAnI096z2	pacheco_montealegre_2020_colombia__ASV000051	-0.149667847853664
pacheco_montealegre_2020_colombia	1	BactAnI000z1	pacheco_montealegre_2020_colombia__ASV000052	-0.308134394473316
pacheco_montealegre_2020_colombia	1	BactAnII000z2	pacheco_montealegre_2020_colombia__ASV000052	-0.494934956419754
pacheco_montealegre_2020_colombia	1	BactSaI036z2	pacheco_montealegre_2020_colombia__ASV000052	-1.09242761537305
pacheco_montealegre_2020_colombia	1	BactSaII048z1	pacheco_montealegre_2020_colombia__ASV000052	1.61326780677399
pacheco_montealegre_2020_colombia	1	BactSaI072z1	pacheco_montealegre_2020_colombia__ASV000052	-0.541899239298275
pacheco_montealegre_2020_colombia	1	BactAnI096z2	pacheco_montealegre_2020_colombia__ASV000052	-0.149667847853664
pacheco_montealegre_2020_colombia	1	BactAnI000z1	pacheco_montealegre_2020_colombia__ASV000053	-0.308134394473316
pacheco_montealegre_2020_colombia	1	BactAnII000z2	pacheco_montealegre_2020_colombia__ASV000053	7.68762430764891
pacheco_montealegre_2020_colombia	1	BactSaI036z2	pacheco_montealegre_2020_colombia__ASV000053	-1.09242761537305
pacheco_montealegre_2020_colombia	1	BactSaII048z1	pacheco_montealegre_2020_colombia__ASV000053	3.80406149377992
pacheco_montealegre_2020_colombia	1	BactSaI072z1	pacheco_montealegre_2020_colombia__ASV000053	-0.541899239298275
pacheco_montealegre_2020_colombia	1	BactAnI096z2	pacheco_montealegre_2020_colombia__ASV000053	-0.149667847853664
pacheco_montealegre_2020_colombia	1	BactAnI000z1	pacheco_montealegre_2020_colombia__ASV000054	8.75149936007816
pacheco_montealegre_2020_colombia	1	BactAnII000z2	pacheco_montealegre_2020_colombia__ASV000054	8.67656063173286
pacheco_montealegre_2020_colombia	1	BactSaI036z2	pacheco_montealegre_2020_colombia__ASV000054	-1.09242761537305
pacheco_montealegre_2020_colombia	1	BactSaII048z1	pacheco_montealegre_2020_colombia__ASV000054	-2.33797591180744
pacheco_montealegre_2020_colombia	1	BactSaI072z1	pacheco_montealegre_2020_colombia__ASV000054	-0.541899239298275
pacheco_montealegre_2020_colombia	1	BactAnI096z2	pacheco_montealegre_2020_colombia__ASV000054	-0.149667847853664
pacheco_montealegre_2020_colombia	1	BactAnI000z1	pacheco_montealegre_2020_colombia__ASV000055	-0.308134394473316
pacheco_montealegre_2020_colombia	1	BactAnII000z2	pacheco_montealegre_2020_colombia__ASV000055	-0.494934956419754
pacheco_montealegre_2020_colombia	1	BactSaI036z2	pacheco_montealegre_2020_colombia__ASV000055	3.55196328376832
pacheco_montealegre_2020_colombia	1	BactSaII048z1	pacheco_montealegre_2020_colombia__ASV000055	-2.33797591180744
pacheco_montealegre_2020_colombia	1	BactSaI072z1	pacheco_montealegre_2020_colombia__ASV000055	-0.541899239298275
pacheco_montealegre_2020_colombia	1	BactAnI096z2	pacheco_montealegre_2020_colombia__ASV000055	-0.149667847853664
pacheco_montealegre_2020_colombia	1	BactAnI000z1	pacheco_montealegre_2020_colombia__ASV000056	-0.308134394473316
pacheco_montealegre_2020_colombia	1	BactAnII000z2	pacheco_montealegre_2020_colombia__ASV000056	-0.494934956419754
pacheco_montealegre_2020_colombia	1	BactSaI036z2	pacheco_montealegre_2020_colombia__ASV000056	-1.09242761537305
pacheco_montealegre_2020_colombia	1	BactSaII048z1	pacheco_montealegre_2020_colombia__ASV000056	0.920120626214047
pacheco_montealegre_2020_colombia	1	BactSaI072z1	pacheco_montealegre_2020_colombia__ASV000056	-0.541899239298275
pacheco_montealegre_2020_colombia	1	BactAnI096z2	pacheco_montealegre_2020_colombia__ASV000056	-0.149667847853664
pacheco_montealegre_2020_colombia	1	BactAnI000z1	pacheco_montealegre_2020_colombia__ASV000057	4.16920242000489
pacheco_montealegre_2020_colombia	1	BactAnII000z2	pacheco_montealegre_2020_colombia__ASV000057	-0.494934956419754
pacheco_montealegre_2020_colombia	1	BactSaI036z2	pacheco_montealegre_2020_colombia__ASV000057	-1.09242761537305
pacheco_montealegre_2020_colombia	1	BactSaII048z1	pacheco_montealegre_2020_colombia__ASV000057	-2.33797591180744
pacheco_montealegre_2020_colombia	1	BactSaI072z1	pacheco_montealegre_2020_colombia__ASV000057	-0.541899239298275
pacheco_montealegre_2020_colombia	1	BactAnI096z2	pacheco_montealegre_2020_colombia__ASV000057	-0.149667847853664
pacheco_montealegre_2020_colombia	1	BactAnI000z1	pacheco_montealegre_2020_colombia__ASV000058	-0.308134394473316
pacheco_montealegre_2020_colombia	1	BactAnII000z2	pacheco_montealegre_2020_colombia__ASV000058	5.28580855937257
pacheco_montealegre_2020_colombia	1	BactSaI036z2	pacheco_montealegre_2020_colombia__ASV000058	-1.09242761537305
pacheco_montealegre_2020_colombia	1	BactSaII048z1	pacheco_montealegre_2020_colombia__ASV000058	-2.33797591180744
pacheco_montealegre_2020_colombia	1	BactSaI072z1	pacheco_montealegre_2020_colombia__ASV000058	-0.541899239298275
pacheco_montealegre_2020_colombia	1	BactAnI096z2	pacheco_montealegre_2020_colombia__ASV000058	-0.149667847853664
pacheco_montealegre_2020_colombia	1	BactAnI000z1	pacheco_montealegre_2020_colombia__ASV000059	-0.308134394473316
pacheco_montealegre_2020_colombia	1	BactAnII000z2	pacheco_montealegre_2020_colombia__ASV000059	4.76256041560803
pacheco_montealegre_2020_colombia	1	BactSaI036z2	pacheco_montealegre_2020_colombia__ASV000059	-1.09242761537305
pacheco_montealegre_2020_colombia	1	BactSaII048z1	pacheco_montealegre_2020_colombia__ASV000059	-2.33797591180744
pacheco_montealegre_2020_colombia	1	BactSaI072z1	pacheco_montealegre_2020_colombia__ASV000059	-0.541899239298275
pacheco_montealegre_2020_colombia	1	BactAnI096z2	pacheco_montealegre_2020_colombia__ASV000059	-0.149667847853664
pacheco_montealegre_2020_colombia	1	BactAnI000z1	pacheco_montealegre_2020_colombia__ASV000060	-0.308134394473316
pacheco_montealegre_2020_colombia	1	BactAnII000z2	pacheco_montealegre_2020_colombia__ASV000060	-0.494934956419754
pacheco_montealegre_2020_colombia	1	BactSaI036z2	pacheco_montealegre_2020_colombia__ASV000060	-1.09242761537305
pacheco_montealegre_2020_colombia	1	BactSaII048z1	pacheco_montealegre_2020_colombia__ASV000060	1.29961024791895
pacheco_montealegre_2020_colombia	1	BactSaI072z1	pacheco_montealegre_2020_colombia__ASV000060	-0.541899239298275
pacheco_montealegre_2020_colombia	1	BactAnI096z2	pacheco_montealegre_2020_colombia__ASV000060	-0.149667847853664
pacheco_montealegre_2020_colombia	1	BactAnI000z1	pacheco_montealegre_2020_colombia__ASV000061	-0.308134394473316
pacheco_montealegre_2020_colombia	1	BactAnII000z2	pacheco_montealegre_2020_colombia__ASV000061	-0.494934956419754
pacheco_montealegre_2020_colombia	1	BactSaI036z2	pacheco_montealegre_2020_colombia__ASV000061	1.74078572868317
pacheco_montealegre_2020_colombia	1	BactSaII048z1	pacheco_montealegre_2020_colombia__ASV000061	-2.33797591180744
pacheco_montealegre_2020_colombia	1	BactSaI072z1	pacheco_montealegre_2020_colombia__ASV000061	-0.541899239298275
pacheco_montealegre_2020_colombia	1	BactAnI096z2	pacheco_montealegre_2020_colombia__ASV000061	-0.149667847853664
pacheco_montealegre_2020_colombia	1	BactAnI000z1	pacheco_montealegre_2020_colombia__ASV000062	-0.308134394473316
pacheco_montealegre_2020_colombia	1	BactAnII000z2	pacheco_montealegre_2020_colombia__ASV000062	-0.494934956419754
pacheco_montealegre_2020_colombia	1	BactSaI036z2	pacheco_montealegre_2020_colombia__ASV000062	-1.09242761537305
pacheco_montealegre_2020_colombia	1	BactSaII048z1	pacheco_montealegre_2020_colombia__ASV000062	1.42322420388613
pacheco_montealegre_2020_colombia	1	BactSaI072z1	pacheco_montealegre_2020_colombia__ASV000062	-0.541899239298275
pacheco_montealegre_2020_colombia	1	BactAnI096z2	pacheco_montealegre_2020_colombia__ASV000062	-0.149667847853664
pacheco_montealegre_2020_colombia	1	BactAnI000z1	pacheco_montealegre_2020_colombia__ASV000063	-0.308134394473316
pacheco_montealegre_2020_colombia	1	BactAnII000z2	pacheco_montealegre_2020_colombia__ASV000063	-0.494934956419754
pacheco_montealegre_2020_colombia	1	BactSaI036z2	pacheco_montealegre_2020_colombia__ASV000063	-1.09242761537305
pacheco_montealegre_2020_colombia	1	BactSaII048z1	pacheco_montealegre_2020_colombia__ASV000063	0.657756361746555
pacheco_montealegre_2020_colombia	1	BactSaI072z1	pacheco_montealegre_2020_colombia__ASV000063	-0.541899239298275
pacheco_montealegre_2020_colombia	1	BactAnI096z2	pacheco_montealegre_2020_colombia__ASV000063	-0.149667847853664
pacheco_montealegre_2020_colombia	1	BactAnI000z1	pacheco_montealegre_2020_colombia__ASV000064	-0.308134394473316
pacheco_montealegre_2020_colombia	1	BactAnII000z2	pacheco_montealegre_2020_colombia__ASV000064	-0.494934956419754
pacheco_montealegre_2020_colombia	1	BactSaI036z2	pacheco_montealegre_2020_colombia__ASV000064	-1.09242761537305
pacheco_montealegre_2020_colombia	1	BactSaII048z1	pacheco_montealegre_2020_colombia__ASV000064	1.02931991817904
pacheco_montealegre_2020_colombia	1	BactSaI072z1	pacheco_montealegre_2020_colombia__ASV000064	-0.541899239298275
pacheco_montealegre_2020_colombia	1	BactAnI096z2	pacheco_montealegre_2020_colombia__ASV000064	-0.149667847853664
pacheco_montealegre_2020_colombia	1	BactAnI000z1	pacheco_montealegre_2020_colombia__ASV000065	-0.308134394473316
pacheco_montealegre_2020_colombia	1	BactAnII000z2	pacheco_montealegre_2020_colombia__ASV000065	-0.494934956419754
pacheco_montealegre_2020_colombia	1	BactSaI036z2	pacheco_montealegre_2020_colombia__ASV000065	-1.09242761537305
pacheco_montealegre_2020_colombia	1	BactSaII048z1	pacheco_montealegre_2020_colombia__ASV000065	-2.33797591180744
pacheco_montealegre_2020_colombia	1	BactSaI072z1	pacheco_montealegre_2020_colombia__ASV000065	3.14698021481566
pacheco_montealegre_2020_colombia	1	BactAnI096z2	pacheco_montealegre_2020_colombia__ASV000065	-0.149667847853664
pacheco_montealegre_2020_colombia	1	BactAnI000z1	pacheco_montealegre_2020_colombia__ASV000066	-0.308134394473316
pacheco_montealegre_2020_colombia	1	BactAnII000z2	pacheco_montealegre_2020_colombia__ASV000066	-0.494934956419754
pacheco_montealegre_2020_colombia	1	BactSaI036z2	pacheco_montealegre_2020_colombia__ASV000066	-1.09242761537305
pacheco_montealegre_2020_colombia	1	BactSaII048z1	pacheco_montealegre_2020_colombia__ASV000066	2.89846605102251
pacheco_montealegre_2020_colombia	1	BactSaI072z1	pacheco_montealegre_2020_colombia__ASV000066	-0.541899239298275
pacheco_montealegre_2020_colombia	1	BactAnI096z2	pacheco_montealegre_2020_colombia__ASV000066	-0.149667847853664
pacheco_montealegre_2020_colombia	1	BactAnI000z1	pacheco_montealegre_2020_colombia__ASV000067	-0.308134394473316
pacheco_montealegre_2020_colombia	1	BactAnII000z2	pacheco_montealegre_2020_colombia__ASV000067	-0.494934956419754
pacheco_montealegre_2020_colombia	1	BactSaI036z2	pacheco_montealegre_2020_colombia__ASV000067	-1.09242761537305
pacheco_montealegre_2020_colombia	1	BactSaII048z1	pacheco_montealegre_2020_colombia__ASV000067	2.27714460503382
pacheco_montealegre_2020_colombia	1	BactSaI072z1	pacheco_montealegre_2020_colombia__ASV000067	-0.541899239298275
pacheco_montealegre_2020_colombia	1	BactAnI096z2	pacheco_montealegre_2020_colombia__ASV000067	-0.149667847853664
pacheco_montealegre_2020_colombia	1	BactAnI000z1	pacheco_montealegre_2020_colombia__ASV000068	-0.308134394473316
pacheco_montealegre_2020_colombia	1	BactAnII000z2	pacheco_montealegre_2020_colombia__ASV000068	-0.494934956419754
pacheco_montealegre_2020_colombia	1	BactSaI036z2	pacheco_montealegre_2020_colombia__ASV000068	-1.09242761537305
pacheco_montealegre_2020_colombia	1	BactSaII048z1	pacheco_montealegre_2020_colombia__ASV000068	0.552395846088729
pacheco_montealegre_2020_colombia	1	BactSaI072z1	pacheco_montealegre_2020_colombia__ASV000068	-0.541899239298275
pacheco_montealegre_2020_colombia	1	BactAnI096z2	pacheco_montealegre_2020_colombia__ASV000068	-0.149667847853664
pacheco_montealegre_2020_colombia	1	BactAnI000z1	pacheco_montealegre_2020_colombia__ASV000069	-0.308134394473316
pacheco_montealegre_2020_colombia	1	BactAnII000z2	pacheco_montealegre_2020_colombia__ASV000069	-0.494934956419754
pacheco_montealegre_2020_colombia	1	BactSaI036z2	pacheco_montealegre_2020_colombia__ASV000069	-1.09242761537305
pacheco_montealegre_2020_colombia	1	BactSaII048z1	pacheco_montealegre_2020_colombia__ASV000069	5.02657110244821
pacheco_montealegre_2020_colombia	1	BactSaI072z1	pacheco_montealegre_2020_colombia__ASV000069	-0.541899239298275
pacheco_montealegre_2020_colombia	1	BactAnI096z2	pacheco_montealegre_2020_colombia__ASV000069	-0.149667847853664
pacheco_montealegre_2020_colombia	1	BactAnI000z1	pacheco_montealegre_2020_colombia__ASV000070	-0.308134394473316
pacheco_montealegre_2020_colombia	1	BactAnII000z2	pacheco_montealegre_2020_colombia__ASV000070	-0.494934956419754
pacheco_montealegre_2020_colombia	1	BactSaI036z2	pacheco_montealegre_2020_colombia__ASV000070	3.33838918347026
pacheco_montealegre_2020_colombia	1	BactSaII048z1	pacheco_montealegre_2020_colombia__ASV000070	-2.33797591180744
pacheco_montealegre_2020_colombia	1	BactSaI072z1	pacheco_montealegre_2020_colombia__ASV000070	-0.541899239298275
pacheco_montealegre_2020_colombia	1	BactAnI096z2	pacheco_montealegre_2020_colombia__ASV000070	-0.149667847853664
pacheco_montealegre_2020_colombia	1	BactAnI000z1	pacheco_montealegre_2020_colombia__ASV000071	-0.308134394473316
pacheco_montealegre_2020_colombia	1	BactAnII000z2	pacheco_montealegre_2020_colombia__ASV000071	-0.494934956419754
pacheco_montealegre_2020_colombia	1	BactSaI036z2	pacheco_montealegre_2020_colombia__ASV000071	2.62114445133126
pacheco_montealegre_2020_colombia	1	BactSaII048z1	pacheco_montealegre_2020_colombia__ASV000071	3.10010339711576
pacheco_montealegre_2020_colombia	1	BactSaI072z1	pacheco_montealegre_2020_colombia__ASV000071	-0.541899239298275
pacheco_montealegre_2020_colombia	1	BactAnI096z2	pacheco_montealegre_2020_colombia__ASV000071	-0.149667847853664
pacheco_montealegre_2020_colombia	1	BactAnI000z1	pacheco_montealegre_2020_colombia__ASV000072	5.83175015775294
pacheco_montealegre_2020_colombia	1	BactAnII000z2	pacheco_montealegre_2020_colombia__ASV000072	-0.494934956419754
pacheco_montealegre_2020_colombia	1	BactSaI036z2	pacheco_montealegre_2020_colombia__ASV000072	-1.09242761537305
pacheco_montealegre_2020_colombia	1	BactSaII048z1	pacheco_montealegre_2020_colombia__ASV000072	-2.33797591180744
pacheco_montealegre_2020_colombia	1	BactSaI072z1	pacheco_montealegre_2020_colombia__ASV000072	-0.541899239298275
pacheco_montealegre_2020_colombia	1	BactAnI096z2	pacheco_montealegre_2020_colombia__ASV000072	-0.149667847853664
pacheco_montealegre_2020_colombia	1	BactAnI000z1	pacheco_montealegre_2020_colombia__ASV000073	-0.308134394473316
pacheco_montealegre_2020_colombia	1	BactAnII000z2	pacheco_montealegre_2020_colombia__ASV000073	-0.494934956419754
pacheco_montealegre_2020_colombia	1	BactSaI036z2	pacheco_montealegre_2020_colombia__ASV000073	-1.09242761537305
pacheco_montealegre_2020_colombia	1	BactSaII048z1	pacheco_montealegre_2020_colombia__ASV000073	3.27879518585914
pacheco_montealegre_2020_colombia	1	BactSaI072z1	pacheco_montealegre_2020_colombia__ASV000073	-0.541899239298275
pacheco_montealegre_2020_colombia	1	BactAnI096z2	pacheco_montealegre_2020_colombia__ASV000073	-0.149667847853664
pacheco_montealegre_2020_colombia	1	BactAnI000z1	pacheco_montealegre_2020_colombia__ASV000074	4.08631476019912
pacheco_montealegre_2020_colombia	1	BactAnII000z2	pacheco_montealegre_2020_colombia__ASV000074	-0.494934956419754
pacheco_montealegre_2020_colombia	1	BactSaI036z2	pacheco_montealegre_2020_colombia__ASV000074	-1.09242761537305
pacheco_montealegre_2020_colombia	1	BactSaII048z1	pacheco_montealegre_2020_colombia__ASV000074	-2.33797591180744
pacheco_montealegre_2020_colombia	1	BactSaI072z1	pacheco_montealegre_2020_colombia__ASV000074	-0.541899239298275
pacheco_montealegre_2020_colombia	1	BactAnI096z2	pacheco_montealegre_2020_colombia__ASV000074	-0.149667847853664
pacheco_montealegre_2020_colombia	1	BactAnI000z1	pacheco_montealegre_2020_colombia__ASV000075	-0.308134394473316
pacheco_montealegre_2020_colombia	1	BactAnII000z2	pacheco_montealegre_2020_colombia__ASV000075	-0.494934956419754
pacheco_montealegre_2020_colombia	1	BactSaI036z2	pacheco_montealegre_2020_colombia__ASV000075	-1.09242761537305
pacheco_montealegre_2020_colombia	1	BactSaII048z1	pacheco_montealegre_2020_colombia__ASV000075	0.606463067359005
pacheco_montealegre_2020_colombia	1	BactSaI072z1	pacheco_montealegre_2020_colombia__ASV000075	-0.541899239298275
pacheco_montealegre_2020_colombia	1	BactAnI096z2	pacheco_montealegre_2020_colombia__ASV000075	-0.149667847853664
pacheco_montealegre_2020_colombia	1	BactAnI000z1	pacheco_montealegre_2020_colombia__ASV000076	-0.308134394473316
pacheco_montealegre_2020_colombia	1	BactAnII000z2	pacheco_montealegre_2020_colombia__ASV000076	-0.494934956419754
pacheco_montealegre_2020_colombia	1	BactSaI036z2	pacheco_montealegre_2020_colombia__ASV000076	-1.09242761537305
pacheco_montealegre_2020_colombia	1	BactSaII048z1	pacheco_montealegre_2020_colombia__ASV000076	0.0599193609909352
pacheco_montealegre_2020_colombia	1	BactSaI072z1	pacheco_montealegre_2020_colombia__ASV000076	-0.541899239298275
pacheco_montealegre_2020_colombia	1	BactAnI096z2	pacheco_montealegre_2020_colombia__ASV000076	-0.149667847853664
pacheco_montealegre_2020_colombia	1	BactAnI000z1	pacheco_montealegre_2020_colombia__ASV000077	-0.308134394473316
pacheco_montealegre_2020_colombia	1	BactAnII000z2	pacheco_montealegre_2020_colombia__ASV000077	-0.494934956419754
pacheco_montealegre_2020_colombia	1	BactSaI036z2	pacheco_montealegre_2020_colombia__ASV000077	3.7979215128487
pacheco_montealegre_2020_colombia	1	BactSaII048z1	pacheco_montealegre_2020_colombia__ASV000077	-2.33797591180744
pacheco_montealegre_2020_colombia	1	BactSaI072z1	pacheco_montealegre_2020_colombia__ASV000077	-0.541899239298275
pacheco_montealegre_2020_colombia	1	BactAnI096z2	pacheco_montealegre_2020_colombia__ASV000077	-0.149667847853664
pacheco_montealegre_2020_colombia	1	BactAnI000z1	pacheco_montealegre_2020_colombia__ASV000078	-0.308134394473316
pacheco_montealegre_2020_colombia	1	BactAnII000z2	pacheco_montealegre_2020_colombia__ASV000078	-0.494934956419754
pacheco_montealegre_2020_colombia	1	BactSaI036z2	pacheco_montealegre_2020_colombia__ASV000078	-1.09242761537305
pacheco_montealegre_2020_colombia	1	BactSaII048z1	pacheco_montealegre_2020_colombia__ASV000078	-2.33797591180744
pacheco_montealegre_2020_colombia	1	BactSaI072z1	pacheco_montealegre_2020_colombia__ASV000078	2.23068948294151
pacheco_montealegre_2020_colombia	1	BactAnI096z2	pacheco_montealegre_2020_colombia__ASV000078	-0.149667847853664
pacheco_montealegre_2020_colombia	1	BactAnI000z1	pacheco_montealegre_2020_colombia__ASV000079	-0.308134394473316
pacheco_montealegre_2020_colombia	1	BactAnII000z2	pacheco_montealegre_2020_colombia__ASV000079	-0.494934956419754
pacheco_montealegre_2020_colombia	1	BactSaI036z2	pacheco_montealegre_2020_colombia__ASV000079	-1.09242761537305
pacheco_montealegre_2020_colombia	1	BactSaII048z1	pacheco_montealegre_2020_colombia__ASV000079	4.64023783082326
pacheco_montealegre_2020_colombia	1	BactSaI072z1	pacheco_montealegre_2020_colombia__ASV000079	-0.541899239298275
pacheco_montealegre_2020_colombia	1	BactAnI096z2	pacheco_montealegre_2020_colombia__ASV000079	-0.149667847853664
pacheco_montealegre_2020_colombia	1	BactAnI000z1	pacheco_montealegre_2020_colombia__ASV000080	-0.308134394473316
pacheco_montealegre_2020_colombia	1	BactAnII000z2	pacheco_montealegre_2020_colombia__ASV000080	-0.494934956419754
pacheco_montealegre_2020_colombia	1	BactSaI036z2	pacheco_montealegre_2020_colombia__ASV000080	2.89655643119122
pacheco_montealegre_2020_colombia	1	BactSaII048z1	pacheco_montealegre_2020_colombia__ASV000080	-2.33797591180744
pacheco_montealegre_2020_colombia	1	BactSaI072z1	pacheco_montealegre_2020_colombia__ASV000080	-0.541899239298275
pacheco_montealegre_2020_colombia	1	BactAnI096z2	pacheco_montealegre_2020_colombia__ASV000080	-0.149667847853664
pacheco_montealegre_2020_colombia	1	BactAnI000z1	pacheco_montealegre_2020_colombia__ASV000081	-0.308134394473316
pacheco_montealegre_2020_colombia	1	BactAnII000z2	pacheco_montealegre_2020_colombia__ASV000081	-0.494934956419754
pacheco_montealegre_2020_colombia	1	BactSaI036z2	pacheco_montealegre_2020_colombia__ASV000081	-1.09242761537305
pacheco_montealegre_2020_colombia	1	BactSaII048z1	pacheco_montealegre_2020_colombia__ASV000081	2.58927777334977
pacheco_montealegre_2020_colombia	1	BactSaI072z1	pacheco_montealegre_2020_colombia__ASV000081	-0.541899239298275
pacheco_montealegre_2020_colombia	1	BactAnI096z2	pacheco_montealegre_2020_colombia__ASV000081	-0.149667847853664
pacheco_montealegre_2020_colombia	1	BactAnI000z1	pacheco_montealegre_2020_colombia__ASV000082	-0.308134394473316
pacheco_montealegre_2020_colombia	1	BactAnII000z2	pacheco_montealegre_2020_colombia__ASV000082	-0.494934956419754
pacheco_montealegre_2020_colombia	1	BactSaI036z2	pacheco_montealegre_2020_colombia__ASV000082	-1.09242761537305
pacheco_montealegre_2020_colombia	1	BactSaII048z1	pacheco_montealegre_2020_colombia__ASV000082	0.146930737980565
pacheco_montealegre_2020_colombia	1	BactSaI072z1	pacheco_montealegre_2020_colombia__ASV000082	-0.541899239298275
pacheco_montealegre_2020_colombia	1	BactAnI096z2	pacheco_montealegre_2020_colombia__ASV000082	-0.149667847853664
pacheco_montealegre_2020_colombia	1	BactAnI000z1	pacheco_montealegre_2020_colombia__ASV000083	-0.308134394473316
pacheco_montealegre_2020_colombia	1	BactAnII000z2	pacheco_montealegre_2020_colombia__ASV000083	-0.494934956419754
pacheco_montealegre_2020_colombia	1	BactSaI036z2	pacheco_montealegre_2020_colombia__ASV000083	3.09722712665338
pacheco_montealegre_2020_colombia	1	BactSaII048z1	pacheco_montealegre_2020_colombia__ASV000083	-2.33797591180744
pacheco_montealegre_2020_colombia	1	BactSaI072z1	pacheco_montealegre_2020_colombia__ASV000083	-0.541899239298275
pacheco_montealegre_2020_colombia	1	BactAnI096z2	pacheco_montealegre_2020_colombia__ASV000083	-0.149667847853664
pacheco_montealegre_2020_colombia	1	BactAnI000z1	pacheco_montealegre_2020_colombia__ASV000084	-0.308134394473316
pacheco_montealegre_2020_colombia	1	BactAnII000z2	pacheco_montealegre_2020_colombia__ASV000084	-0.494934956419754
pacheco_montealegre_2020_colombia	1	BactSaI036z2	pacheco_montealegre_2020_colombia__ASV000084	-1.09242761537305
pacheco_montealegre_2020_colombia	1	BactSaII048z1	pacheco_montealegre_2020_colombia__ASV000084	-2.33797591180744
pacheco_montealegre_2020_colombia	1	BactSaI072z1	pacheco_montealegre_2020_colombia__ASV000084	-0.541899239298275
pacheco_montealegre_2020_colombia	1	BactAnI096z2	pacheco_montealegre_2020_colombia__ASV000084	3.28431935663148
pacheco_montealegre_2020_colombia	1	BactAnI000z1	pacheco_montealegre_2020_colombia__ASV000085	-0.308134394473316
pacheco_montealegre_2020_colombia	1	BactAnII000z2	pacheco_montealegre_2020_colombia__ASV000085	-0.494934956419754
pacheco_montealegre_2020_colombia	1	BactSaI036z2	pacheco_montealegre_2020_colombia__ASV000085	2.43393290924311
pacheco_montealegre_2020_colombia	1	BactSaII048z1	pacheco_montealegre_2020_colombia__ASV000085	-2.33797591180744
pacheco_montealegre_2020_colombia	1	BactSaI072z1	pacheco_montealegre_2020_colombia__ASV000085	-0.541899239298275
pacheco_montealegre_2020_colombia	1	BactAnI096z2	pacheco_montealegre_2020_colombia__ASV000085	-0.149667847853664
pacheco_montealegre_2020_colombia	1	BactAnI000z1	pacheco_montealegre_2020_colombia__ASV000086	-0.308134394473316
pacheco_montealegre_2020_colombia	1	BactAnII000z2	pacheco_montealegre_2020_colombia__ASV000086	-0.494934956419754
pacheco_montealegre_2020_colombia	1	BactSaI036z2	pacheco_montealegre_2020_colombia__ASV000086	-1.09242761537305
pacheco_montealegre_2020_colombia	1	BactSaII048z1	pacheco_montealegre_2020_colombia__ASV000086	2.58927777334977
pacheco_montealegre_2020_colombia	1	BactSaI072z1	pacheco_montealegre_2020_colombia__ASV000086	-0.541899239298275
pacheco_montealegre_2020_colombia	1	BactAnI096z2	pacheco_montealegre_2020_colombia__ASV000086	-0.149667847853664
pacheco_montealegre_2020_colombia	1	BactAnI000z1	pacheco_montealegre_2020_colombia__ASV000087	-0.308134394473316
pacheco_montealegre_2020_colombia	1	BactAnII000z2	pacheco_montealegre_2020_colombia__ASV000087	-0.494934956419754
pacheco_montealegre_2020_colombia	1	BactSaI036z2	pacheco_montealegre_2020_colombia__ASV000087	3.66116257573331
pacheco_montealegre_2020_colombia	1	BactSaII048z1	pacheco_montealegre_2020_colombia__ASV000087	-2.33797591180744
pacheco_montealegre_2020_colombia	1	BactSaI072z1	pacheco_montealegre_2020_colombia__ASV000087	-0.541899239298275
pacheco_montealegre_2020_colombia	1	BactAnI096z2	pacheco_montealegre_2020_colombia__ASV000087	-0.149667847853664
pacheco_montealegre_2020_colombia	1	BactAnI000z1	pacheco_montealegre_2020_colombia__ASV000088	-0.308134394473316
pacheco_montealegre_2020_colombia	1	BactAnII000z2	pacheco_montealegre_2020_colombia__ASV000088	-0.494934956419754
pacheco_montealegre_2020_colombia	1	BactSaI036z2	pacheco_montealegre_2020_colombia__ASV000088	-1.09242761537305
pacheco_montealegre_2020_colombia	1	BactSaII048z1	pacheco_montealegre_2020_colombia__ASV000088	2.49033782549487
pacheco_montealegre_2020_colombia	1	BactSaI072z1	pacheco_montealegre_2020_colombia__ASV000088	-0.541899239298275
pacheco_montealegre_2020_colombia	1	BactAnI096z2	pacheco_montealegre_2020_colombia__ASV000088	-0.149667847853664
pacheco_montealegre_2020_colombia	1	BactAnI000z1	pacheco_montealegre_2020_colombia__ASV000089	-0.308134394473316
pacheco_montealegre_2020_colombia	1	BactAnII000z2	pacheco_montealegre_2020_colombia__ASV000089	1.80765013657429
pacheco_montealegre_2020_colombia	1	BactSaI036z2	pacheco_montealegre_2020_colombia__ASV000089	-1.09242761537305
pacheco_montealegre_2020_colombia	1	BactSaII048z1	pacheco_montealegre_2020_colombia__ASV000089	-2.33797591180744
pacheco_montealegre_2020_colombia	1	BactSaI072z1	pacheco_montealegre_2020_colombia__ASV000089	-0.541899239298275
pacheco_montealegre_2020_colombia	1	BactAnI096z2	pacheco_montealegre_2020_colombia__ASV000089	-0.149667847853664
pacheco_montealegre_2020_colombia	1	BactAnI000z1	pacheco_montealegre_2020_colombia__ASV000090	-0.308134394473316
pacheco_montealegre_2020_colombia	1	BactAnII000z2	pacheco_montealegre_2020_colombia__ASV000090	-0.494934956419754
pacheco_montealegre_2020_colombia	1	BactSaI036z2	pacheco_montealegre_2020_colombia__ASV000090	-1.09242761537305
pacheco_montealegre_2020_colombia	1	BactSaII048z1	pacheco_montealegre_2020_colombia__ASV000090	3.06470147006484
pacheco_montealegre_2020_colombia	1	BactSaI072z1	pacheco_montealegre_2020_colombia__ASV000090	-0.541899239298275
pacheco_montealegre_2020_colombia	1	BactAnI096z2	pacheco_montealegre_2020_colombia__ASV000090	-0.149667847853664
pacheco_montealegre_2020_colombia	1	BactAnI000z1	pacheco_montealegre_2020_colombia__ASV000091	-0.308134394473316
pacheco_montealegre_2020_colombia	1	BactAnII000z2	pacheco_montealegre_2020_colombia__ASV000091	-0.494934956419754
pacheco_montealegre_2020_colombia	1	BactSaI036z2	pacheco_montealegre_2020_colombia__ASV000091	1.85201136379339
pacheco_montealegre_2020_colombia	1	BactSaII048z1	pacheco_montealegre_2020_colombia__ASV000091	-2.33797591180744
pacheco_montealegre_2020_colombia	1	BactSaI072z1	pacheco_montealegre_2020_colombia__ASV000091	-0.541899239298275
pacheco_montealegre_2020_colombia	1	BactAnI096z2	pacheco_montealegre_2020_colombia__ASV000091	-0.149667847853664
pacheco_montealegre_2020_colombia	1	BactAnI000z1	pacheco_montealegre_2020_colombia__ASV000092	-0.308134394473316
pacheco_montealegre_2020_colombia	1	BactAnII000z2	pacheco_montealegre_2020_colombia__ASV000092	-0.494934956419754
pacheco_montealegre_2020_colombia	1	BactSaI036z2	pacheco_montealegre_2020_colombia__ASV000092	2.71423487439727
pacheco_montealegre_2020_colombia	1	BactSaII048z1	pacheco_montealegre_2020_colombia__ASV000092	-2.33797591180744
pacheco_montealegre_2020_colombia	1	BactSaI072z1	pacheco_montealegre_2020_colombia__ASV000092	-0.541899239298275
pacheco_montealegre_2020_colombia	1	BactAnI096z2	pacheco_montealegre_2020_colombia__ASV000092	-0.149667847853664
pacheco_montealegre_2020_colombia	1	BactAnI000z1	pacheco_montealegre_2020_colombia__ASV000093	-0.308134394473316
pacheco_montealegre_2020_colombia	1	BactAnII000z2	pacheco_montealegre_2020_colombia__ASV000093	-0.494934956419754
pacheco_montealegre_2020_colombia	1	BactSaI036z2	pacheco_montealegre_2020_colombia__ASV000093	-1.09242761537305
pacheco_montealegre_2020_colombia	1	BactSaII048z1	pacheco_montealegre_2020_colombia__ASV000093	0.226973445654101
pacheco_montealegre_2020_colombia	1	BactSaI072z1	pacheco_montealegre_2020_colombia__ASV000093	-0.541899239298275
pacheco_montealegre_2020_colombia	1	BactAnI096z2	pacheco_montealegre_2020_colombia__ASV000093	-0.149667847853664
pacheco_montealegre_2020_colombia	0.5	BactAnI000z1	pacheco_montealegre_2020_colombia__ASV000002	-0.34709589513437
pacheco_montealegre_2020_colombia	0.5	BactAnII000z2	pacheco_montealegre_2020_colombia__ASV000002	-0.564266866785286
pacheco_montealegre_2020_colombia	0.5	BactSaI036z2	pacheco_montealegre_2020_colombia__ASV000002	-1.25570151160221
pacheco_montealegre_2020_colombia	0.5	BactSaII048z1	pacheco_montealegre_2020_colombia__ASV000002	1.11343279247591
pacheco_montealegre_2020_colombia	0.5	BactSaI072z1	pacheco_montealegre_2020_colombia__ASV000002	-0.619596216456788
pacheco_montealegre_2020_colombia	0.5	BactAnI096z2	pacheco_montealegre_2020_colombia__ASV000002	-0.16523607858883
pacheco_montealegre_2020_colombia	0.5	BactAnI000z1	pacheco_montealegre_2020_colombia__ASV000004	-0.34709589513437
pacheco_montealegre_2020_colombia	0.5	BactAnII000z2	pacheco_montealegre_2020_colombia__ASV000004	-0.564266866785286
pacheco_montealegre_2020_colombia	0.5	BactSaI036z2	pacheco_montealegre_2020_colombia__ASV000004	-1.25570151160221
pacheco_montealegre_2020_colombia	0.5	BactSaII048z1	pacheco_montealegre_2020_colombia__ASV000004	0.67406613269206
pacheco_montealegre_2020_colombia	0.5	BactSaI072z1	pacheco_montealegre_2020_colombia__ASV000004	-0.619596216456788
pacheco_montealegre_2020_colombia	0.5	BactAnI096z2	pacheco_montealegre_2020_colombia__ASV000004	-0.16523607858883
pacheco_montealegre_2020_colombia	0.5	BactAnI000z1	pacheco_montealegre_2020_colombia__ASV000005	-0.34709589513437
pacheco_montealegre_2020_colombia	0.5	BactAnII000z2	pacheco_montealegre_2020_colombia__ASV000005	-0.564266866785286
pacheco_montealegre_2020_colombia	0.5	BactSaI036z2	pacheco_montealegre_2020_colombia__ASV000005	3.18694974488811
pacheco_montealegre_2020_colombia	0.5	BactSaII048z1	pacheco_montealegre_2020_colombia__ASV000005	-2.69322969729441
pacheco_montealegre_2020_colombia	0.5	BactSaI072z1	pacheco_montealegre_2020_colombia__ASV000005	-0.619596216456788
pacheco_montealegre_2020_colombia	0.5	BactAnI096z2	pacheco_montealegre_2020_colombia__ASV000005	-0.16523607858883
pacheco_montealegre_2020_colombia	0.5	BactAnI000z1	pacheco_montealegre_2020_colombia__ASV000006	-0.34709589513437
pacheco_montealegre_2020_colombia	0.5	BactAnII000z2	pacheco_montealegre_2020_colombia__ASV000006	-0.564266866785286
pacheco_montealegre_2020_colombia	0.5	BactSaI036z2	pacheco_montealegre_2020_colombia__ASV000006	-1.25570151160221
pacheco_montealegre_2020_colombia	0.5	BactSaII048z1	pacheco_montealegre_2020_colombia__ASV000006	1.72561091050218
pacheco_montealegre_2020_colombia	0.5	BactSaI072z1	pacheco_montealegre_2020_colombia__ASV000006	-0.619596216456788
pacheco_montealegre_2020_colombia	0.5	BactAnI096z2	pacheco_montealegre_2020_colombia__ASV000006	-0.16523607858883
pacheco_montealegre_2020_colombia	0.5	BactAnI000z1	pacheco_montealegre_2020_colombia__ASV000008	-0.34709589513437
pacheco_montealegre_2020_colombia	0.5	BactAnII000z2	pacheco_montealegre_2020_colombia__ASV000008	-0.564266866785286
pacheco_montealegre_2020_colombia	0.5	BactSaI036z2	pacheco_montealegre_2020_colombia__ASV000008	-1.25570151160221
pacheco_montealegre_2020_colombia	0.5	BactSaII048z1	pacheco_montealegre_2020_colombia__ASV000008	1.44990502909712
pacheco_montealegre_2020_colombia	0.5	BactSaI072z1	pacheco_montealegre_2020_colombia__ASV000008	-0.619596216456788
pacheco_montealegre_2020_colombia	0.5	BactAnI096z2	pacheco_montealegre_2020_colombia__ASV000008	-0.16523607858883
pacheco_montealegre_2020_colombia	0.5	BactAnI000z1	pacheco_montealegre_2020_colombia__ASV000009	-0.34709589513437
pacheco_montealegre_2020_colombia	0.5	BactAnII000z2	pacheco_montealegre_2020_colombia__ASV000009	-0.564266866785286
pacheco_montealegre_2020_colombia	0.5	BactSaI036z2	pacheco_montealegre_2020_colombia__ASV000009	-1.25570151160221
pacheco_montealegre_2020_colombia	0.5	BactSaII048z1	pacheco_montealegre_2020_colombia__ASV000009	-2.69322969729441
pacheco_montealegre_2020_colombia	0.5	BactSaI072z1	pacheco_montealegre_2020_colombia__ASV000009	4.05323261800512
pacheco_montealegre_2020_colombia	0.5	BactAnI096z2	pacheco_montealegre_2020_colombia__ASV000009	-0.16523607858883
pacheco_montealegre_2020_colombia	0.5	BactAnI000z1	pacheco_montealegre_2020_colombia__ASV000010	-0.34709589513437
pacheco_montealegre_2020_colombia	0.5	BactAnII000z2	pacheco_montealegre_2020_colombia__ASV000010	-0.564266866785286
pacheco_montealegre_2020_colombia	0.5	BactSaI036z2	pacheco_montealegre_2020_colombia__ASV000010	-1.25570151160221
pacheco_montealegre_2020_colombia	0.5	BactSaII048z1	pacheco_montealegre_2020_colombia__ASV000010	1.4176441668789
pacheco_montealegre_2020_colombia	0.5	BactSaI072z1	pacheco_montealegre_2020_colombia__ASV000010	-0.619596216456788
pacheco_montealegre_2020_colombia	0.5	BactAnI096z2	pacheco_montealegre_2020_colombia__ASV000010	-0.16523607858883
pacheco_montealegre_2020_colombia	0.5	BactAnI000z1	pacheco_montealegre_2020_colombia__ASV000011	-0.34709589513437
pacheco_montealegre_2020_colombia	0.5	BactAnII000z2	pacheco_montealegre_2020_colombia__ASV000011	-0.564266866785286
pacheco_montealegre_2020_colombia	0.5	BactSaI036z2	pacheco_montealegre_2020_colombia__ASV000011	3.25515799491464
pacheco_montealegre_2020_colombia	0.5	BactSaII048z1	pacheco_montealegre_2020_colombia__ASV000011	-2.69322969729441
pacheco_montealegre_2020_colombia	0.5	BactSaI072z1	pacheco_montealegre_2020_colombia__ASV000011	-0.619596216456788
pacheco_montealegre_2020_colombia	0.5	BactAnI096z2	pacheco_montealegre_2020_colombia__ASV000011	-0.16523607858883
pacheco_montealegre_2020_colombia	0.5	BactAnI000z1	pacheco_montealegre_2020_colombia__ASV000012	-0.34709589513437
pacheco_montealegre_2020_colombia	0.5	BactAnII000z2	pacheco_montealegre_2020_colombia__ASV000012	-0.564266866785286
pacheco_montealegre_2020_colombia	0.5	BactSaI036z2	pacheco_montealegre_2020_colombia__ASV000012	-1.25570151160221
pacheco_montealegre_2020_colombia	0.5	BactSaII048z1	pacheco_montealegre_2020_colombia__ASV000012	2.55904373075222
pacheco_montealegre_2020_colombia	0.5	BactSaI072z1	pacheco_montealegre_2020_colombia__ASV000012	-0.619596216456788
pacheco_montealegre_2020_colombia	0.5	BactAnI096z2	pacheco_montealegre_2020_colombia__ASV000012	-0.16523607858883
pacheco_montealegre_2020_colombia	0.5	BactAnI000z1	pacheco_montealegre_2020_colombia__ASV000013	-0.34709589513437
pacheco_montealegre_2020_colombia	0.5	BactAnII000z2	pacheco_montealegre_2020_colombia__ASV000013	-0.564266866785286
pacheco_montealegre_2020_colombia	0.5	BactSaI036z2	pacheco_montealegre_2020_colombia__ASV000013	4.59937041060022
pacheco_montealegre_2020_colombia	0.5	BactSaII048z1	pacheco_montealegre_2020_colombia__ASV000013	-2.69322969729441
pacheco_montealegre_2020_colombia	0.5	BactSaI072z1	pacheco_montealegre_2020_colombia__ASV000013	-0.619596216456788
pacheco_montealegre_2020_colombia	0.5	BactAnI096z2	pacheco_montealegre_2020_colombia__ASV000013	-0.16523607858883
pacheco_montealegre_2020_colombia	0.5	BactAnI000z1	pacheco_montealegre_2020_colombia__ASV000014	-0.34709589513437
pacheco_montealegre_2020_colombia	0.5	BactAnII000z2	pacheco_montealegre_2020_colombia__ASV000014	-0.564266866785286
pacheco_montealegre_2020_colombia	0.5	BactSaI036z2	pacheco_montealegre_2020_colombia__ASV000014	-1.25570151160221
pacheco_montealegre_2020_colombia	0.5	BactSaII048z1	pacheco_montealegre_2020_colombia__ASV000014	1.6242584162419
pacheco_montealegre_2020_colombia	0.5	BactSaI072z1	pacheco_montealegre_2020_colombia__ASV000014	-0.619596216456788
pacheco_montealegre_2020_colombia	0.5	BactAnI096z2	pacheco_montealegre_2020_colombia__ASV000014	-0.16523607858883
pacheco_montealegre_2020_colombia	0.5	BactAnI000z1	pacheco_montealegre_2020_colombia__ASV000015	-0.34709589513437
pacheco_montealegre_2020_colombia	0.5	BactAnII000z2	pacheco_montealegre_2020_colombia__ASV000015	-0.564266866785286
pacheco_montealegre_2020_colombia	0.5	BactSaI036z2	pacheco_montealegre_2020_colombia__ASV000015	-1.25570151160221
pacheco_montealegre_2020_colombia	0.5	BactSaII048z1	pacheco_montealegre_2020_colombia__ASV000015	-2.69322969729441
pacheco_montealegre_2020_colombia	0.5	BactSaI072z1	pacheco_montealegre_2020_colombia__ASV000015	4.91379327227073
pacheco_montealegre_2020_colombia	0.5	BactAnI096z2	pacheco_montealegre_2020_colombia__ASV000015	-0.16523607858883
pacheco_montealegre_2020_colombia	0.5	BactAnI000z1	pacheco_montealegre_2020_colombia__ASV000016	-0.34709589513437
pacheco_montealegre_2020_colombia	0.5	BactAnII000z2	pacheco_montealegre_2020_colombia__ASV000016	-0.564266866785286
pacheco_montealegre_2020_colombia	0.5	BactSaI036z2	pacheco_montealegre_2020_colombia__ASV000016	-1.25570151160221
pacheco_montealegre_2020_colombia	0.5	BactSaII048z1	pacheco_montealegre_2020_colombia__ASV000016	-2.69322969729441
pacheco_montealegre_2020_colombia	0.5	BactSaI072z1	pacheco_montealegre_2020_colombia__ASV000016	-0.619596216456788
pacheco_montealegre_2020_colombia	0.5	BactAnI096z2	pacheco_montealegre_2020_colombia__ASV000016	10.2646649730549
pacheco_montealegre_2020_colombia	0.5	BactAnI000z1	pacheco_montealegre_2020_colombia__ASV000017	-0.34709589513437
pacheco_montealegre_2020_colombia	0.5	BactAnII000z2	pacheco_montealegre_2020_colombia__ASV000017	-0.564266866785286
pacheco_montealegre_2020_colombia	0.5	BactSaI036z2	pacheco_montealegre_2020_colombia__ASV000017	4.49687112722342
pacheco_montealegre_2020_colombia	0.5	BactSaII048z1	pacheco_montealegre_2020_colombia__ASV000017	-2.69322969729441
pacheco_montealegre_2020_colombia	0.5	BactSaI072z1	pacheco_montealegre_2020_colombia__ASV000017	-0.619596216456788
pacheco_montealegre_2020_colombia	0.5	BactAnI096z2	pacheco_montealegre_2020_colombia__ASV000017	-0.16523607858883
pacheco_montealegre_2020_colombia	0.5	BactAnI000z1	pacheco_montealegre_2020_colombia__ASV000018	-0.34709589513437
pacheco_montealegre_2020_colombia	0.5	BactAnII000z2	pacheco_montealegre_2020_colombia__ASV000018	-0.564266866785286
pacheco_montealegre_2020_colombia	0.5	BactSaI036z2	pacheco_montealegre_2020_colombia__ASV000018	-1.25570151160221
pacheco_montealegre_2020_colombia	0.5	BactSaII048z1	pacheco_montealegre_2020_colombia__ASV000018	1.99811818493473
pacheco_montealegre_2020_colombia	0.5	BactSaI072z1	pacheco_montealegre_2020_colombia__ASV000018	-0.619596216456788
pacheco_montealegre_2020_colombia	0.5	BactAnI096z2	pacheco_montealegre_2020_colombia__ASV000018	-0.16523607858883
pacheco_montealegre_2020_colombia	0.5	BactAnI000z1	pacheco_montealegre_2020_colombia__ASV000019	-0.34709589513437
pacheco_montealegre_2020_colombia	0.5	BactAnII000z2	pacheco_montealegre_2020_colombia__ASV000019	-0.564266866785286
pacheco_montealegre_2020_colombia	0.5	BactSaI036z2	pacheco_montealegre_2020_colombia__ASV000019	3.43564637062693
pacheco_montealegre_2020_colombia	0.5	BactSaII048z1	pacheco_montealegre_2020_colombia__ASV000019	-2.69322969729441
pacheco_montealegre_2020_colombia	0.5	BactSaI072z1	pacheco_montealegre_2020_colombia__ASV000019	-0.619596216456788
pacheco_montealegre_2020_colombia	0.5	BactAnI096z2	pacheco_montealegre_2020_colombia__ASV000019	-0.16523607858883
pacheco_montealegre_2020_colombia	0.5	BactAnI000z1	pacheco_montealegre_2020_colombia__ASV000021	-0.34709589513437
pacheco_montealegre_2020_colombia	0.5	BactAnII000z2	pacheco_montealegre_2020_colombia__ASV000021	-0.564266866785286
pacheco_montealegre_2020_colombia	0.5	BactSaI036z2	pacheco_montealegre_2020_colombia__ASV000021	-1.25570151160221
pacheco_montealegre_2020_colombia	0.5	BactSaII048z1	pacheco_montealegre_2020_colombia__ASV000021	-2.69322969729441
pacheco_montealegre_2020_colombia	0.5	BactSaI072z1	pacheco_montealegre_2020_colombia__ASV000021	3.93428067514375
pacheco_montealegre_2020_colombia	0.5	BactAnI096z2	pacheco_montealegre_2020_colombia__ASV000021	-0.16523607858883
pacheco_montealegre_2020_colombia	0.5	BactAnI000z1	pacheco_montealegre_2020_colombia__ASV000022	-0.34709589513437
pacheco_montealegre_2020_colombia	0.5	BactAnII000z2	pacheco_montealegre_2020_colombia__ASV000022	-0.564266866785286
pacheco_montealegre_2020_colombia	0.5	BactSaI036z2	pacheco_montealegre_2020_colombia__ASV000022	-1.25570151160221
pacheco_montealegre_2020_colombia	0.5	BactSaII048z1	pacheco_montealegre_2020_colombia__ASV000022	4.82592026037541
pacheco_montealegre_2020_colombia	0.5	BactSaI072z1	pacheco_montealegre_2020_colombia__ASV000022	-0.619596216456788
pacheco_montealegre_2020_colombia	0.5	BactAnI096z2	pacheco_montealegre_2020_colombia__ASV000022	-0.16523607858883
pacheco_montealegre_2020_colombia	0.5	BactAnI000z1	pacheco_montealegre_2020_colombia__ASV000023	-0.34709589513437
pacheco_montealegre_2020_colombia	0.5	BactAnII000z2	pacheco_montealegre_2020_colombia__ASV000023	-0.564266866785286
pacheco_montealegre_2020_colombia	0.5	BactSaI036z2	pacheco_montealegre_2020_colombia__ASV000023	-1.25570151160221
pacheco_montealegre_2020_colombia	0.5	BactSaII048z1	pacheco_montealegre_2020_colombia__ASV000023	5.22503498880086
pacheco_montealegre_2020_colombia	0.5	BactSaI072z1	pacheco_montealegre_2020_colombia__ASV000023	-0.619596216456788
pacheco_montealegre_2020_colombia	0.5	BactAnI096z2	pacheco_montealegre_2020_colombia__ASV000023	-0.16523607858883
pacheco_montealegre_2020_colombia	0.5	BactAnI000z1	pacheco_montealegre_2020_colombia__ASV000024	-0.34709589513437
pacheco_montealegre_2020_colombia	0.5	BactAnII000z2	pacheco_montealegre_2020_colombia__ASV000024	-0.564266866785286
pacheco_montealegre_2020_colombia	0.5	BactSaI036z2	pacheco_montealegre_2020_colombia__ASV000024	-1.25570151160221
pacheco_montealegre_2020_colombia	0.5	BactSaII048z1	pacheco_montealegre_2020_colombia__ASV000024	2.22675122853371
pacheco_montealegre_2020_colombia	0.5	BactSaI072z1	pacheco_montealegre_2020_colombia__ASV000024	-0.619596216456788
pacheco_montealegre_2020_colombia	0.5	BactAnI096z2	pacheco_montealegre_2020_colombia__ASV000024	-0.16523607858883
pacheco_montealegre_2020_colombia	0.5	BactAnI000z1	pacheco_montealegre_2020_colombia__ASV000025	-0.34709589513437
pacheco_montealegre_2020_colombia	0.5	BactAnII000z2	pacheco_montealegre_2020_colombia__ASV000025	-0.564266866785286
pacheco_montealegre_2020_colombia	0.5	BactSaI036z2	pacheco_montealegre_2020_colombia__ASV000025	-1.25570151160221
pacheco_montealegre_2020_colombia	0.5	BactSaII048z1	pacheco_montealegre_2020_colombia__ASV000025	3.96990299869639
pacheco_montealegre_2020_colombia	0.5	BactSaI072z1	pacheco_montealegre_2020_colombia__ASV000025	-0.619596216456788
pacheco_montealegre_2020_colombia	0.5	BactAnI096z2	pacheco_montealegre_2020_colombia__ASV000025	-0.16523607858883
pacheco_montealegre_2020_colombia	0.5	BactAnI000z1	pacheco_montealegre_2020_colombia__ASV000026	-0.34709589513437
pacheco_montealegre_2020_colombia	0.5	BactAnII000z2	pacheco_montealegre_2020_colombia__ASV000026	-0.564266866785286
pacheco_montealegre_2020_colombia	0.5	BactSaI036z2	pacheco_montealegre_2020_colombia__ASV000026	3.23293485812993
pacheco_montealegre_2020_colombia	0.5	BactSaII048z1	pacheco_montealegre_2020_colombia__ASV000026	-2.69322969729441
pacheco_montealegre_2020_colombia	0.5	BactSaI072z1	pacheco_montealegre_2020_colombia__ASV000026	-0.619596216456788
pacheco_montealegre_2020_colombia	0.5	BactAnI096z2	pacheco_montealegre_2020_colombia__ASV000026	-0.16523607858883
pacheco_montealegre_2020_colombia	0.5	BactAnI000z1	pacheco_montealegre_2020_colombia__ASV000027	-0.34709589513437
pacheco_montealegre_2020_colombia	0.5	BactAnII000z2	pacheco_montealegre_2020_colombia__ASV000027	-0.564266866785286
pacheco_montealegre_2020_colombia	0.5	BactSaI036z2	pacheco_montealegre_2020_colombia__ASV000027	6.01042726795424
pacheco_montealegre_2020_colombia	0.5	BactSaII048z1	pacheco_montealegre_2020_colombia__ASV000027	-2.69322969729441
pacheco_montealegre_2020_colombia	0.5	BactSaI072z1	pacheco_montealegre_2020_colombia__ASV000027	-0.619596216456788
pacheco_montealegre_2020_colombia	0.5	BactAnI096z2	pacheco_montealegre_2020_colombia__ASV000027	-0.16523607858883
pacheco_montealegre_2020_colombia	0.5	BactAnI000z1	pacheco_montealegre_2020_colombia__ASV000028	3.36647617156994
pacheco_montealegre_2020_colombia	0.5	BactAnII000z2	pacheco_montealegre_2020_colombia__ASV000028	-0.564266866785286
pacheco_montealegre_2020_colombia	0.5	BactSaI036z2	pacheco_montealegre_2020_colombia__ASV000028	-1.25570151160221
pacheco_montealegre_2020_colombia	0.5	BactSaII048z1	pacheco_montealegre_2020_colombia__ASV000028	7.64570238909106
pacheco_montealegre_2020_colombia	0.5	BactSaI072z1	pacheco_montealegre_2020_colombia__ASV000028	-0.619596216456788
pacheco_montealegre_2020_colombia	0.5	BactAnI096z2	pacheco_montealegre_2020_colombia__ASV000028	-0.16523607858883
pacheco_montealegre_2020_colombia	0.5	BactAnI000z1	pacheco_montealegre_2020_colombia__ASV000029	-0.34709589513437
pacheco_montealegre_2020_colombia	0.5	BactAnII000z2	pacheco_montealegre_2020_colombia__ASV000029	-0.564266866785286
pacheco_montealegre_2020_colombia	0.5	BactSaI036z2	pacheco_montealegre_2020_colombia__ASV000029	-1.25570151160221
pacheco_montealegre_2020_colombia	0.5	BactSaII048z1	pacheco_montealegre_2020_colombia__ASV000029	-2.69322969729441
pacheco_montealegre_2020_colombia	0.5	BactSaI072z1	pacheco_montealegre_2020_colombia__ASV000029	3.79924439133981
pacheco_montealegre_2020_colombia	0.5	BactAnI096z2	pacheco_montealegre_2020_colombia__ASV000029	-0.16523607858883
pacheco_montealegre_2020_colombia	0.5	BactAnI000z1	pacheco_montealegre_2020_colombia__ASV000030	-0.34709589513437
pacheco_montealegre_2020_colombia	0.5	BactAnII000z2	pacheco_montealegre_2020_colombia__ASV000030	-0.564266866785286
pacheco_montealegre_2020_colombia	0.5	BactSaI036z2	pacheco_montealegre_2020_colombia__ASV000030	-1.25570151160221
pacheco_montealegre_2020_colombia	0.5	BactSaII048z1	pacheco_montealegre_2020_colombia__ASV000030	-2.69322969729441
pacheco_montealegre_2020_colombia	0.5	BactSaI072z1	pacheco_montealegre_2020_colombia__ASV000030	5.31264897099122
pacheco_montealegre_2020_colombia	0.5	BactAnI096z2	pacheco_montealegre_2020_colombia__ASV000030	-0.16523607858883
pacheco_montealegre_2020_colombia	0.5	BactAnI000z1	pacheco_montealegre_2020_colombia__ASV000031	-0.34709589513437
pacheco_montealegre_2020_colombia	0.5	BactAnII000z2	pacheco_montealegre_2020_colombia__ASV000031	-0.564266866785286
pacheco_montealegre_2020_colombia	0.5	BactSaI036z2	pacheco_montealegre_2020_colombia__ASV000031	4.11493651652545
pacheco_montealegre_2020_colombia	0.5	BactSaII048z1	pacheco_montealegre_2020_colombia__ASV000031	-2.69322969729441
pacheco_montealegre_2020_colombia	0.5	BactSaI072z1	pacheco_montealegre_2020_colombia__ASV000031	-0.619596216456788
pacheco_montealegre_2020_colombia	0.5	BactAnI096z2	pacheco_montealegre_2020_colombia__ASV000031	-0.16523607858883
pacheco_montealegre_2020_colombia	0.5	BactAnI000z1	pacheco_montealegre_2020_colombia__ASV000032	-0.34709589513437
pacheco_montealegre_2020_colombia	0.5	BactAnII000z2	pacheco_montealegre_2020_colombia__ASV000032	-0.564266866785286
pacheco_montealegre_2020_colombia	0.5	BactSaI036z2	pacheco_montealegre_2020_colombia__ASV000032	-1.25570151160221
pacheco_montealegre_2020_colombia	0.5	BactSaII048z1	pacheco_montealegre_2020_colombia__ASV000032	1.67621815517261
pacheco_montealegre_2020_colombia	0.5	BactSaI072z1	pacheco_montealegre_2020_colombia__ASV000032	-0.619596216456788
pacheco_montealegre_2020_colombia	0.5	BactAnI096z2	pacheco_montealegre_2020_colombia__ASV000032	-0.16523607858883
pacheco_montealegre_2020_colombia	0.5	BactAnI000z1	pacheco_montealegre_2020_colombia__ASV000033	-0.34709589513437
pacheco_montealegre_2020_colombia	0.5	BactAnII000z2	pacheco_montealegre_2020_colombia__ASV000033	-0.564266866785286
pacheco_montealegre_2020_colombia	0.5	BactSaI036z2	pacheco_montealegre_2020_colombia__ASV000033	-1.25570151160221
pacheco_montealegre_2020_colombia	0.5	BactSaII048z1	pacheco_montealegre_2020_colombia__ASV000033	3.47428679359393
pacheco_montealegre_2020_colombia	0.5	BactSaI072z1	pacheco_montealegre_2020_colombia__ASV000033	-0.619596216456788
pacheco_montealegre_2020_colombia	0.5	BactAnI096z2	pacheco_montealegre_2020_colombia__ASV000033	-0.16523607858883
pacheco_montealegre_2020_colombia	0.5	BactAnI000z1	pacheco_montealegre_2020_colombia__ASV000034	-0.34709589513437
pacheco_montealegre_2020_colombia	0.5	BactAnII000z2	pacheco_montealegre_2020_colombia__ASV000034	-0.564266866785286
pacheco_montealegre_2020_colombia	0.5	BactSaI036z2	pacheco_montealegre_2020_colombia__ASV000034	-1.25570151160221
pacheco_montealegre_2020_colombia	0.5	BactSaII048z1	pacheco_montealegre_2020_colombia__ASV000034	-2.69322969729441
pacheco_montealegre_2020_colombia	0.5	BactSaI072z1	pacheco_montealegre_2020_colombia__ASV000034	4.01513277177285
pacheco_montealegre_2020_colombia	0.5	BactAnI096z2	pacheco_montealegre_2020_colombia__ASV000034	-0.16523607858883
pacheco_montealegre_2020_colombia	0.5	BactAnI000z1	pacheco_montealegre_2020_colombia__ASV000035	-0.34709589513437
pacheco_montealegre_2020_colombia	0.5	BactAnII000z2	pacheco_montealegre_2020_colombia__ASV000035	-0.564266866785286
pacheco_montealegre_2020_colombia	0.5	BactSaI036z2	pacheco_montealegre_2020_colombia__ASV000035	-1.25570151160221
pacheco_montealegre_2020_colombia	0.5	BactSaII048z1	pacheco_montealegre_2020_colombia__ASV000035	3.40034007275072
pacheco_montealegre_2020_colombia	0.5	BactSaI072z1	pacheco_montealegre_2020_colombia__ASV000035	-0.619596216456788
pacheco_montealegre_2020_colombia	0.5	BactAnI096z2	pacheco_montealegre_2020_colombia__ASV000035	-0.16523607858883
pacheco_montealegre_2020_colombia	0.5	BactAnI000z1	pacheco_montealegre_2020_colombia__ASV000036	-0.34709589513437
pacheco_montealegre_2020_colombia	0.5	BactAnII000z2	pacheco_montealegre_2020_colombia__ASV000036	-0.564266866785286
pacheco_montealegre_2020_colombia	0.5	BactSaI036z2	pacheco_montealegre_2020_colombia__ASV000036	-1.25570151160221
pacheco_montealegre_2020_colombia	0.5	BactSaII048z1	pacheco_montealegre_2020_colombia__ASV000036	2.40052050351235
pacheco_montealegre_2020_colombia	0.5	BactSaI072z1	pacheco_montealegre_2020_colombia__ASV000036	-0.619596216456788
pacheco_montealegre_2020_colombia	0.5	BactAnI096z2	pacheco_montealegre_2020_colombia__ASV000036	-0.16523607858883
pacheco_montealegre_2020_colombia	0.5	BactAnI000z1	pacheco_montealegre_2020_colombia__ASV000038	-0.34709589513437
pacheco_montealegre_2020_colombia	0.5	BactAnII000z2	pacheco_montealegre_2020_colombia__ASV000038	-0.564266866785286
pacheco_montealegre_2020_colombia	0.5	BactSaI036z2	pacheco_montealegre_2020_colombia__ASV000038	-1.25570151160221
pacheco_montealegre_2020_colombia	0.5	BactSaII048z1	pacheco_montealegre_2020_colombia__ASV000038	1.11343279247591
pacheco_montealegre_2020_colombia	0.5	BactSaI072z1	pacheco_montealegre_2020_colombia__ASV000038	-0.619596216456788
pacheco_montealegre_2020_colombia	0.5	BactAnI096z2	pacheco_montealegre_2020_colombia__ASV000038	-0.16523607858883
pacheco_montealegre_2020_colombia	0.5	BactAnI000z1	pacheco_montealegre_2020_colombia__ASV000039	-0.34709589513437
pacheco_montealegre_2020_colombia	0.5	BactAnII000z2	pacheco_montealegre_2020_colombia__ASV000039	3.28588073492477
pacheco_montealegre_2020_colombia	0.5	BactSaI036z2	pacheco_montealegre_2020_colombia__ASV000039	-1.25570151160221
pacheco_montealegre_2020_colombia	0.5	BactSaII048z1	pacheco_montealegre_2020_colombia__ASV000039	-2.69322969729441
pacheco_montealegre_2020_colombia	0.5	BactSaI072z1	pacheco_montealegre_2020_colombia__ASV000039	-0.619596216456788
pacheco_montealegre_2020_colombia	0.5	BactAnI096z2	pacheco_montealegre_2020_colombia__ASV000039	-0.16523607858883
pacheco_montealegre_2020_colombia	0.5	BactAnI000z1	pacheco_montealegre_2020_colombia__ASV000040	-0.34709589513437
pacheco_montealegre_2020_colombia	0.5	BactAnII000z2	pacheco_montealegre_2020_colombia__ASV000040	-0.564266866785286
pacheco_montealegre_2020_colombia	0.5	BactSaI036z2	pacheco_montealegre_2020_colombia__ASV000040	4.51573961152781
pacheco_montealegre_2020_colombia	0.5	BactSaII048z1	pacheco_montealegre_2020_colombia__ASV000040	-2.69322969729441
pacheco_montealegre_2020_colombia	0.5	BactSaI072z1	pacheco_montealegre_2020_colombia__ASV000040	-0.619596216456788
pacheco_montealegre_2020_colombia	0.5	BactAnI096z2	pacheco_montealegre_2020_colombia__ASV000040	-0.16523607858883
pacheco_montealegre_2020_colombia	0.5	BactAnI000z1	pacheco_montealegre_2020_colombia__ASV000041	-0.34709589513437
pacheco_montealegre_2020_colombia	0.5	BactAnII000z2	pacheco_montealegre_2020_colombia__ASV000041	-0.564266866785286
pacheco_montealegre_2020_colombia	0.5	BactSaI036z2	pacheco_montealegre_2020_colombia__ASV000041	-1.25570151160221
pacheco_montealegre_2020_colombia	0.5	BactSaII048z1	pacheco_montealegre_2020_colombia__ASV000041	4.14302957998265
pacheco_montealegre_2020_colombia	0.5	BactSaI072z1	pacheco_montealegre_2020_colombia__ASV000041	-0.619596216456788
pacheco_montealegre_2020_colombia	0.5	BactAnI096z2	pacheco_montealegre_2020_colombia__ASV000041	-0.16523607858883
pacheco_montealegre_2020_colombia	0.5	BactAnI000z1	pacheco_montealegre_2020_colombia__ASV000042	-0.34709589513437
pacheco_montealegre_2020_colombia	0.5	BactAnII000z2	pacheco_montealegre_2020_colombia__ASV000042	-0.564266866785286
pacheco_montealegre_2020_colombia	0.5	BactSaI036z2	pacheco_montealegre_2020_colombia__ASV000042	-1.25570151160221
pacheco_montealegre_2020_colombia	0.5	BactSaII048z1	pacheco_montealegre_2020_colombia__ASV000042	2.82422319917029
pacheco_montealegre_2020_colombia	0.5	BactSaI072z1	pacheco_montealegre_2020_colombia__ASV000042	-0.619596216456788
pacheco_montealegre_2020_colombia	0.5	BactAnI096z2	pacheco_montealegre_2020_colombia__ASV000042	-0.16523607858883
pacheco_montealegre_2020_colombia	0.5	BactAnI000z1	pacheco_montealegre_2020_colombia__ASV000043	-0.34709589513437
pacheco_montealegre_2020_colombia	0.5	BactAnII000z2	pacheco_montealegre_2020_colombia__ASV000043	-0.564266866785286
pacheco_montealegre_2020_colombia	0.5	BactSaI036z2	pacheco_montealegre_2020_colombia__ASV000043	-1.25570151160221
pacheco_montealegre_2020_colombia	0.5	BactSaII048z1	pacheco_montealegre_2020_colombia__ASV000043	4.64565843654447
pacheco_montealegre_2020_colombia	0.5	BactSaI072z1	pacheco_montealegre_2020_colombia__ASV000043	-0.619596216456788
pacheco_montealegre_2020_colombia	0.5	BactAnI096z2	pacheco_montealegre_2020_colombia__ASV000043	-0.16523607858883
pacheco_montealegre_2020_colombia	0.5	BactAnI000z1	pacheco_montealegre_2020_colombia__ASV000044	-0.34709589513437
pacheco_montealegre_2020_colombia	0.5	BactAnII000z2	pacheco_montealegre_2020_colombia__ASV000044	-0.564266866785286
pacheco_montealegre_2020_colombia	0.5	BactSaI036z2	pacheco_montealegre_2020_colombia__ASV000044	-1.25570151160221
pacheco_montealegre_2020_colombia	0.5	BactSaII048z1	pacheco_montealegre_2020_colombia__ASV000044	-2.69322969729441
pacheco_montealegre_2020_colombia	0.5	BactSaI072z1	pacheco_montealegre_2020_colombia__ASV000044	5.71012468906591
pacheco_montealegre_2020_colombia	0.5	BactAnI096z2	pacheco_montealegre_2020_colombia__ASV000044	-0.16523607858883
pacheco_montealegre_2020_colombia	0.5	BactAnI000z1	pacheco_montealegre_2020_colombia__ASV000045	-0.34709589513437
pacheco_montealegre_2020_colombia	0.5	BactAnII000z2	pacheco_montealegre_2020_colombia__ASV000045	-0.564266866785286
pacheco_montealegre_2020_colombia	0.5	BactSaI036z2	pacheco_montealegre_2020_colombia__ASV000045	9.88059408482217
pacheco_montealegre_2020_colombia	0.5	BactSaII048z1	pacheco_montealegre_2020_colombia__ASV000045	-2.69322969729441
pacheco_montealegre_2020_colombia	0.5	BactSaI072z1	pacheco_montealegre_2020_colombia__ASV000045	10.0258048710015
pacheco_montealegre_2020_colombia	0.5	BactAnI096z2	pacheco_montealegre_2020_colombia__ASV000045	-0.16523607858883
pacheco_montealegre_2020_colombia	0.5	BactAnI000z1	pacheco_montealegre_2020_colombia__ASV000046	-0.34709589513437
pacheco_montealegre_2020_colombia	0.5	BactAnII000z2	pacheco_montealegre_2020_colombia__ASV000046	3.44306631844719
pacheco_montealegre_2020_colombia	0.5	BactSaI036z2	pacheco_montealegre_2020_colombia__ASV000046	-1.25570151160221
pacheco_montealegre_2020_colombia	0.5	BactSaII048z1	pacheco_montealegre_2020_colombia__ASV000046	-2.69322969729441
pacheco_montealegre_2020_colombia	0.5	BactSaI072z1	pacheco_montealegre_2020_colombia__ASV000046	-0.619596216456788
pacheco_montealegre_2020_colombia	0.5	BactAnI096z2	pacheco_montealegre_2020_colombia__ASV000046	-0.16523607858883
pacheco_montealegre_2020_colombia	0.5	BactAnI000z1	pacheco_montealegre_2020_colombia__ASV000047	-0.34709589513437
pacheco_montealegre_2020_colombia	0.5	BactAnII000z2	pacheco_montealegre_2020_colombia__ASV000047	3.19693324890828
pacheco_montealegre_2020_colombia	0.5	BactSaI036z2	pacheco_montealegre_2020_colombia__ASV000047	-1.25570151160221
pacheco_montealegre_2020_colombia	0.5	BactSaII048z1	pacheco_montealegre_2020_colombia__ASV000047	-2.69322969729441
pacheco_montealegre_2020_colombia	0.5	BactSaI072z1	pacheco_montealegre_2020_colombia__ASV000047	-0.619596216456788
pacheco_montealegre_2020_colombia	0.5	BactAnI096z2	pacheco_montealegre_2020_colombia__ASV000047	-0.16523607858883
pacheco_montealegre_2020_colombia	0.5	BactAnI000z1	pacheco_montealegre_2020_colombia__ASV000048	-0.34709589513437
pacheco_montealegre_2020_colombia	0.5	BactAnII000z2	pacheco_montealegre_2020_colombia__ASV000048	-0.564266866785286
pacheco_montealegre_2020_colombia	0.5	BactSaI036z2	pacheco_montealegre_2020_colombia__ASV000048	-1.25570151160221
pacheco_montealegre_2020_colombia	0.5	BactSaII048z1	pacheco_montealegre_2020_colombia__ASV000048	1.02034236940989
pacheco_montealegre_2020_colombia	0.5	BactSaI072z1	pacheco_montealegre_2020_colombia__ASV000048	-0.619596216456788
pacheco_montealegre_2020_colombia	0.5	BactAnI096z2	pacheco_montealegre_2020_colombia__ASV000048	-0.16523607858883
pacheco_montealegre_2020_colombia	0.5	BactAnI000z1	pacheco_montealegre_2020_colombia__ASV000049	-0.34709589513437
pacheco_montealegre_2020_colombia	0.5	BactAnII000z2	pacheco_montealegre_2020_colombia__ASV000049	3.36755876593904
pacheco_montealegre_2020_colombia	0.5	BactSaI036z2	pacheco_montealegre_2020_colombia__ASV000049	-1.25570151160221
pacheco_montealegre_2020_colombia	0.5	BactSaII048z1	pacheco_montealegre_2020_colombia__ASV000049	-2.69322969729441
pacheco_montealegre_2020_colombia	0.5	BactSaI072z1	pacheco_montealegre_2020_colombia__ASV000049	-0.619596216456788
pacheco_montealegre_2020_colombia	0.5	BactAnI096z2	pacheco_montealegre_2020_colombia__ASV000049	-0.16523607858883
pacheco_montealegre_2020_colombia	0.5	BactAnI000z1	pacheco_montealegre_2020_colombia__ASV000050	-0.34709589513437
pacheco_montealegre_2020_colombia	0.5	BactAnII000z2	pacheco_montealegre_2020_colombia__ASV000050	-0.564266866785286
pacheco_montealegre_2020_colombia	0.5	BactSaI036z2	pacheco_montealegre_2020_colombia__ASV000050	-1.25570151160221
pacheco_montealegre_2020_colombia	0.5	BactSaII048z1	pacheco_montealegre_2020_colombia__ASV000050	0.525646127573787
pacheco_montealegre_2020_colombia	0.5	BactSaI072z1	pacheco_montealegre_2020_colombia__ASV000050	-0.619596216456788
pacheco_montealegre_2020_colombia	0.5	BactAnI096z2	pacheco_montealegre_2020_colombia__ASV000050	-0.16523607858883
pacheco_montealegre_2020_colombia	0.5	BactAnI000z1	pacheco_montealegre_2020_colombia__ASV000051	-0.34709589513437
pacheco_montealegre_2020_colombia	0.5	BactAnII000z2	pacheco_montealegre_2020_colombia__ASV000051	-0.564266866785286
pacheco_montealegre_2020_colombia	0.5	BactSaI036z2	pacheco_montealegre_2020_colombia__ASV000051	-1.25570151160221
pacheco_montealegre_2020_colombia	0.5	BactSaII048z1	pacheco_montealegre_2020_colombia__ASV000051	0.0148205038077958
pacheco_montealegre_2020_colombia	0.5	BactSaI072z1	pacheco_montealegre_2020_colombia__ASV000051	-0.619596216456788
pacheco_montealegre_2020_colombia	0.5	BactAnI096z2	pacheco_montealegre_2020_colombia__ASV000051	-0.16523607858883
pacheco_montealegre_2020_colombia	0.5	BactAnI000z1	pacheco_montealegre_2020_colombia__ASV000052	-0.34709589513437
pacheco_montealegre_2020_colombia	0.5	BactAnII000z2	pacheco_montealegre_2020_colombia__ASV000052	-0.564266866785286
pacheco_montealegre_2020_colombia	0.5	BactSaI036z2	pacheco_montealegre_2020_colombia__ASV000052	-1.25570151160221
pacheco_montealegre_2020_colombia	0.5	BactSaII048z1	pacheco_montealegre_2020_colombia__ASV000052	1.94149929093522
pacheco_montealegre_2020_colombia	0.5	BactSaI072z1	pacheco_montealegre_2020_colombia__ASV000052	-0.619596216456788
pacheco_montealegre_2020_colombia	0.5	BactAnI096z2	pacheco_montealegre_2020_colombia__ASV000052	-0.16523607858883
pacheco_montealegre_2020_colombia	0.5	BactAnI000z1	pacheco_montealegre_2020_colombia__ASV000053	-0.34709589513437
pacheco_montealegre_2020_colombia	0.5	BactAnII000z2	pacheco_montealegre_2020_colombia__ASV000053	8.31129982520527
pacheco_montealegre_2020_colombia	0.5	BactSaI036z2	pacheco_montealegre_2020_colombia__ASV000053	-1.25570151160221
pacheco_montealegre_2020_colombia	0.5	BactSaII048z1	pacheco_montealegre_2020_colombia__ASV000053	4.14087904151942
pacheco_montealegre_2020_colombia	0.5	BactSaI072z1	pacheco_montealegre_2020_colombia__ASV000053	-0.619596216456788
pacheco_montealegre_2020_colombia	0.5	BactAnI096z2	pacheco_montealegre_2020_colombia__ASV000053	-0.16523607858883
pacheco_montealegre_2020_colombia	0.5	BactAnI000z1	pacheco_montealegre_2020_colombia__ASV000054	9.40562690551202
pacheco_montealegre_2020_colombia	0.5	BactAnII000z2	pacheco_montealegre_2020_colombia__ASV000054	9.3003239201209
pacheco_montealegre_2020_colombia	0.5	BactSaI036z2	pacheco_montealegre_2020_colombia__ASV000054	-1.25570151160221
pacheco_montealegre_2020_colombia	0.5	BactSaII048z1	pacheco_montealegre_2020_colombia__ASV000054	-2.69322969729441
pacheco_montealegre_2020_colombia	0.5	BactSaI072z1	pacheco_montealegre_2020_colombia__ASV000054	-0.619596216456788
pacheco_montealegre_2020_colombia	0.5	BactAnI096z2	pacheco_montealegre_2020_colombia__ASV000054	-0.16523607858883
pacheco_montealegre_2020_colombia	0.5	BactAnI000z1	pacheco_montealegre_2020_colombia__ASV000055	-0.34709589513437
pacheco_montealegre_2020_colombia	0.5	BactAnII000z2	pacheco_montealegre_2020_colombia__ASV000055	-0.564266866785286
pacheco_montealegre_2020_colombia	0.5	BactSaI036z2	pacheco_montealegre_2020_colombia__ASV000055	4.07701728166316
pacheco_montealegre_2020_colombia	0.5	BactSaII048z1	pacheco_montealegre_2020_colombia__ASV000055	-2.69322969729441
pacheco_montealegre_2020_colombia	0.5	BactSaI072z1	pacheco_montealegre_2020_colombia__ASV000055	-0.619596216456788
pacheco_montealegre_2020_colombia	0.5	BactAnI096z2	pacheco_montealegre_2020_colombia__ASV000055	-0.16523607858883
pacheco_montealegre_2020_colombia	0.5	BactAnI000z1	pacheco_montealegre_2020_colombia__ASV000056	-0.34709589513437
pacheco_montealegre_2020_colombia	0.5	BactAnII000z2	pacheco_montealegre_2020_colombia__ASV000056	-0.564266866785286
pacheco_montealegre_2020_colombia	0.5	BactSaI036z2	pacheco_montealegre_2020_colombia__ASV000056	-1.25570151160221
pacheco_montealegre_2020_colombia	0.5	BactSaII048z1	pacheco_montealegre_2020_colombia__ASV000056	1.23859593542991
pacheco_montealegre_2020_colombia	0.5	BactSaI072z1	pacheco_montealegre_2020_colombia__ASV000056	-0.619596216456788
pacheco_montealegre_2020_colombia	0.5	BactAnI096z2	pacheco_montealegre_2020_colombia__ASV000056	-0.16523607858883
pacheco_montealegre_2020_colombia	0.5	BactAnI000z1	pacheco_montealegre_2020_colombia__ASV000057	4.81769007878914
pacheco_montealegre_2020_colombia	0.5	BactAnII000z2	pacheco_montealegre_2020_colombia__ASV000057	-0.564266866785286
pacheco_montealegre_2020_colombia	0.5	BactSaI036z2	pacheco_montealegre_2020_colombia__ASV000057	-1.25570151160221
pacheco_montealegre_2020_colombia	0.5	BactSaII048z1	pacheco_montealegre_2020_colombia__ASV000057	-2.69322969729441
pacheco_montealegre_2020_colombia	0.5	BactSaI072z1	pacheco_montealegre_2020_colombia__ASV000057	-0.619596216456788
pacheco_montealegre_2020_colombia	0.5	BactAnI096z2	pacheco_montealegre_2020_colombia__ASV000057	-0.16523607858883
pacheco_montealegre_2020_colombia	0.5	BactAnI000z1	pacheco_montealegre_2020_colombia__ASV000058	-0.34709589513437
pacheco_montealegre_2020_colombia	0.5	BactAnII000z2	pacheco_montealegre_2020_colombia__ASV000058	5.90807942771561
pacheco_montealegre_2020_colombia	0.5	BactSaI036z2	pacheco_montealegre_2020_colombia__ASV000058	-1.25570151160221
pacheco_montealegre_2020_colombia	0.5	BactSaII048z1	pacheco_montealegre_2020_colombia__ASV000058	-2.69322969729441
pacheco_montealegre_2020_colombia	0.5	BactSaI072z1	pacheco_montealegre_2020_colombia__ASV000058	-0.619596216456788
pacheco_montealegre_2020_colombia	0.5	BactAnI096z2	pacheco_montealegre_2020_colombia__ASV000058	-0.16523607858883
pacheco_montealegre_2020_colombia	0.5	BactAnI000z1	pacheco_montealegre_2020_colombia__ASV000059	-0.34709589513437
pacheco_montealegre_2020_colombia	0.5	BactAnII000z2	pacheco_montealegre_2020_colombia__ASV000059	5.38376812239536
pacheco_montealegre_2020_colombia	0.5	BactSaI036z2	pacheco_montealegre_2020_colombia__ASV000059	-1.25570151160221
pacheco_montealegre_2020_colombia	0.5	BactSaII048z1	pacheco_montealegre_2020_colombia__ASV000059	-2.69322969729441
pacheco_montealegre_2020_colombia	0.5	BactSaI072z1	pacheco_montealegre_2020_colombia__ASV000059	-0.619596216456788
pacheco_montealegre_2020_colombia	0.5	BactAnI096z2	pacheco_montealegre_2020_colombia__ASV000059	-0.16523607858883
pacheco_montealegre_2020_colombia	0.5	BactAnI000z1	pacheco_montealegre_2020_colombia__ASV000060	-0.34709589513437
pacheco_montealegre_2020_colombia	0.5	BactAnII000z2	pacheco_montealegre_2020_colombia__ASV000060	-0.564266866785286
pacheco_montealegre_2020_colombia	0.5	BactSaI036z2	pacheco_montealegre_2020_colombia__ASV000060	-1.25570151160221
pacheco_montealegre_2020_colombia	0.5	BactSaII048z1	pacheco_montealegre_2020_colombia__ASV000060	1.6242584162419
pacheco_montealegre_2020_colombia	0.5	BactSaI072z1	pacheco_montealegre_2020_colombia__ASV000060	-0.619596216456788
pacheco_montealegre_2020_colombia	0.5	BactAnI096z2	pacheco_montealegre_2020_colombia__ASV000060	-0.16523607858883
pacheco_montealegre_2020_colombia	0.5	BactAnI000z1	pacheco_montealegre_2020_colombia__ASV000061	-0.34709589513437
pacheco_montealegre_2020_colombia	0.5	BactAnII000z2	pacheco_montealegre_2020_colombia__ASV000061	-0.564266866785286
pacheco_montealegre_2020_colombia	0.5	BactSaI036z2	pacheco_montealegre_2020_colombia__ASV000061	2.24080604986427
pacheco_montealegre_2020_colombia	0.5	BactSaII048z1	pacheco_montealegre_2020_colombia__ASV000061	-2.69322969729441
pacheco_montealegre_2020_colombia	0.5	BactSaI072z1	pacheco_montealegre_2020_colombia__ASV000061	-0.619596216456788
pacheco_montealegre_2020_colombia	0.5	BactAnI096z2	pacheco_montealegre_2020_colombia__ASV000061	-0.16523607858883
pacheco_montealegre_2020_colombia	0.5	BactAnI000z1	pacheco_montealegre_2020_colombia__ASV000062	-0.34709589513437
pacheco_montealegre_2020_colombia	0.5	BactAnII000z2	pacheco_montealegre_2020_colombia__ASV000062	-0.564266866785286
pacheco_montealegre_2020_colombia	0.5	BactSaI036z2	pacheco_montealegre_2020_colombia__ASV000062	-1.25570151160221
pacheco_montealegre_2020_colombia	0.5	BactSaII048z1	pacheco_montealegre_2020_colombia__ASV000062	1.7494215591959
pacheco_montealegre_2020_colombia	0.5	BactSaI072z1	pacheco_montealegre_2020_colombia__ASV000062	-0.619596216456788
pacheco_montealegre_2020_colombia	0.5	BactAnI096z2	pacheco_montealegre_2020_colombia__ASV000062	-0.16523607858883
pacheco_montealegre_2020_colombia	0.5	BactAnI000z1	pacheco_montealegre_2020_colombia__ASV000063	-0.34709589513437
pacheco_montealegre_2020_colombia	0.5	BactAnII000z2	pacheco_montealegre_2020_colombia__ASV000063	-0.564266866785286
pacheco_montealegre_2020_colombia	0.5	BactSaI036z2	pacheco_montealegre_2020_colombia__ASV000063	-1.25570151160221
pacheco_montealegre_2020_colombia	0.5	BactSaII048z1	pacheco_montealegre_2020_colombia__ASV000063	0.970331948835232
pacheco_montealegre_2020_colombia	0.5	BactSaI072z1	pacheco_montealegre_2020_colombia__ASV000063	-0.619596216456788
pacheco_montealegre_2020_colombia	0.5	BactAnI096z2	pacheco_montealegre_2020_colombia__ASV000063	-0.16523607858883
pacheco_montealegre_2020_colombia	0.5	BactAnI000z1	pacheco_montealegre_2020_colombia__ASV000064	-0.34709589513437
pacheco_montealegre_2020_colombia	0.5	BactAnII000z2	pacheco_montealegre_2020_colombia__ASV000064	-0.564266866785286
pacheco_montealegre_2020_colombia	0.5	BactSaI036z2	pacheco_montealegre_2020_colombia__ASV000064	-1.25570151160221
pacheco_montealegre_2020_colombia	0.5	BactSaII048z1	pacheco_montealegre_2020_colombia__ASV000064	1.34982157054014
pacheco_montealegre_2020_colombia	0.5	BactSaI072z1	pacheco_montealegre_2020_colombia__ASV000064	-0.619596216456788
pacheco_montealegre_2020_colombia	0.5	BactAnI096z2	pacheco_montealegre_2020_colombia__ASV000064	-0.16523607858883
pacheco_montealegre_2020_colombia	0.5	BactAnI000z1	pacheco_montealegre_2020_colombia__ASV000065	-0.34709589513437
pacheco_montealegre_2020_colombia	0.5	BactAnII000z2	pacheco_montealegre_2020_colombia__ASV000065	-0.564266866785286
pacheco_montealegre_2020_colombia	0.5	BactSaI036z2	pacheco_montealegre_2020_colombia__ASV000065	-1.25570151160221
pacheco_montealegre_2020_colombia	0.5	BactSaII048z1	pacheco_montealegre_2020_colombia__ASV000065	-2.69322969729441
pacheco_montealegre_2020_colombia	0.5	BactSaI072z1	pacheco_montealegre_2020_colombia__ASV000065	3.74985163601023
pacheco_montealegre_2020_colombia	0.5	BactAnI096z2	pacheco_montealegre_2020_colombia__ASV000065	-0.16523607858883
pacheco_montealegre_2020_colombia	0.5	BactAnI000z1	pacheco_montealegre_2020_colombia__ASV000066	-0.34709589513437
pacheco_montealegre_2020_colombia	0.5	BactAnII000z2	pacheco_montealegre_2020_colombia__ASV000066	-0.564266866785286
pacheco_montealegre_2020_colombia	0.5	BactSaI036z2	pacheco_montealegre_2020_colombia__ASV000066	-1.25570151160221
pacheco_montealegre_2020_colombia	0.5	BactSaII048z1	pacheco_montealegre_2020_colombia__ASV000066	3.233696328676
pacheco_montealegre_2020_colombia	0.5	BactSaI072z1	pacheco_montealegre_2020_colombia__ASV000066	-0.619596216456788
pacheco_montealegre_2020_colombia	0.5	BactAnI096z2	pacheco_montealegre_2020_colombia__ASV000066	-0.16523607858883
pacheco_montealegre_2020_colombia	0.5	BactAnI000z1	pacheco_montealegre_2020_colombia__ASV000067	-0.34709589513437
pacheco_montealegre_2020_colombia	0.5	BactAnII000z2	pacheco_montealegre_2020_colombia__ASV000067	-0.564266866785286
pacheco_montealegre_2020_colombia	0.5	BactSaI036z2	pacheco_montealegre_2020_colombia__ASV000067	-1.25570151160221
pacheco_montealegre_2020_colombia	0.5	BactSaII048z1	pacheco_montealegre_2020_colombia__ASV000067	2.61007521076466
pacheco_montealegre_2020_colombia	0.5	BactSaI072z1	pacheco_montealegre_2020_colombia__ASV000067	-0.619596216456788
pacheco_montealegre_2020_colombia	0.5	BactAnI096z2	pacheco_montealegre_2020_colombia__ASV000067	-0.16523607858883
pacheco_montealegre_2020_colombia	0.5	BactAnI000z1	pacheco_montealegre_2020_colombia__ASV000068	-0.34709589513437
pacheco_montealegre_2020_colombia	0.5	BactAnII000z2	pacheco_montealegre_2020_colombia__ASV000068	-0.564266866785286
pacheco_montealegre_2020_colombia	0.5	BactSaI036z2	pacheco_montealegre_2020_colombia__ASV000068	-1.25570151160221
pacheco_montealegre_2020_colombia	0.5	BactSaII048z1	pacheco_montealegre_2020_colombia__ASV000068	0.862118364195
pacheco_montealegre_2020_colombia	0.5	BactSaI072z1	pacheco_montealegre_2020_colombia__ASV000068	-0.619596216456788
pacheco_montealegre_2020_colombia	0.5	BactAnI096z2	pacheco_montealegre_2020_colombia__ASV000068	-0.16523607858883
pacheco_montealegre_2020_colombia	0.5	BactAnI000z1	pacheco_montealegre_2020_colombia__ASV000069	-0.34709589513437
pacheco_montealegre_2020_colombia	0.5	BactAnII000z2	pacheco_montealegre_2020_colombia__ASV000069	-0.564266866785286
pacheco_montealegre_2020_colombia	0.5	BactSaI036z2	pacheco_montealegre_2020_colombia__ASV000069	-1.25570151160221
pacheco_montealegre_2020_colombia	0.5	BactSaII048z1	pacheco_montealegre_2020_colombia__ASV000069	5.36414779126358
pacheco_montealegre_2020_colombia	0.5	BactSaI072z1	pacheco_montealegre_2020_colombia__ASV000069	-0.619596216456788
pacheco_montealegre_2020_colombia	0.5	BactAnI096z2	pacheco_montealegre_2020_colombia__ASV000069	-0.16523607858883
pacheco_montealegre_2020_colombia	0.5	BactAnI000z1	pacheco_montealegre_2020_colombia__ASV000070	-0.34709589513437
pacheco_montealegre_2020_colombia	0.5	BactAnII000z2	pacheco_montealegre_2020_colombia__ASV000070	-0.564266866785286
pacheco_montealegre_2020_colombia	0.5	BactSaI036z2	pacheco_montealegre_2020_colombia__ASV000070	3.86229230081455
pacheco_montealegre_2020_colombia	0.5	BactSaII048z1	pacheco_montealegre_2020_colombia__ASV000070	-2.69322969729441
pacheco_montealegre_2020_colombia	0.5	BactSaI072z1	pacheco_montealegre_2020_colombia__ASV000070	-0.619596216456788
pacheco_montealegre_2020_colombia	0.5	BactAnI096z2	pacheco_montealegre_2020_colombia__ASV000070	-0.16523607858883
pacheco_montealegre_2020_colombia	0.5	BactAnI000z1	pacheco_montealegre_2020_colombia__ASV000071	-0.34709589513437
pacheco_montealegre_2020_colombia	0.5	BactAnII000z2	pacheco_montealegre_2020_colombia__ASV000071	-0.564266866785286
pacheco_montealegre_2020_colombia	0.5	BactSaI036z2	pacheco_montealegre_2020_colombia__ASV000071	3.13874764307023
pacheco_montealegre_2020_colombia	0.5	BactSaII048z1	pacheco_montealegre_2020_colombia__ASV000071	3.43582051276613
pacheco_montealegre_2020_colombia	0.5	BactSaI072z1	pacheco_montealegre_2020_colombia__ASV000071	-0.619596216456788
pacheco_montealegre_2020_colombia	0.5	BactAnI096z2	pacheco_montealegre_2020_colombia__ASV000071	-0.16523607858883
pacheco_montealegre_2020_colombia	0.5	BactAnI000z1	pacheco_montealegre_2020_colombia__ASV000072	6.48485767043149
pacheco_montealegre_2020_colombia	0.5	BactAnII000z2	pacheco_montealegre_2020_colombia__ASV000072	-0.564266866785286
pacheco_montealegre_2020_colombia	0.5	BactSaI036z2	pacheco_montealegre_2020_colombia__ASV000072	-1.25570151160221
pacheco_montealegre_2020_colombia	0.5	BactSaII048z1	pacheco_montealegre_2020_colombia__ASV000072	-2.69322969729441
pacheco_montealegre_2020_colombia	0.5	BactSaI072z1	pacheco_montealegre_2020_colombia__ASV000072	-0.619596216456788
pacheco_montealegre_2020_colombia	0.5	BactAnI096z2	pacheco_montealegre_2020_colombia__ASV000072	-0.16523607858883
pacheco_montealegre_2020_colombia	0.5	BactAnI000z1	pacheco_montealegre_2020_colombia__ASV000073	-0.34709589513437
pacheco_montealegre_2020_colombia	0.5	BactAnII000z2	pacheco_montealegre_2020_colombia__ASV000073	-0.564266866785286
pacheco_montealegre_2020_colombia	0.5	BactSaI036z2	pacheco_montealegre_2020_colombia__ASV000073	-1.25570151160221
pacheco_montealegre_2020_colombia	0.5	BactSaII048z1	pacheco_montealegre_2020_colombia__ASV000073	3.61486874421512
pacheco_montealegre_2020_colombia	0.5	BactSaI072z1	pacheco_montealegre_2020_colombia__ASV000073	-0.619596216456788
pacheco_montealegre_2020_colombia	0.5	BactAnI096z2	pacheco_montealegre_2020_colombia__ASV000073	-0.16523607858883
pacheco_montealegre_2020_colombia	0.5	BactAnI000z1	pacheco_montealegre_2020_colombia__ASV000074	4.73430846985009
pacheco_montealegre_2020_colombia	0.5	BactAnII000z2	pacheco_montealegre_2020_colombia__ASV000074	-0.564266866785286
pacheco_montealegre_2020_colombia	0.5	BactSaI036z2	pacheco_montealegre_2020_colombia__ASV000074	-1.25570151160221
pacheco_montealegre_2020_colombia	0.5	BactSaII048z1	pacheco_montealegre_2020_colombia__ASV000074	-2.69322969729441
pacheco_montealegre_2020_colombia	0.5	BactSaI072z1	pacheco_montealegre_2020_colombia__ASV000074	-0.619596216456788
pacheco_montealegre_2020_colombia	0.5	BactAnI096z2	pacheco_montealegre_2020_colombia__ASV000074	-0.16523607858883
pacheco_montealegre_2020_colombia	0.5	BactAnI000z1	pacheco_montealegre_2020_colombia__ASV000075	-0.34709589513437
pacheco_montealegre_2020_colombia	0.5	BactAnII000z2	pacheco_montealegre_2020_colombia__ASV000075	-0.564266866785286
pacheco_montealegre_2020_colombia	0.5	BactSaI036z2	pacheco_montealegre_2020_colombia__ASV000075	-1.25570151160221
pacheco_montealegre_2020_colombia	0.5	BactSaII048z1	pacheco_montealegre_2020_colombia__ASV000075	0.91768821534981
pacheco_montealegre_2020_colombia	0.5	BactSaI072z1	pacheco_montealegre_2020_colombia__ASV000075	-0.619596216456788
pacheco_montealegre_2020_colombia	0.5	BactAnI096z2	pacheco_montealegre_2020_colombia__ASV000075	-0.16523607858883
pacheco_montealegre_2020_colombia	0.5	BactAnI000z1	pacheco_montealegre_2020_colombia__ASV000076	-0.34709589513437
pacheco_montealegre_2020_colombia	0.5	BactAnII000z2	pacheco_montealegre_2020_colombia__ASV000076	-0.564266866785286
pacheco_montealegre_2020_colombia	0.5	BactSaI036z2	pacheco_montealegre_2020_colombia__ASV000076	-1.25570151160221
pacheco_montealegre_2020_colombia	0.5	BactSaII048z1	pacheco_montealegre_2020_colombia__ASV000076	0.351292740429009
pacheco_montealegre_2020_colombia	0.5	BactSaI072z1	pacheco_montealegre_2020_colombia__ASV000076	-0.619596216456788
pacheco_montealegre_2020_colombia	0.5	BactAnI096z2	pacheco_montealegre_2020_colombia__ASV000076	-0.16523607858883
pacheco_montealegre_2020_colombia	0.5	BactAnI000z1	pacheco_montealegre_2020_colombia__ASV000077	-0.34709589513437
pacheco_montealegre_2020_colombia	0.5	BactAnII000z2	pacheco_montealegre_2020_colombia__ASV000077	-0.564266866785286
pacheco_montealegre_2020_colombia	0.5	BactSaI036z2	pacheco_montealegre_2020_colombia__ASV000077	4.32402831438401
pacheco_montealegre_2020_colombia	0.5	BactSaII048z1	pacheco_montealegre_2020_colombia__ASV000077	-2.69322969729441
pacheco_montealegre_2020_colombia	0.5	BactSaI072z1	pacheco_montealegre_2020_colombia__ASV000077	-0.619596216456788
pacheco_montealegre_2020_colombia	0.5	BactAnI096z2	pacheco_montealegre_2020_colombia__ASV000077	-0.16523607858883
pacheco_montealegre_2020_colombia	0.5	BactAnI000z1	pacheco_montealegre_2020_colombia__ASV000078	-0.34709589513437
pacheco_montealegre_2020_colombia	0.5	BactAnII000z2	pacheco_montealegre_2020_colombia__ASV000078	-0.564266866785286
pacheco_montealegre_2020_colombia	0.5	BactSaI036z2	pacheco_montealegre_2020_colombia__ASV000078	-1.25570151160221
pacheco_montealegre_2020_colombia	0.5	BactSaII048z1	pacheco_montealegre_2020_colombia__ASV000078	-2.69322969729441
pacheco_montealegre_2020_colombia	0.5	BactSaI072z1	pacheco_montealegre_2020_colombia__ASV000078	2.81439098802836
pacheco_montealegre_2020_colombia	0.5	BactAnI096z2	pacheco_montealegre_2020_colombia__ASV000078	-0.16523607858883
pacheco_montealegre_2020_colombia	0.5	BactAnI000z1	pacheco_montealegre_2020_colombia__ASV000079	-0.34709589513437
pacheco_montealegre_2020_colombia	0.5	BactAnII000z2	pacheco_montealegre_2020_colombia__ASV000079	-0.564266866785286
pacheco_montealegre_2020_colombia	0.5	BactSaI036z2	pacheco_montealegre_2020_colombia__ASV000079	-1.25570151160221
pacheco_montealegre_2020_colombia	0.5	BactSaII048z1	pacheco_montealegre_2020_colombia__ASV000079	4.9776651340677
pacheco_montealegre_2020_colombia	0.5	BactSaI072z1	pacheco_montealegre_2020_colombia__ASV000079	-0.619596216456788
pacheco_montealegre_2020_colombia	0.5	BactAnI096z2	pacheco_montealegre_2020_colombia__ASV000079	-0.16523607858883
pacheco_montealegre_2020_colombia	0.5	BactAnI000z1	pacheco_montealegre_2020_colombia__ASV000080	-0.34709589513437
pacheco_montealegre_2020_colombia	0.5	BactAnII000z2	pacheco_montealegre_2020_colombia__ASV000080	-0.564266866785286
pacheco_montealegre_2020_colombia	0.5	BactSaI036z2	pacheco_montealegre_2020_colombia__ASV000080	3.4171273228597
pacheco_montealegre_2020_colombia	0.5	BactSaII048z1	pacheco_montealegre_2020_colombia__ASV000080	-2.69322969729441
pacheco_montealegre_2020_colombia	0.5	BactSaI072z1	pacheco_montealegre_2020_colombia__ASV000080	-0.619596216456788
pacheco_montealegre_2020_colombia	0.5	BactAnI096z2	pacheco_montealegre_2020_colombia__ASV000080	-0.16523607858883
pacheco_montealegre_2020_colombia	0.5	BactAnI000z1	pacheco_montealegre_2020_colombia__ASV000081	-0.34709589513437
pacheco_montealegre_2020_colombia	0.5	BactAnII000z2	pacheco_montealegre_2020_colombia__ASV000081	-0.564266866785286
pacheco_montealegre_2020_colombia	0.5	BactSaI036z2	pacheco_montealegre_2020_colombia__ASV000081	-1.25570151160221
pacheco_montealegre_2020_colombia	0.5	BactSaII048z1	pacheco_montealegre_2020_colombia__ASV000081	2.92354140037216
pacheco_montealegre_2020_colombia	0.5	BactSaI072z1	pacheco_montealegre_2020_colombia__ASV000081	-0.619596216456788
pacheco_montealegre_2020_colombia	0.5	BactAnI096z2	pacheco_montealegre_2020_colombia__ASV000081	-0.16523607858883
pacheco_montealegre_2020_colombia	0.5	BactAnI000z1	pacheco_montealegre_2020_colombia__ASV000082	-0.34709589513437
pacheco_montealegre_2020_colombia	0.5	BactAnII000z2	pacheco_montealegre_2020_colombia__ASV000082	-0.564266866785286
pacheco_montealegre_2020_colombia	0.5	BactSaI036z2	pacheco_montealegre_2020_colombia__ASV000082	-1.25570151160221
pacheco_montealegre_2020_colombia	0.5	BactSaII048z1	pacheco_montealegre_2020_colombia__ASV000082	0.442264518634735
pacheco_montealegre_2020_colombia	0.5	BactSaI072z1	pacheco_montealegre_2020_colombia__ASV000082	-0.619596216456788
pacheco_montealegre_2020_colombia	0.5	BactAnI096z2	pacheco_montealegre_2020_colombia__ASV000082	-0.16523607858883
pacheco_montealegre_2020_colombia	0.5	BactAnI000z1	pacheco_montealegre_2020_colombia__ASV000083	-0.34709589513437
pacheco_montealegre_2020_colombia	0.5	BactAnII000z2	pacheco_montealegre_2020_colombia__ASV000083	-0.564266866785286
pacheco_montealegre_2020_colombia	0.5	BactSaI036z2	pacheco_montealegre_2020_colombia__ASV000083	3.61949581159894
pacheco_montealegre_2020_colombia	0.5	BactSaII048z1	pacheco_montealegre_2020_colombia__ASV000083	-2.69322969729441
pacheco_montealegre_2020_colombia	0.5	BactSaI072z1	pacheco_montealegre_2020_colombia__ASV000083	-0.619596216456788
pacheco_montealegre_2020_colombia	0.5	BactAnI096z2	pacheco_montealegre_2020_colombia__ASV000083	-0.16523607858883
pacheco_montealegre_2020_colombia	0.5	BactAnI000z1	pacheco_montealegre_2020_colombia__ASV000084	-0.34709589513437
pacheco_montealegre_2020_colombia	0.5	BactAnII000z2	pacheco_montealegre_2020_colombia__ASV000084	-0.564266866785286
pacheco_montealegre_2020_colombia	0.5	BactSaI036z2	pacheco_montealegre_2020_colombia__ASV000084	-1.25570151160221
pacheco_montealegre_2020_colombia	0.5	BactSaII048z1	pacheco_montealegre_2020_colombia__ASV000084	-2.69322969729441
pacheco_montealegre_2020_colombia	0.5	BactSaI072z1	pacheco_montealegre_2020_colombia__ASV000084	-0.619596216456788
pacheco_montealegre_2020_colombia	0.5	BactAnI096z2	pacheco_montealegre_2020_colombia__ASV000084	3.94563778558448
pacheco_montealegre_2020_colombia	0.5	BactAnI000z1	pacheco_montealegre_2020_colombia__ASV000085	-0.34709589513437
pacheco_montealegre_2020_colombia	0.5	BactAnII000z2	pacheco_montealegre_2020_colombia__ASV000085	-0.564266866785286
pacheco_montealegre_2020_colombia	0.5	BactSaI036z2	pacheco_montealegre_2020_colombia__ASV000085	2.94899110778876
pacheco_montealegre_2020_colombia	0.5	BactSaII048z1	pacheco_montealegre_2020_colombia__ASV000085	-2.69322969729441
pacheco_montealegre_2020_colombia	0.5	BactSaI072z1	pacheco_montealegre_2020_colombia__ASV000085	-0.619596216456788
pacheco_montealegre_2020_colombia	0.5	BactAnI096z2	pacheco_montealegre_2020_colombia__ASV000085	-0.16523607858883
pacheco_montealegre_2020_colombia	0.5	BactAnI000z1	pacheco_montealegre_2020_colombia__ASV000086	-0.34709589513437
pacheco_montealegre_2020_colombia	0.5	BactAnII000z2	pacheco_montealegre_2020_colombia__ASV000086	-0.564266866785286
pacheco_montealegre_2020_colombia	0.5	BactSaI036z2	pacheco_montealegre_2020_colombia__ASV000086	-1.25570151160221
pacheco_montealegre_2020_colombia	0.5	BactSaII048z1	pacheco_montealegre_2020_colombia__ASV000086	2.92354140037216
pacheco_montealegre_2020_colombia	0.5	BactSaI072z1	pacheco_montealegre_2020_colombia__ASV000086	-0.619596216456788
pacheco_montealegre_2020_colombia	0.5	BactAnI096z2	pacheco_montealegre_2020_colombia__ASV000086	-0.16523607858883
pacheco_montealegre_2020_colombia	0.5	BactAnI000z1	pacheco_montealegre_2020_colombia__ASV000087	-0.34709589513437
pacheco_montealegre_2020_colombia	0.5	BactAnII000z2	pacheco_montealegre_2020_colombia__ASV000087	-0.564266866785286
pacheco_montealegre_2020_colombia	0.5	BactSaI036z2	pacheco_montealegre_2020_colombia__ASV000087	4.18671619891958
pacheco_montealegre_2020_colombia	0.5	BactSaII048z1	pacheco_montealegre_2020_colombia__ASV000087	-2.69322969729441
pacheco_montealegre_2020_colombia	0.5	BactSaI072z1	pacheco_montealegre_2020_colombia__ASV000087	-0.619596216456788
pacheco_montealegre_2020_colombia	0.5	BactAnI096z2	pacheco_montealegre_2020_colombia__ASV000087	-0.16523607858883
pacheco_montealegre_2020_colombia	0.5	BactAnI000z1	pacheco_montealegre_2020_colombia__ASV000088	-0.34709589513437
pacheco_montealegre_2020_colombia	0.5	BactAnII000z2	pacheco_montealegre_2020_colombia__ASV000088	-0.564266866785286
pacheco_montealegre_2020_colombia	0.5	BactSaI036z2	pacheco_montealegre_2020_colombia__ASV000088	-1.25570151160221
pacheco_montealegre_2020_colombia	0.5	BactSaII048z1	pacheco_montealegre_2020_colombia__ASV000088	2.82422319917029
pacheco_montealegre_2020_colombia	0.5	BactSaI072z1	pacheco_montealegre_2020_colombia__ASV000088	-0.619596216456788
pacheco_montealegre_2020_colombia	0.5	BactAnI096z2	pacheco_montealegre_2020_colombia__ASV000088	-0.16523607858883
pacheco_montealegre_2020_colombia	0.5	BactAnI000z1	pacheco_montealegre_2020_colombia__ASV000089	-0.34709589513437
pacheco_montealegre_2020_colombia	0.5	BactAnII000z2	pacheco_montealegre_2020_colombia__ASV000089	2.38017211238116
pacheco_montealegre_2020_colombia	0.5	BactSaI036z2	pacheco_montealegre_2020_colombia__ASV000089	-1.25570151160221
pacheco_montealegre_2020_colombia	0.5	BactSaII048z1	pacheco_montealegre_2020_colombia__ASV000089	-2.69322969729441
pacheco_montealegre_2020_colombia	0.5	BactSaI072z1	pacheco_montealegre_2020_colombia__ASV000089	-0.619596216456788
pacheco_montealegre_2020_colombia	0.5	BactAnI096z2	pacheco_montealegre_2020_colombia__ASV000089	-0.16523607858883
pacheco_montealegre_2020_colombia	0.5	BactAnI000z1	pacheco_montealegre_2020_colombia__ASV000090	-0.34709589513437
pacheco_montealegre_2020_colombia	0.5	BactAnII000z2	pacheco_montealegre_2020_colombia__ASV000090	-0.564266866785286
pacheco_montealegre_2020_colombia	0.5	BactSaI036z2	pacheco_montealegre_2020_colombia__ASV000090	-1.25570151160221
pacheco_montealegre_2020_colombia	0.5	BactSaII048z1	pacheco_montealegre_2020_colombia__ASV000090	3.40034007275072
pacheco_montealegre_2020_colombia	0.5	BactSaI072z1	pacheco_montealegre_2020_colombia__ASV000090	-0.619596216456788
pacheco_montealegre_2020_colombia	0.5	BactAnI096z2	pacheco_montealegre_2020_colombia__ASV000090	-0.16523607858883
pacheco_montealegre_2020_colombia	0.5	BactAnI000z1	pacheco_montealegre_2020_colombia__ASV000091	-0.34709589513437
pacheco_montealegre_2020_colombia	0.5	BactAnII000z2	pacheco_montealegre_2020_colombia__ASV000091	-0.564266866785286
pacheco_montealegre_2020_colombia	0.5	BactSaI036z2	pacheco_montealegre_2020_colombia__ASV000091	2.35521640104201
pacheco_montealegre_2020_colombia	0.5	BactSaII048z1	pacheco_montealegre_2020_colombia__ASV000091	-2.69322969729441
pacheco_montealegre_2020_colombia	0.5	BactSaI072z1	pacheco_montealegre_2020_colombia__ASV000091	-0.619596216456788
pacheco_montealegre_2020_colombia	0.5	BactAnI096z2	pacheco_montealegre_2020_colombia__ASV000091	-0.16523607858883
pacheco_montealegre_2020_colombia	0.5	BactAnI000z1	pacheco_montealegre_2020_colombia__ASV000092	-0.34709589513437
pacheco_montealegre_2020_colombia	0.5	BactAnII000z2	pacheco_montealegre_2020_colombia__ASV000092	-0.564266866785286
pacheco_montealegre_2020_colombia	0.5	BactSaI036z2	pacheco_montealegre_2020_colombia__ASV000092	3.23293485812993
pacheco_montealegre_2020_colombia	0.5	BactSaII048z1	pacheco_montealegre_2020_colombia__ASV000092	-2.69322969729441
pacheco_montealegre_2020_colombia	0.5	BactSaI072z1	pacheco_montealegre_2020_colombia__ASV000092	-0.619596216456788
pacheco_montealegre_2020_colombia	0.5	BactAnI096z2	pacheco_montealegre_2020_colombia__ASV000092	-0.16523607858883
pacheco_montealegre_2020_colombia	0.5	BactAnI000z1	pacheco_montealegre_2020_colombia__ASV000093	-0.34709589513437
pacheco_montealegre_2020_colombia	0.5	BactAnII000z2	pacheco_montealegre_2020_colombia__ASV000093	-0.564266866785286
pacheco_montealegre_2020_colombia	0.5	BactSaI036z2	pacheco_montealegre_2020_colombia__ASV000093	-1.25570151160221
pacheco_montealegre_2020_colombia	0.5	BactSaII048z1	pacheco_montealegre_2020_colombia__ASV000093	0.525646127573787
pacheco_montealegre_2020_colombia	0.5	BactSaI072z1	pacheco_montealegre_2020_colombia__ASV000093	-0.619596216456788
pacheco_montealegre_2020_colombia	0.5	BactAnI096z2	pacheco_montealegre_2020_colombia__ASV000093	-0.16523607858883
